42 1 4 243 1 148 Presence 1528
39 0 1 309 0 145 Absence 8015
77 0 2 339 1 103 Presence 2309
52 0 4 267 2 187 Absence 669
32 1 4 173 2 107 Presence 3714
76 1 2 307 1 95 Absence 4028
30 0 4 285 1 86 Presence 9456
54 0 1 205 2 176 Absence 761
75 0 2 157 0 86 Absence 146
35 1 3 227 1 177 Absence 8263
52 0 3 129 2 180 Presence 3453
42 0 1 206 0 175 Absence 2892
59 0 4 329 2 96 Presence 7630
57 1 3 267 1 110 Absence 5340
76 1 1 128 1 210 Presence 7623
66 0 1 205 2 172 Presence 2925
35 1 4 303 1 172 Absence 3213
61 1 4 200 0 179 Absence 7587
27 0 2 214 0 199 Absence 6849
68 1 1 314 1 81 Absence 8646
45 1 4 217 0 201 Presence 2747
76 1 4 289 0 86 Absence 9545
54 0 4 271 1 129 Absence 2938
49 0 1 259 2 128 Absence 6995
58 1 1 328 1 78 Presence 4143
74 0 1 349 1 193 Absence 5104
63 0 1 151 0 157 Absence 3768
49 1 2 151 0 197 Presence 8594
78 1 1 140 1 162 Presence 411
46 1 2 146 0 112 Absence 6129
70 1 4 281 1 87 Absence 4595
54 0 2 208 0 144 Absence 6171
75 1 4 293 1 155 Presence 8306
35 0 4 314 2 144 Presence 4252
52 0 1 187 1 174 Absence 9658
79 1 2 334 2 175 Presence 1905
31 1 3 121 0 126 Presence 3775
67 1 4 141 0 204 Presence 9965
33 1 3 346 1 160 Presence 4936
43 0 2 320 0 210 Absence 9398
43 1 2 346 2 183 Absence 6079
68 0 2 124 2 193 Absence 2954
49 1 2 305 0 111 Presence 1926
79 1 3 261 1 161 Presence 7696
74 1 4 272 2 128 Absence 1699
72 0 2 218 0 167 Presence 8647
47 1 2 213 2 72 Absence 6700
67 1 2 179 2 118 Absence 6458
41 0 4 287 0 160 Presence 7680
65 1 3 161 2 175 Absence 8759
68 1 1 284 0 172 Presence 7546
46 1 4 144 2 70 Absence 6177
42 1 3 121 1 140 Absence 397
52 0 1 308 0 144 Absence 8384
52 1 3 182 0 148 Absence 4150
61 1 4 213 0 113 Absence 4196
74 0 1 292 0 86 Absence 2928
41 0 4 268 0 128 Absence 3488
26 1 1 341 2 179 Presence 5939
39 1 2 140 1 149 Presence 181
65 0 1 268 1 92 Presence 3082
59 0 4 260 2 210 Presence 537
56 0 1 260 2 95 Absence 9159
43 1 4 226 2 208 Presence 1347
30 1 2 347 2 164 Absence 7417
49 0 4 306 1 177 Presence 1855
78 1 2 177 0 104 Presence 9552
40 0 3 203 0 119 Absence 4750
26 0 3 138 2 152 Absence 5337
38 1 1 149 1 123 Presence 5132
33 0 1 303 1 174 Presence 4597
46 1 2 124 2 174 Absence 4100
63 0 3 167 1 71 Absence 741
55 1 4 270 0 85 Absence 1867
28 1 1 288 1 105 Presence 3283
39 0 4 246 1 153 Presence 7370
72 0 3 234 1 164 Absence 9094
61 1 2 167 2 109 Presence 8674
42 1 3 241 2 190 Absence 4620
44 1 1 189 0 70 Presence 9387
72 1 1 211 2 76 Presence 7481
68 1 1 258 1 171 Absence 4112
65 1 2 252 2 151 Absence 1369
33 1 2 202 2 182 Presence 7140
32 1 4 168 0 170 Presence 7178
41 0 4 184 1 155 Absence 3953
49 0 4 262 2 113 Absence 9506
42 1 2 145 1 132 Absence 5038
44 0 2 202 1 137 Absence 6210
54 1 3 277 1 94 Absence 4814
79 1 2 253 0 158 Absence 468
65 1 2 228 2 195 Presence 7065
61 1 2 189 2 83 Presence 602
59 1 4 228 2 99 Presence 4525
67 1 1 334 2 168 Presence 8722
65 1 1 269 1 100 Presence 7454
75 1 1 244 2 140 Absence 5202
79 0 1 263 2 139 Absence 2851
59 1 2 300 1 124 Absence 3600
30 0 4 158 1 129 Presence 8059
37 1 2 264 0 134 Presence 9793
50 0 2 261 2 201 Presence 3616
54 1 4 289 1 205 Absence 5082
59 1 2 120 0 75 Absence 6723
76 1 3 349 1 197 Presence 1873
62 0 3 181 2 156 Absence 9969
47 1 1 345 1 129 Absence 1568
30 0 3 325 1 96 Absence 2490
27 0 2 318 2 167 Absence 6094
51 1 3 307 1 208 Presence 2331
38 1 2 268 2 202 Presence 7145
46 1 2 288 0 177 Presence 3004
67 1 1 161 2 120 Presence 5539
46 1 4 247 0 159 Presence 7676
74 1 2 319 0 116 Absence 8786
64 1 3 156 0 205 Absence 6763
47 0 1 338 1 119 Absence 7029
59 1 3 123 0 126 Absence 693
63 0 1 187 1 81 Presence 4664
42 1 3 232 0 124 Presence 6167
49 0 3 220 1 160 Presence 7930
35 0 4 271 0 177 Presence 1094
52 1 1 264 2 81 Presence 3610
45 0 1 332 1 134 Presence 1219
76 0 1 313 0 102 Presence 535
38 1 4 267 0 140 Absence 6207
66 0 4 142 2 128 Presence 2517
74 1 1 230 2 149 Presence 7567
45 0 2 342 2 166 Absence 5510
28 0 4 214 2 114 Presence 2729
37 0 1 339 2 122 Presence 1511
41 1 1 208 0 160 Absence 6736
67 1 2 166 0 123 Presence 194
38 0 2 262 0 113 Absence 997
73 1 2 321 1 120 Absence 8983
27 0 1 313 1 161 Presence 4357
66 1 3 139 1 191 Absence 5154
54 1 3 163 1 203 Absence 288
76 0 4 152 0 82 Presence 443
27 0 2 239 0 117 Presence 7605
75 1 4 329 1 140 Presence 1489
40 1 2 323 0 86 Absence 867
49 0 4 154 0 171 Presence 5434
45 0 4 307 2 161 Absence 9907
60 1 3 283 1 105 Presence 112
73 1 1 286 1 159 Absence 3766
69 1 2 217 0 112 Absence 6886
47 0 1 125 1 116 Presence 2248
57 0 3 184 2 156 Absence 7471
79 0 1 345 1 133 Absence 3070
30 1 2 312 1 156 Absence 9752
49 0 4 265 1 73 Presence 7775
63 0 3 290 0 160 Presence 1472
44 1 1 200 1 172 Absence 5415
79 1 3 251 2 163 Absence 2433
77 1 1 301 1 106 Presence 7323
68 1 4 226 2 115 Absence 7782
65 1 4 203 2 209 Absence 6740
64 0 1 247 0 117 Presence 1970
61 0 1 169 2 117 Absence 8505
79 0 3 329 1 71 Absence 5389
64 0 4 229 1 170 Absence 3786
38 0 3 311 0 159 Presence 7937
76 0 4 307 1 166 Presence 3964
55 0 3 330 0 131 Presence 4173
75 1 2 312 0 75 Absence 8105
77 1 4 185 1 84 Absence 745
44 0 3 296 1 184 Presence 478
66 1 4 124 1 96 Absence 9603
39 1 3 149 1 89 Absence 1146
27 1 3 283 1 167 Absence 7450
71 1 1 311 2 107 Presence 8715
61 1 4 252 2 103 Presence 1145
45 1 1 331 1 87 Presence 5842
37 1 4 129 0 155 Absence 208
30 0 2 312 2 118 Absence 235
67 1 4 300 2 192 Presence 2963
60 0 1 231 2 103 Presence 3168
26 0 3 165 1 103 Presence 8255
36 0 1 296 1 120 Absence 2605
53 0 4 177 1 129 Absence 2108
60 0 1 165 1 153 Absence 6198
73 0 1 265 0 123 Presence 4713
64 0 2 187 0 151 Presence 3744
41 0 1 245 2 203 Absence 116
43 1 1 133 0 111 Absence 4234
37 0 3 282 1 131 Absence 6402
77 1 2 155 0 191 Presence 9656
67 1 4 273 2 100 Presence 7390
40 1 3 285 0 142 Absence 7388
75 1 1 187 2 209 Presence 4210
75 1 2 177 1 72 Absence 5890
37 0 2 179 0 70 Absence 4405
74 0 1 307 0 101 Presence 7540
41 0 4 307 0 129 Presence 5292
25 0 1 287 2 164 Presence 2457
73 1 1 241 1 78 Absence 3211
25 0 4 238 0 138 Absence 5735
69 1 2 144 0 90 Absence 4152
54 0 4 128 1 182 Presence 909
67 1 2 234 2 81 Absence 9244
67 0 2 131 0 124 Absence 3408
60 1 2 191 0 156 Presence 1272
78 0 2 225 1 102 Absence 3100
67 0 3 345 2 194 Absence 3635
71 1 2 144 0 123 Presence 1571
76 0 1 178 1 183 Presence 7402
45 1 2 169 2 166 Absence 2485
77 1 4 163 2 172 Presence 2447
74 1 4 255 0 189 Presence 7268
46 0 3 323 2 148 Absence 6126
56 1 1 153 0 116 Absence 1468
47 1 3 286 0 174 Presence 1849
73 1 1 261 0 156 Absence 141
38 1 2 147 2 79 Absence 7684
68 1 2 231 2 83 Absence 4105
53 1 3 238 0 131 Absence 934
77 1 3 294 2 202 Absence 111
31 0 1 315 2 86 Presence 127
34 0 4 245 0 209 Presence 4843
64 0 2 328 1 178 Presence 3777
52 1 3 222 1 203 Presence 4761
74 0 2 204 0 150 Absence 283
79 0 2 242 0 200 Presence 5322
32 1 4 239 0 197 Absence 8358
75 0 4 180 1 171 Absence 3826
33 1 3 326 1 140 Presence 6860
41 1 4 338 1 151 Presence 2367
29 0 2 152 0 145 Presence 469
56 1 2 125 2 106 Presence 6307
77 1 4 324 0 129 Absence 8944
63 0 2 241 0 136 Presence 5749
27 1 2 349 2 78 Presence 3392
41 0 4 332 2 85 Absence 7710
65 0 3 141 1 148 Presence 3971
46 1 1 274 1 185 Absence 9970
46 1 4 205 2 140 Absence 8733
41 1 2 307 2 100 Absence 4703
70 0 2 234 2 197 Absence 9476
61 1 2 296 1 98 Presence 9465
64 0 1 289 2 141 Presence 6487
40 0 2 272 1 115 Absence 2776
61 0 1 342 1 199 Presence 5427
68 1 1 129 2 201 Presence 2937
41 1 1 249 1 71 Absence 9728
43 1 1 197 2 167 Presence 6397
42 0 1 200 0 165 Absence 5013
34 0 1 205 0 96 Absence 1505
72 1 3 346 0 191 Presence 9085
34 0 3 253 1 179 Presence 1330
34 0 4 273 0 81 Presence 6940
75 1 4 224 1 73 Absence 9886
72 1 2 177 0 71 Absence 4163
69 0 2 339 2 87 Absence 963
33 0 4 337 0 71 Absence 2674
72 0 4 128 1 79 Absence 1945
64 0 3 176 1 183 Absence 7153
41 0 3 280 2 86 Presence 9913
61 0 4 161 0 199 Presence 3595
45 1 4 340 2 98 Absence 179
37 0 4 346 0 110 Absence 4216
66 0 2 278 1 106 Absence 8973
58 1 1 238 1 129 Presence 8542
68 0 3 332 0 165 Presence 4514
29 0 2 201 2 111 Absence 268
73 0 2 271 0 126 Presence 8607
53 1 1 167 2 187 Absence 7099
70 1 4 122 1 154 Presence 8128
59 1 2 349 0 119 Absence 5528
76 0 2 233 0 182 Presence 2510
53 1 2 264 0 161 Presence 7076
51 1 1 197 1 175 Absence 5779
68 0 2 344 1 180 Presence 567
33 0 2 191 0 166 Presence 3154
60 0 1 160 2 125 Presence 1736
67 1 1 307 1 125 Presence 856
33 1 3 191 1 184 Presence 6470
69 0 3 240 1 158 Absence 1545
78 0 1 326 1 118 Absence 9679
29 1 3 347 2 131 Absence 1490
73 0 2 146 1 188 Absence 5109
74 1 4 162 0 92 Absence 5134
67 1 1 289 0 133 Presence 5860
38 1 2 303 2 172 Presence 8516
58 0 3 196 0 106 Presence 317
72 0 1 346 2 176 Presence 470
39 0 3 230 1 186 Presence 7016
63 0 3 259 2 184 Presence 6831
35 0 1 327 0 173 Presence 7393
52 0 4 212 1 207 Absence 3963
62 1 1 266 0 73 Absence 6400
67 1 3 210 1 154 Absence 5568
26 1 4 349 2 139 Absence 5060
41 1 2 209 1 161 Absence 6855
48 0 4 341 1 149 Presence 2259
41 1 3 306 1 209 Presence 6898
73 0 1 220 2 141 Presence 6066
28 0 1 134 1 197 Presence 3405
39 1 4 191 2 107 Presence 2160
29 1 4 125 1 191 Absence 4556
25 0 1 155 1 95 Absence 2336
67 1 2 308 1 100 Absence 7753
30 0 4 294 0 117 Absence 5024
71 0 3 179 0 103 Presence 4211
30 1 4 300 2 162 Absence 2426
28 1 2 314 1 112 Presence 8258
61 1 2 169 0 151 Presence 4834
45 1 4 167 1 115 Absence 39
59 0 4 162 1 122 Presence 5382
62 0 1 273 1 112 Presence 7900
25 0 1 137 1 150 Presence 8061
44 1 4 311 0 192 Presence 5969
28 1 1 148 1 124 Absence 9639
50 0 2 294 1 119 Absence 4037
53 0 2 293 2 85 Presence 5459
39 0 4 320 0 175 Absence 9741
36 0 2 215 0 200 Presence 6162
59 1 3 301 1 94 Absence 9602
76 0 1 260 2 210 Presence 1763
75 1 4 319 0 124 Absence 509
31 0 1 196 1 193 Absence 8760
74 1 3 294 0 114 Absence 6140
70 1 1 235 2 82 Presence 485
67 1 4 162 0 147 Absence 6519
46 0 2 281 0 90 Presence 8705
52 0 2 190 2 146 Presence 4387
35 1 4 129 1 175 Presence 3541
31 0 2 169 0 145 Absence 3068
51 0 4 276 1 198 Presence 9145
67 1 3 151 0 185 Absence 4349
68 0 3 140 1 108 Presence 4108
44 1 1 288 1 192 Presence 4050
76 1 3 123 2 105 Presence 2668
73 1 3 267 2 119 Absence 2013
28 0 2 242 1 109 Absence 9014
38 0 1 187 1 177 Presence 643
73 0 2 273 1 201 Presence 9916
36 1 3 144 2 191 Absence 6685
43 1 3 135 0 142 Presence 5077
70 1 4 282 0 188 Presence 6216
67 0 3 191 0 187 Presence 1071
64 0 2 128 1 165 Absence 9873
63 0 2 338 1 92 Absence 77
77 1 4 226 0 111 Absence 9526
28 1 1 337 2 196 Presence 254
68 1 4 174 0 118 Presence 8333
68 0 3 187 0 126 Presence 9130
30 0 4 292 0 89 Presence 8894
45 0 4 276 0 168 Presence 1090
26 1 3 325 1 161 Absence 6467
79 0 3 218 1 131 Absence 136
58 1 1 212 0 169 Absence 569
77 1 3 210 2 174 Presence 6971
47 1 3 270 2 76 Presence 1348
57 1 4 264 1 84 Presence 216
59 0 2 308 0 86 Absence 9533
34 0 1 348 1 190 Absence 8680
60 1 2 272 2 198 Absence 6510
39 0 3 184 1 77 Presence 5401
29 1 1 304 1 77 Presence 2221
72 0 4 157 2 114 Presence 7672
53 0 2 303 2 178 Absence 382
63 0 2 244 2 157 Presence 4197
44 0 2 251 0 204 Absence 7090
75 0 3 184 0 132 Presence 1267
44 0 4 151 2 83 Absence 9167
29 1 1 176 0 200 Absence 8490
74 0 3 259 0 204 Absence 1786
40 1 1 255 2 178 Presence 9754
46 1 4 126 1 109 Presence 180
40 0 3 200 1 122 Presence 5018
30 0 4 274 1 178 Absence 6283
68 1 3 128 2 185 Absence 9957
46 1 3 169 2 115 Presence 8443
64 0 3 207 1 205 Absence 6847
47 0 3 175 2 204 Absence 5466
26 0 4 223 0 177 Absence 8351
70 1 2 259 0 98 Absence 2363
47 1 4 347 1 81 Absence 498
48 0 3 190 0 166 Absence 1710
38 0 2 179 0 206 Absence 5686
33 0 3 346 0 202 Presence 2698
48 1 4 346 1 137 Presence 9716
45 0 1 186 2 136 Presence 4731
59 1 4 185 1 114 Absence 304
54 1 2 312 1 167 Presence 9344
58 1 4 328 2 112 Absence 8154
38 1 1 163 1 148 Presence 1004
41 1 4 229 1 118 Absence 2554
44 1 1 140 0 139 Presence 2678
70 1 2 124 1 96 Absence 1760
61 0 2 144 2 160 Presence 4205
37 0 4 275 1 186 Presence 6618
56 0 3 132 1 197 Presence 5222
50 0 1 239 0 161 Absence 5141
38 1 4 162 0 78 Absence 903
37 0 2 213 0 109 Presence 3306
50 0 1 201 0 193 Presence 759
61 1 3 159 0 170 Presence 7956
47 1 4 322 0 90 Absence 8119
35 0 3 343 1 73 Presence 7901
26 1 1 217 2 180 Presence 6751
52 0 1 331 0 196 Presence 2657
41 1 2 307 0 128 Absence 6327
38 1 2 248 2 197 Presence 4904
40 1 1 254 2 142 Absence 6437
64 0 2 122 2 153 Absence 9743
74 0 2 220 2 96 Absence 6973
35 0 3 292 0 110 Presence 5186
25 1 3 346 1 175 Absence 8817
34 1 3 290 1 141 Absence 2083
64 1 3 268 0 153 Presence 229
70 1 4 127 0 179 Presence 7881
62 0 2 123 0 177 Absence 2251
28 0 1 153 0 126 Absence 8554
59 0 3 160 1 135 Presence 4757
40 1 1 264 0 188 Presence 522
79 0 4 267 2 200 Absence 7712
48 1 1 350 2 160 Absence 7098
34 0 4 134 1 203 Absence 6914
26 0 3 141 0 78 Absence 9796
39 1 4 214 0 199 Absence 2181
47 0 3 301 1 140 Presence 5774
29 0 2 239 1 81 Presence 4510
57 1 1 264 2 177 Presence 8458
74 0 1 321 0 93 Presence 3840
37 1 1 276 0 151 Absence 7482
37 0 1 248 1 135 Presence 437
71 1 4 338 0 169 Absence 9214
37 0 1 307 1 72 Presence 688
38 0 1 173 2 152 Absence 8172
76 1 1 241 1 103 Absence 5039
69 0 3 208 2 112 Presence 6117
29 1 3 199 0 208 Absence 4442
58 0 2 249 2 109 Absence 8987
33 0 2 311 2 135 Absence 2843
26 1 1 322 0 76 Presence 4809
52 1 4 306 2 118 Presence 5584
59 0 4 127 1 200 Presence 870
65 1 2 272 2 108 Presence 2082
77 0 1 147 0 101 Absence 8091
79 0 2 128 1 197 Absence 4169
67 1 2 200 2 72 Absence 2099
77 0 1 220 2 180 Absence 562
49 1 1 171 1 210 Presence 3814
65 0 2 143 2 136 Absence 9422
64 0 2 339 2 117 Absence 9701
26 0 4 256 0 186 Presence 978
58 0 3 205 1 94 Absence 769
69 1 4 278 0 188 Presence 2539
57 1 3 323 0 71 Absence 2378
33 0 1 122 0 134 Absence 905
33 0 1 323 2 93 Absence 3847
62 0 2 186 0 195 Presence 7355
32 1 1 138 1 194 Absence 1560
74 0 3 136 0 182 Presence 8988
54 0 4 138 1 125 Absence 1548
43 1 3 218 1 79 Absence 361
76 1 3 292 1 193 Presence 6579
43 0 3 148 1 177 Presence 5073
35 1 3 150 0 85 Absence 8810
26 1 2 272 0 79 Presence 7569
58 1 4 174 2 179 Absence 1714
26 1 3 187 2 85 Absence 5717
63 1 4 211 0 87 Presence 4770
60 0 3 238 2 71 Absence 2995
73 0 4 257 2 167 Presence 8213
28 0 4 160 0 168 Absence 440
45 0 4 234 0 70 Presence 2533
64 0 2 195 2 161 Presence 9534
52 1 4 262 2 112 Presence 9255
52 1 4 267 0 151 Presence 7313
59 1 1 326 0 88 Presence 9139
54 1 3 164 1 71 Absence 3265
38 1 1 206 0 198 Absence 2370
41 0 4 239 0 107 Presence 6848
37 0 3 319 1 178 Absence 5988
36 1 3 293 2 205 Absence 2449
34 1 3 272 1 172 Presence 2346
38 0 3 164 1 101 Presence 6457
64 1 2 235 1 122 Absence 4404
65 1 4 281 1 146 Presence 3123
55 1 4 278 1 100 Presence 4568
68 0 3 235 0 183 Absence 2176
45 1 1 213 0 187 Absence 720
32 0 4 214 1 124 Presence 4485
43 0 2 167 2 195 Absence 2684
63 1 3 236 1 162 Absence 3634
39 1 3 177 1 193 Presence 9565
54 1 4 179 2 154 Absence 8504
33 1 3 196 0 80 Presence 3796
79 1 2 159 2 113 Absence 9527
74 1 3 316 1 144 Absence 6678
51 1 4 266 2 98 Absence 2520
77 1 1 179 0 128 Absence 2934
42 1 3 215 2 111 Absence 9060
77 0 2 182 1 156 Presence 6624
72 1 4 342 1 80 Absence 2468
35 0 4 234 2 203 Presence 4687
74 0 1 298 1 179 Absence 9099
42 0 4 178 0 152 Presence 6793
32 0 3 253 0 82 Presence 8663
50 0 3 132 1 117 Presence 7077
63 0 4 251 2 118 Presence 7728
78 1 4 338 2 116 Absence 1246
38 1 3 321 1 71 Presence 4526
79 1 3 226 1 118 Absence 8584
66 1 2 229 2 206 Presence 1155
47 0 4 302 1 147 Absence 148
30 0 3 139 0 96 Absence 4353
57 1 1 200 1 137 Absence 1891
72 0 1 343 1 208 Absence 4434
47 1 1 207 2 131 Presence 5421
73 1 3 297 0 185 Absence 385
65 0 1 295 0 204 Presence 7164
64 0 3 175 0 183 Presence 8328
70 1 2 252 1 145 Absence 6829
51 0 3 342 2 206 Presence 4923
54 0 2 198 2 197 Presence 6362
34 0 4 242 1 128 Presence 9133
78 1 2 219 1 156 Absence 3692
43 1 4 144 1 177 Presence 8078
62 0 3 179 1 182 Absence 2066
36 1 2 122 0 82 Absence 3930
39 1 3 134 1 93 Absence 5157
62 1 4 152 2 114 Presence 3549
30 1 4 285 1 139 Presence 5872
26 1 1 270 0 169 Absence 2535
31 0 3 127 1 199 Presence 4604
35 0 1 312 2 157 Presence 5697
26 0 1 175 2 171 Presence 3794
43 1 4 281 1 209 Absence 2048
63 1 4 187 2 170 Absence 2870
44 1 4 214 1 140 Presence 50
57 1 2 265 1 152 Presence 5636
78 1 4 181 0 81 Presence 1755
58 0 2 181 2 121 Absence 2992
65 1 1 191 0 161 Presence 9238
47 0 2 312 2 186 Absence 3481
66 1 3 242 0 115 Presence 3717
75 0 2 293 0 188 Absence 8930
73 0 4 207 0 115 Absence 2686
41 0 2 128 1 115 Absence 6186
28 0 4 203 2 71 Presence 7040
43 0 4 136 0 90 Absence 5935
48 1 2 218 0 138 Presence 210
27 0 3 196 0 103 Presence 124
46 1 3 333 0 124 Absence 3493
63 0 1 304 1 91 Presence 7888
65 0 1 132 0 98 Absence 8426
75 1 3 191 0 94 Presence 3817
54 1 1 350 0 162 Absence 1031
59 0 4 180 2 206 Presence 2807
43 1 4 178 2 137 Absence 6163
32 0 4 171 0 74 Absence 6007
71 1 4 314 0 140 Absence 5135
31 1 2 348 1 179 Presence 2256
56 0 2 237 1 106 Absence 3678
44 0 2 177 2 102 Presence 1818
67 0 3 201 2 127 Presence 5462
31 1 4 186 2 74 Presence 1606
38 0 2 250 1 72 Absence 8310
43 0 1 165 0 178 Presence 6249
75 1 1 232 1 160 Absence 5492
69 1 1 258 2 155 Absence 9115
60 1 4 225 2 139 Presence 5870
67 0 3 255 0 75 Absence 5907
47 0 3 184 1 95 Presence 5391
59 0 4 170 0 198 Absence 5564
77 1 3 345 1 159 Absence 6718
64 1 2 320 0 182 Absence 3660
31 1 4 192 0 89 Absence 7869
43 0 4 346 2 83 Absence 441
63 0 3 252 0 162 Presence 3044
63 1 4 331 0 182 Presence 4571
58 0 4 335 2 183 Absence 5718
69 1 1 255 2 185 Presence 8887
48 0 1 343 1 151 Presence 1269
56 1 1 137 1 111 Presence 5146
43 0 3 222 2 94 Absence 4827
38 1 3 172 2 187 Absence 3741
62 0 2 310 2 123 Absence 3096
39 1 2 343 1 101 Presence 3022
47 0 4 138 2 158 Absence 1883
79 1 4 223 0 159 Absence 4783
34 1 3 145 0 152 Presence 904
69 0 2 129 0 106 Absence 9452
46 1 1 169 1 185 Absence 3454
72 1 4 347 0 136 Presence 3328
29 0 3 162 1 137 Absence 3890
56 0 2 270 0 171 Presence 1991
40 1 1 306 2 188 Presence 8198
32 1 1 335 2 166 Presence 9650
40 0 3 185 1 74 Absence 9508
42 1 2 189 2 110 Presence 420
52 0 3 255 1 102 Absence 3456
77 1 3 225 1 83 Absence 7658
45 0 3 176 1 193 Absence 7656
38 0 3 211 1 181 Absence 5015
46 1 4 210 2 194 Absence 4000
78 0 4 219 1 163 Presence 5433
64 0 4 151 1 189 Absence 3892
40 0 2 173 2 183 Presence 4758
57 0 3 217 1 96 Presence 7873
73 0 3 153 2 132 Presence 8446
53 0 3 196 1 174 Presence 9832
31 0 4 146 2 104 Absence 4991
68 0 2 344 1 80 Presence 2895
36 1 4 185 0 78 Presence 387
71 0 2 333 0 121 Absence 2559
31 1 2 315 0 78 Presence 5192
36 0 1 146 2 72 Presence 1125
56 1 2 127 2 180 Presence 5121
70 1 3 245 0 168 Presence 586
74 1 2 252 0 110 Presence 8439
74 1 1 269 0 149 Absence 3674
55 0 2 237 2 189 Presence 6790
55 0 3 187 0 129 Presence 7497
35 0 2 322 0 122 Presence 6602
26 1 4 243 2 158 Absence 9881
44 1 1 147 0 93 Presence 6605
75 0 2 298 0 195 Absence 9138
63 0 1 172 1 123 Absence 1424
48 1 1 153 0 192 Presence 1017
78 1 3 122 1 71 Absence 1288
41 1 1 163 2 177 Presence 4129
31 0 3 245 2 186 Absence 6745
55 1 4 289 2 105 Absence 1600
44 0 4 189 2 141 Absence 2826
41 1 1 167 0 112 Presence 1506
53 0 2 156 1 183 Presence 7885
35 0 2 337 0 103 Presence 9900
32 1 1 147 1 97 Absence 3357
74 0 4 192 2 210 Presence 2142
68 0 3 266 2 166 Absence 5801
31 0 1 235 1 143 Absence 7752
79 1 4 193 0 122 Absence 1253
64 1 4 308 1 75 Presence 8226
39 0 2 152 2 93 Absence 3108
31 0 4 327 1 92 Presence 4823
28 0 4 293 1 78 Absence 8388
45 0 3 315 2 209 Absence 9472
54 0 4 230 2 165 Presence 5303
51 1 1 156 0 194 Absence 7799
75 0 1 339 0 143 Absence 8360
33 1 2 331 1 101 Absence 9057
76 0 4 195 2 156 Presence 4056
41 0 4 332 1 168 Absence 4286
32 0 2 263 1 137 Presence 1681
63 0 2 194 2 157 Absence 5315
35 1 4 323 1 152 Presence 8392
70 1 3 328 0 120 Absence 7106
77 0 3 296 2 80 Absence 1
65 1 4 181 0 199 Absence 1298
68 1 1 162 0 145 Absence 4316
40 1 2 342 1 72 Presence 4445
37 1 2 163 2 204 Presence 2341
46 0 3 169 2 98 Absence 8115
41 1 3 124 0 111 Presence 1263
26 0 3 239 0 125 Absence 8620
55 1 3 188 0 115 Absence 413
61 0 4 248 2 96 Absence 1631
55 0 1 206 0 156 Presence 3016
63 1 3 186 2 170 Absence 5657
47 0 1 306 0 145 Presence 2201
54 0 4 256 0 114 Presence 7800
30 1 4 175 2 96 Presence 9229
27 0 2 191 1 80 Absence 7469
75 1 3 258 1 120 Absence 6938
55 0 1 330 1 154 Absence 4164
58 0 3 132 1 132 Presence 8597
53 0 1 218 0 109 Presence 6712
71 0 2 322 1 151 Absence 913
52 1 1 154 1 159 Presence 4131
30 1 4 131 1 129 Absence 5505
68 0 4 120 1 132 Absence 9593
26 1 3 261 0 91 Presence 1656
39 1 2 174 1 76 Absence 5214
39 1 4 195 0 181 Absence 7290
43 0 3 219 0 154 Presence 4889
67 1 2 276 1 83 Presence 27
49 1 1 134 2 84 Presence 3923
29 1 4 302 0 203 Presence 860
37 0 4 123 0 162 Absence 1388
32 1 4 192 2 185 Absence 6800
39 0 4 209 1 73 Absence 3649
72 1 2 248 0 157 Absence 9046
55 1 2 139 1 167 Absence 2282
47 0 3 273 0 88 Absence 882
47 1 1 206 2 111 Absence 7850
70 1 3 295 1 181 Presence 4949
51 1 1 216 2 208 Absence 4777
40 1 4 320 1 86 Absence 6281
79 0 4 300 0 82 Presence 2334
76 1 3 198 0 108 Absence 9537
73 0 4 218 1 77 Absence 9654
74 0 3 214 2 201 Absence 4926
58 1 1 175 1 143 Absence 7412
58 1 1 285 1 155 Presence 7731
67 0 3 265 1 193 Presence 1428
40 1 2 125 1 126 Presence 5432
74 1 4 201 0 172 Presence 783
31 1 1 317 2 102 Presence 3054
59 0 1 333 2 93 Presence 6568
32 0 1 303 2 105 Absence 7468
76 1 1 226 0 70 Absence 1551
47 0 1 307 0 98 Absence 3198
78 1 2 219 2 178 Presence 4915
57 0 1 189 2 135 Absence 8029
77 0 4 161 0 144 Presence 1212
36 0 1 314 2 135 Absence 2612
47 0 2 151 0 80 Presence 5388
78 1 3 314 0 167 Presence 710
67 1 3 349 2 102 Presence 8380
62 1 3 262 1 156 Presence 7301
38 1 4 196 1 168 Absence 9988
42 0 3 261 2 164 Absence 487
40 1 1 238 1 120 Presence 4455
26 1 1 138 2 137 Presence 9281
49 1 3 170 2 141 Absence 8238
36 1 1 234 0 164 Absence 3243
70 0 1 335 0 140 Absence 6704
54 0 2 294 0 109 Absence 3726
35 1 1 189 1 139 Absence 6292
54 0 2 140 2 138 Absence 3278
47 0 4 325 1 125 Absence 1208
53 0 2 127 0 128 Absence 7773
28 0 3 259 0 100 Absence 4704
40 1 4 340 1 188 Presence 5909
75 0 3 305 0 91 Absence 3321
38 1 4 315 2 210 Absence 3442
38 0 3 153 0 146 Absence 2284
64 0 2 181 2 156 Presence 9770
70 1 2 196 2 169 Absence 9313
79 0 1 181 0 174 Presence 3281
66 1 2 178 0 200 Absence 334
73 0 4 287 2 155 Presence 6180
73 1 1 285 0 122 Absence 9405
26 1 3 308 2 102 Absence 7216
31 0 3 229 1 136 Presence 2583
78 0 2 328 2 189 Presence 5190
27 0 3 278 2 72 Absence 3656
47 1 4 187 1 156 Absence 7949
78 1 4 334 1 177 Absence 8475
62 0 4 186 0 114 Absence 3185
66 0 1 289 0 112 Presence 4655
32 0 2 163 1 179 Presence 5770
58 0 2 255 2 181 Presence 3200
58 1 1 128 0 111 Absence 7760
64 0 4 222 1 181 Absence 3363
65 1 4 175 2 154 Presence 6626
61 1 3 311 0 94 Presence 751
56 0 3 212 1 72 Absence 830
36 0 4 327 2 170 Absence 2429
25 1 4 341 0 147 Absence 9457
43 1 3 274 1 174 Presence 6821
62 0 2 267 1 197 Presence 5881
65 1 2 222 0 163 Absence 6438
63 1 1 276 0 144 Absence 2953
59 1 2 301 1 126 Presence 8622
50 0 1 126 0 158 Absence 593
62 0 2 212 2 170 Absence 9449
66 1 2 152 1 109 Presence 3695
46 1 2 204 2 104 Presence 8929
67 0 1 185 0 166 Presence 217
59 1 1 322 1 189 Presence 6390
71 1 2 287 1 83 Absence 6572
54 0 1 150 1 177 Absence 6168
72 1 4 175 1 125 Absence 1909
52 1 4 203 2 144 Presence 758
74 1 3 171 0 172 Absence 4993
25 0 2 283 2 200 Presence 1137
58 0 3 350 0 136 Presence 125
62 0 3 311 0 120 Absence 2344
50 0 3 208 2 110 Presence 8225
45 0 2 228 2 85 Presence 3043
67 1 4 235 0 79 Presence 2994
57 1 4 150 1 195 Absence 414
78 0 1 283 0 169 Absence 1672
73 0 2 127 2 186 Absence 6885
46 1 1 324 1 123 Presence 1444
56 0 2 282 1 110 Presence 9406
66 1 2 278 1 174 Absence 2649
34 0 1 347 2 71 Presence 1951
42 1 4 308 2 191 Presence 7643
52 0 1 122 1 176 Presence 422
54 1 4 140 0 125 Absence 1182
58 0 1 249 1 71 Absence 5904
45 0 1 253 2 183 Presence 7477
35 0 3 183 2 95 Presence 3001
77 1 3 172 1 158 Presence 7085
36 0 3 329 2 139 Absence 2833
48 1 2 140 0 72 Presence 203
66 1 3 268 0 82 Absence 5535
68 1 3 256 2 76 Presence 5151
49 0 1 160 1 136 Presence 8242
57 1 4 157 1 146 Absence 9532
37 1 2 297 2 119 Presence 7734
75 0 4 196 1 77 Presence 410
79 0 4 138 0 97 Presence 4836
50 1 2 346 1 90 Absence 1779
79 1 4 270 1 210 Presence 4470
42 1 3 211 2 128 Presence 4424
27 1 4 127 0 92 Presence 8763
54 0 2 271 2 93 Absence 5994
49 1 4 276 1 112 Absence 4715
52 1 2 315 2 127 Presence 5839
26 1 3 178 0 197 Absence 2541
62 1 2 337 2 93 Presence 4622
26 1 3 216 2 93 Absence 3901
30 1 2 181 0 173 Presence 8038
63 0 2 206 0 122 Presence 2140
68 1 4 162 2 134 Absence 8643
56 1 4 134 1 102 Presence 943
45 1 3 302 0 90 Absence 6274
27 0 4 122 0 81 Absence 7559
58 1 1 231 1 85 Absence 4513
69 0 3 191 0 191 Absence 2089
55 1 2 136 1 116 Absence 1482
71 0 4 247 2 93 Absence 3727
29 1 4 203 2 138 Absence 364
31 0 4 249 2 81 Absence 1214
48 0 4 184 0 138 Presence 5951
41 1 3 181 2 120 Presence 2057
71 1 4 217 1 142 Presence 760
35 1 4 158 2 144 Absence 9425
71 0 3 244 1 177 Presence 6004
72 0 1 303 1 183 Absence 9154
54 1 3 132 1 107 Absence 7552
41 0 4 211 1 183 Absence 2197
65 1 1 321 1 117 Presence 6275
73 1 2 265 0 190 Presence 4928
46 0 1 337 2 188 Presence 8544
73 1 1 179 2 71 Presence 1835
71 1 2 234 1 181 Presence 4333
31 0 1 211 0 102 Presence 5956
33 1 4 318 0 156 Absence 1825
39 1 4 268 2 153 Absence 2191
63 0 1 171 2 157 Absence 1623
41 0 2 290 0 173 Absence 8536
47 1 2 288 1 127 Presence 1040
44 0 4 278 2 98 Presence 6149
59 0 1 273 0 179 Absence 6854
71 0 4 220 1 101 Presence 673
30 0 2 149 1 117 Absence 4422
76 1 2 255 0 209 Presence 5228
70 1 4 285 2 136 Presence 46
75 0 3 297 2 111 Absence 5369
25 1 3 148 1 107 Presence 6691
58 0 3 277 1 160 Presence 8199
78 0 1 136 1 139 Presence 2608
28 1 3 334 2 164 Absence 875
25 1 1 229 0 138 Absence 3854
46 1 3 181 0 70 Absence 3915
35 0 2 158 1 129 Presence 6516
66 0 1 318 0 207 Absence 5715
46 1 1 142 2 146 Absence 8503
71 0 2 258 2 192 Presence 6220
63 1 4 202 0 194 Absence 9352
33 1 1 176 0 111 Absence 7300
63 1 4 327 2 138 Presence 639
39 1 3 164 0 189 Absence 7727
78 1 3 234 1 207 Presence 1865
56 0 2 307 1 104 Absence 1944
48 1 3 232 1 97 Presence 907
29 0 2 220 2 123 Presence 8789
63 0 3 130 2 178 Absence 1274
63 1 3 180 2 134 Presence 376
38 1 3 259 0 124 Absence 8309
46 0 2 179 0 75 Presence 2563
56 0 3 270 1 169 Absence 9304
53 0 1 125 0 111 Absence 6413
31 1 1 340 1 201 Presence 3783
66 0 3 326 0 142 Absence 6948
45 1 3 134 1 207 Presence 4840
28 0 4 243 0 209 Absence 7371
75 1 2 274 0 70 Presence 7123
67 1 1 348 0 206 Absence 3978
55 1 2 236 0 113 Absence 4172
38 1 2 184 0 130 Presence 4695
27 1 1 136 0 171 Absence 4650
46 0 2 136 0 81 Presence 4542
38 0 3 327 1 135 Absence 7939
44 1 3 159 2 170 Absence 1158
68 0 3 350 2 122 Presence 474
59 0 1 250 2 178 Absence 6743
66 1 1 189 0 140 Presence 8782
27 1 2 173 2 89 Presence 150
50 1 3 260 1 105 Absence 3665
73 1 1 349 2 88 Presence 7162
43 1 4 138 1 119 Absence 3483
39 1 3 325 2 172 Presence 4782
37 0 2 234 2 71 Absence 8864
30 1 1 287 1 119 Presence 8056
58 0 4 125 0 71 Presence 7914
40 1 4 343 2 187 Absence 3057
26 0 1 229 1 74 Presence 3029
61 0 2 138 0 158 Absence 3038
77 0 3 239 2 138 Presence 2105
41 0 3 173 2 123 Presence 7138
68 0 1 323 1 103 Absence 3962
60 0 2 309 0 197 Absence 1766
37 1 2 258 1 112 Absence 2025
40 1 1 271 0 130 Absence 1676
64 1 2 208 1 142 Absence 1181
39 0 3 349 0 209 Presence 6109
76 1 3 317 2 141 Presence 3553
29 0 3 224 0 198 Absence 683
54 1 1 206 0 147 Absence 8314
56 1 1 314 0 101 Presence 1793
62 1 4 323 2 146 Absence 6120
25 1 3 301 2 199 Presence 4389
35 1 1 130 0 115 Presence 3850
74 0 1 197 2 122 Absence 9591
59 1 3 161 1 189 Presence 9785
59 0 2 154 1 145 Presence 6112
49 1 2 321 1 117 Presence 7530
49 1 2 247 2 125 Absence 1552
29 1 1 218 2 181 Absence 6543
46 1 1 180 2 78 Absence 7882
48 1 1 320 2 182 Presence 9805
69 1 4 298 0 140 Presence 1234
77 1 3 219 1 158 Presence 6289
41 0 1 288 1 109 Presence 9005
26 0 4 292 1 121 Presence 7513
42 0 2 136 0 97 Presence 4766
29 1 2 305 0 199 Absence 6975
57 0 4 205 1 96 Presence 4132
52 0 2 168 0 141 Presence 3373
36 1 3 248 2 174 Absence 1955
76 1 1 213 1 149 Presence 8347
60 0 3 291 2 95 Presence 1920
67 1 1 253 1 75 Absence 9442
73 0 3 218 2 202 Presence 8366
63 1 2 133 1 123 Absence 6189
74 0 2 153 0 150 Presence 8624
50 0 3 234 0 73 Presence 8579
32 1 4 346 0 178 Absence 1437
52 1 2 317 1 147 Presence 8234
47 1 3 289 2 140 Absence 7111
64 0 3 140 0 209 Absence 6868
68 1 4 273 0 194 Presence 6369
28 0 4 275 2 143 Absence 2117
62 0 2 233 0 87 Presence 2896
42 1 3 319 2 144 Absence 7352
49 0 3 296 0 144 Absence 5926
57 1 4 122 2 79 Presence 8273
47 0 2 212 0 172 Presence 3177
28 1 3 232 1 173 Absence 619
44 0 2 183 1 205 Presence 3025
44 0 1 197 2 139 Absence 7832
60 0 2 339 0 125 Presence 2959
53 1 2 242 2 118 Absence 1323
29 0 2 266 1 85 Presence 4567
53 1 1 303 0 82 Presence 9270
64 1 1 168 2 184 Absence 2063
53 1 2 147 1 156 Absence 4982
41 0 1 255 1 175 Presence 9748
35 0 1 148 2 148 Presence 8839
46 1 2 236 1 146 Absence 4701
43 1 1 322 2 113 Presence 3820
34 1 4 180 2 180 Presence 1994
73 1 4 239 0 114 Absence 2695
64 0 1 261 0 98 Presence 7794
54 1 1 120 2 204 Absence 1179
25 0 3 300 1 145 Presence 2047
25 1 2 314 1 146 Presence 1377
75 1 2 193 2 154 Absence 9198
71 1 1 231 2 183 Absence 5125
28 1 3 293 2 201 Absence 4577
40 1 2 202 1 124 Presence 9316
78 0 4 184 0 126 Absence 2046
53 0 2 187 1 101 Presence 9348
54 0 4 141 1 92 Absence 8831
48 0 3 141 2 158 Absence 6862
73 1 3 274 0 120 Presence 3733
72 1 2 144 1 84 Presence 1801
75 0 2 265 2 175 Presence 4861
44 1 2 334 0 105 Absence 2655
34 1 3 205 1 82 Absence 3331
56 1 2 148 0 197 Absence 7675
60 1 1 319 1 205 Presence 5696
65 0 1 140 1 100 Presence 290
68 1 2 283 1 144 Absence 8083
48 0 1 208 0 123 Absence 2159
36 1 1 282 0 90 Presence 7130
26 1 2 153 2 193 Presence 3128
41 1 1 263 2 116 Presence 6203
55 1 2 162 2 150 Absence 7748
45 1 2 285 0 198 Absence 1819
72 0 1 301 2 161 Presence 8606
56 0 4 290 0 164 Presence 5448
52 0 3 128 0 167 Presence 1480
62 1 1 139 0 202 Presence 473
42 0 3 169 0 173 Absence 5400
36 0 1 240 0 112 Absence 841
43 1 1 155 2 98 Absence 1047
61 1 1 328 0 161 Absence 3216
79 0 2 331 0 165 Absence 3480
28 1 2 338 0 148 Presence 2231
68 1 2 188 0 113 Presence 5673
73 0 2 187 0 133 Presence 4183
39 0 4 316 0 158 Absence 6675
53 0 4 301 0 107 Presence 9835
31 1 3 295 0 180 Absence 5853
57 0 3 328 2 197 Absence 2056
45 0 4 209 1 166 Absence 2156
68 1 4 194 0 123 Presence 175
26 0 3 310 1 188 Presence 5395
26 1 3 287 0 190 Absence 4153
60 1 4 260 1 133 Presence 7527
53 1 1 315 2 100 Absence 9570
47 0 1 249 0 198 Presence 3310
62 0 1 122 2 187 Presence 9659
43 1 4 341 1 131 Absence 8948
79 0 1 249 0 148 Absence 2634
54 1 1 146 2 73 Absence 9295
78 0 1 134 2 162 Absence 4161
55 1 4 286 0 189 Absence 56
49 1 1 314 2 156 Presence 4825
52 1 1 318 2 205 Presence 4927
76 0 4 176 0 134 Presence 7427
49 1 3 162 2 109 Presence 4067
52 0 2 155 1 191 Absence 3864
31 1 4 209 2 207 Presence 6206
29 0 1 343 2 79 Absence 9630
29 0 1 143 0 127 Presence 5399
29 0 4 291 2 174 Presence 1776
32 1 2 267 0 109 Absence 458
58 0 2 285 0 147 Absence 8558
33 0 4 301 0 111 Absence 887
31 0 4 189 2 88 Presence 4916
44 0 1 225 1 123 Presence 1864
31 1 4 155 0 185 Presence 7591
44 1 3 137 2 84 Absence 1203
43 1 2 212 0 92 Absence 6791
56 0 3 257 2 177 Absence 6772
42 1 4 157 0 159 Absence 1499
25 0 1 209 1 115 Absence 8386
26 0 3 337 2 152 Presence 2946
48 0 3 162 0 123 Presence 6434
29 1 2 261 0 133 Presence 8170
35 1 2 321 2 153 Presence 623
42 0 4 228 2 168 Absence 4399
59 1 3 309 1 102 Presence 5533
44 0 3 186 2 172 Presence 9860
53 1 2 238 2 129 Presence 8058
65 0 1 282 0 92 Absence 9587
26 0 4 298 0 93 Absence 9663
30 0 4 312 1 120 Absence 2671
43 0 1 331 0 148 Presence 5177
43 0 2 261 1 78 Absence 4456
26 1 3 222 2 88 Presence 6411
50 0 1 333 1 161 Absence 853
37 0 2 288 1 183 Absence 358
58 0 2 213 0 175 Absence 8755
36 0 4 345 1 131 Presence 4128
79 0 4 337 2 139 Absence 281
34 1 1 324 1 201 Absence 8896
74 0 4 230 2 76 Presence 1308
43 0 1 140 0 118 Presence 5728
29 1 1 221 0 83 Absence 4148
53 0 3 127 1 70 Absence 5211
38 1 3 186 0 194 Presence 8385
31 1 2 154 1 130 Absence 2441
30 1 2 137 2 109 Presence 3781
63 0 4 343 0 126 Absence 3667
71 1 2 332 1 177 Presence 231
54 1 2 258 2 210 Presence 3355
52 0 1 219 0 184 Presence 1677
38 1 4 208 0 94 Absence 1806
38 0 2 340 2 189 Presence 1217
53 1 1 330 0 71 Presence 6092
40 0 2 255 2 103 Absence 8418
62 0 1 164 0 140 Absence 8233
68 0 2 256 2 112 Absence 9550
52 1 4 167 1 110 Absence 7996
65 0 4 247 2 173 Presence 1446
31 0 2 323 1 185 Presence 9433
67 0 3 291 0 190 Absence 4449
27 1 2 152 0 170 Presence 9576
37 0 3 193 1 77 Presence 1987
32 1 2 250 1 148 Absence 3077
32 0 1 259 2 76 Absence 2624
70 1 4 123 0 144 Presence 2828
79 0 1 243 0 120 Presence 7516
56 0 3 298 1 74 Absence 3822
79 1 2 126 1 163 Absence 4376
37 1 3 220 2 105 Presence 9471
35 1 4 330 1 136 Presence 2639
63 1 1 135 2 126 Absence 7442
28 0 3 143 0 133 Absence 8687
31 1 4 224 2 139 Presence 8659
43 1 3 231 2 205 Absence 1916
58 0 3 309 0 96 Presence 7992
27 1 3 343 2 150 Absence 3824
73 0 3 220 2 202 Presence 6205
36 1 2 189 0 154 Absence 9258
26 0 3 197 2 89 Absence 8290
71 1 4 228 1 185 Presence 5314
58 0 4 159 2 104 Absence 3679
46 1 3 259 1 76 Presence 3361
48 1 2 320 2 126 Presence 685
77 1 2 222 2 78 Presence 4977
57 0 4 166 1 150 Presence 6836
50 0 4 143 1 72 Presence 3411
32 1 3 195 2 209 Presence 4453
68 1 4 180 1 80 Absence 2299
53 0 1 254 2 173 Absence 8428
58 0 4 347 1 182 Presence 7990
41 0 4 256 1 191 Absence 3426
33 0 3 227 2 146 Presence 1297
26 0 1 212 2 134 Presence 9814
45 0 2 201 1 164 Absence 588
37 1 1 213 0 172 Presence 6953
33 0 2 286 0 99 Presence 527
51 0 2 123 0 173 Presence 7356
78 0 2 243 2 155 Absence 4431
56 1 2 193 1 188 Absence 9019
45 0 1 174 0 92 Absence 5240
38 0 1 264 2 109 Presence 7620
32 0 1 298 0 106 Absence 3326
71 1 2 305 1 98 Absence 1911
49 0 3 224 0 121 Presence 2496
32 1 3 202 0 131 Absence 8843
43 0 1 214 0 156 Presence 5057
27 0 4 252 0 151 Absence 5464
70 1 1 312 1 136 Absence 824
59 1 4 307 1 70 Absence 5114
36 0 3 244 2 91 Presence 2
49 1 1 213 0 172 Presence 9564
69 0 3 277 2 180 Presence 9789
57 1 1 345 2 100 Presence 5072
77 1 3 275 2 99 Presence 9093
33 0 2 265 0 200 Presence 5458
29 0 4 285 0 146 Presence 608
28 1 2 283 1 133 Absence 8574
57 1 3 350 2 201 Presence 8528
61 1 4 143 1 72 Presence 8909
26 1 4 279 1 137 Absence 1746
26 0 1 164 1 162 Presence 5316
49 1 2 252 2 125 Absence 5520
40 0 2 251 2 179 Presence 1579
30 1 1 232 1 158 Absence 4939
68 1 4 321 1 104 Presence 7327
79 1 3 236 0 98 Absence 8163
62 0 1 185 0 108 Presence 5554
75 1 2 254 1 83 Absence 2247
78 1 2 311 2 136 Presence 3816
61 0 2 208 0 210 Presence 3191
31 0 2 243 0 90 Absence 5207
72 0 2 341 1 131 Absence 4233
43 0 2 174 0 191 Presence 9397
25 1 4 248 1 113 Presence 9830
60 0 1 158 1 86 Absence 8777
35 0 2 123 0 153 Absence 6520
58 0 4 171 0 155 Presence 3712
28 0 4 275 2 150 Absence 360
57 1 1 128 0 101 Presence 7893
72 0 1 288 1 115 Presence 2182
73 1 1 150 0 138 Absence 489
28 0 1 228 0 209 Absence 9050
77 0 2 234 0 123 Presence 6332
45 0 4 343 1 159 Presence 3047
44 0 1 305 1 156 Absence 6389
55 1 2 138 0 98 Absence 267
45 1 3 168 2 75 Absence 5204
54 1 1 230 2 139 Absence 6922
68 1 4 301 0 192 Presence 6652
54 0 3 160 1 82 Presence 4504
61 0 4 211 2 142 Absence 9266
33 0 1 245 2 196 Absence 9349
38 1 4 320 0 107 Absence 8713
45 0 3 120 0 146 Presence 2186
32 1 2 210 0 75 Absence 4600
52 1 3 166 2 178 Absence 6967
59 1 4 174 1 180 Absence 731
59 1 2 212 0 120 Absence 2831
47 1 3 320 1 122 Presence 6335
40 0 2 281 2 81 Absence 9771
45 1 4 140 1 210 Presence 7210
39 1 1 260 0 187 Absence 5681
55 0 4 314 0 126 Absence 9536
78 1 4 130 0 90 Absence 5615
74 0 4 313 0 148 Absence 7240
29 0 4 343 1 179 Absence 9909
70 0 4 299 0 125 Presence 2227
31 1 2 247 2 73 Presence 3936
47 1 4 132 2 172 Absence 6744
66 0 4 299 2 150 Presence 8289
70 1 1 316 2 165 Absence 2525
55 1 3 342 0 98 Presence 844
68 1 1 220 0 159 Presence 2626
70 0 4 252 1 150 Presence 4053
64 1 1 180 1 70 Presence 8479
68 0 3 159 1 131 Presence 5219
31 0 4 172 2 153 Presence 1518
41 0 4 230 1 142 Presence 6813
45 1 2 317 0 93 Absence 9749
36 0 3 317 1 96 Presence 3515
43 0 4 247 2 140 Absence 7360
41 0 3 197 1 94 Absence 1866
28 1 1 191 2 170 Absence 9891
58 1 4 295 1 167 Absence 7289
61 1 1 273 1 85 Presence 3027
65 0 4 263 0 95 Presence 9169
68 1 4 133 1 125 Presence 817
78 0 4 303 0 92 Presence 3865
27 0 3 209 0 159 Absence 6690
27 1 1 305 1 128 Absence 6894
74 0 2 271 2 150 Presence 835
33 1 4 250 0 181 Presence 1261
59 0 3 315 1 104 Presence 300
29 0 1 166 2 72 Presence 297
64 1 1 150 0 145 Absence 7842
52 1 4 139 1 181 Absence 8324
30 0 2 153 1 161 Absence 5357
43 0 2 126 1 125 Absence 4417
72 1 4 265 2 109 Absence 90
75 1 2 259 0 197 Presence 3317
49 1 2 248 2 100 Presence 4066
32 1 2 149 0 71 Absence 1814
31 1 3 337 0 95 Absence 4673
33 0 2 263 2 200 Absence 2451
73 0 3 214 2 147 Absence 7599
79 1 1 155 0 110 Absence 1952
26 1 4 207 1 190 Presence 5045
77 0 3 307 0 119 Presence 2762
39 0 4 287 1 118 Presence 4924
26 1 3 292 1 207 Absence 3389
73 0 2 209 2 177 Absence 2124
50 1 1 162 1 152 Presence 1678
73 0 1 184 0 210 Absence 3750
35 1 3 254 0 90 Absence 5310
65 0 1 145 1 199 Presence 4194
66 1 2 303 2 78 Presence 7853
26 0 4 244 0 167 Absence 3875
54 0 2 348 1 210 Absence 9126
50 1 1 320 1 169 Absence 2190
53 1 1 133 1 128 Absence 9731
62 0 2 212 2 99 Presence 7485
70 0 1 273 0 125 Absence 641
28 1 4 158 2 159 Presence 1389
30 0 4 174 2 172 Absence 5420
77 1 3 330 1 164 Absence 338
57 0 2 170 1 95 Absence 8897
33 1 1 254 0 205 Absence 9412
32 0 4 132 2 190 Absence 2929
31 0 2 295 0 187 Absence 700
70 1 4 177 2 70 Presence 7475
66 1 3 299 2 132 Presence 9212
78 1 4 176 1 159 Presence 7634
50 0 4 168 2 76 Presence 2633
61 1 2 192 2 202 Absence 8845
25 0 2 328 1 90 Absence 7948
33 1 3 309 0 136 Absence 8111
53 0 1 171 0 210 Presence 4495
25 0 2 174 1 160 Presence 4049
71 1 2 298 1 77 Absence 4763
79 0 1 230 1 153 Presence 746
75 1 3 282 1 104 Absence 7437
27 1 4 346 2 127 Presence 6057
40 0 2 335 0 139 Presence 7639
64 1 4 308 1 203 Presence 4830
78 1 2 331 0 178 Presence 7831
41 1 3 242 0 106 Absence 911
55 1 4 176 0 171 Presence 272
43 0 1 255 2 83 Absence 2803
48 1 3 332 1 127 Presence 3556
39 0 4 253 0 146 Absence 5616
44 0 3 318 2 166 Presence 9790
50 1 1 290 2 93 Presence 5645
51 0 3 267 2 129 Absence 762
35 1 3 246 2 114 Presence 4898
54 0 4 192 2 175 Presence 3141
51 1 2 334 0 114 Presence 4309
37 1 1 179 2 201 Absence 7528
47 1 3 340 1 199 Absence 8819
30 1 1 146 1 204 Presence 1334
32 1 2 183 2 184 Presence 7920
26 0 3 146 0 196 Presence 8972
34 1 1 137 2 154 Absence 9775
44 0 1 265 1 100 Absence 1547
77 1 2 181 0 156 Presence 4488
73 0 1 223 0 139 Presence 4990
79 0 2 316 1 162 Absence 1950
71 1 3 241 0 145 Absence 9739
79 1 3 175 0 167 Absence 8435
31 1 4 252 1 88 Absence 5201
33 0 4 142 1 112 Absence 990
66 1 3 163 1 193 Absence 5888
54 0 1 247 2 106 Presence 7493
59 0 3 180 1 151 Presence 5088
50 0 2 147 0 208 Absence 4793
68 1 3 272 1 91 Presence 5911
26 0 2 234 2 94 Presence 6835
38 1 1 250 0 86 Presence 2643
44 1 3 185 1 177 Presence 4218
77 1 4 196 1 165 Absence 2116
72 1 4 217 1 164 Absence 8799
54 0 4 247 2 161 Presence 2816
28 0 1 334 2 166 Absence 4341
26 0 4 259 1 180 Absence 8158
66 0 1 311 1 131 Presence 269
61 0 2 207 0 203 Presence 2030
67 0 1 323 1 196 Presence 1421
47 0 4 161 1 182 Absence 9941
55 0 2 193 0 155 Absence 4845
77 0 4 159 0 137 Presence 80
38 0 4 320 0 184 Absence 4283
25 1 4 148 2 171 Absence 79
54 0 3 226 2 157 Absence 2885
78 0 4 196 1 124 Absence 6820
42 0 2 283 1 74 Presence 7044
77 1 3 203 0 121 Absence 5983
79 1 2 242 0 71 Presence 3155
38 1 4 195 0 170 Absence 5416
69 1 3 192 1 77 Absence 466
42 0 3 150 1 87 Presence 5965
30 1 2 230 1 149 Presence 6222
34 1 2 344 1 99 Presence 3532
38 0 2 179 2 94 Presence 4579
33 0 4 267 1 105 Presence 8581
72 0 4 196 0 102 Absence 3206
48 1 4 295 1 133 Presence 1727
26 0 1 329 1 76 Absence 1758
36 0 4 157 1 106 Presence 8464
52 1 3 345 1 85 Absence 5708
38 1 4 163 0 138 Presence 5167
35 0 3 220 1 128 Absence 5936
78 0 1 326 2 186 Presence 6655
62 1 4 127 2 136 Presence 4910
43 1 4 187 0 191 Absence 5332
68 1 4 217 1 167 Presence 5239
66 1 1 148 1 101 Absence 8916
72 0 2 342 1 124 Absence 3251
51 1 2 257 2 204 Presence 8126
60 0 1 143 0 94 Presence 1143
45 1 4 254 1 128 Presence 3233
50 0 4 289 1 168 Presence 3703
44 1 1 140 2 207 Presence 2616
26 0 2 298 0 146 Absence 937
32 0 2 304 1 121 Presence 6318
69 1 2 153 2 196 Presence 2011
44 1 1 329 0 118 Absence 1322
62 1 2 126 1 168 Absence 891
32 1 3 144 0 155 Presence 8683
51 1 4 287 1 141 Absence 483
70 0 1 280 1 121 Absence 10000
53 1 3 341 1 107 Absence 9209
54 0 4 171 2 104 Absence 8702
49 0 3 199 2 180 Presence 802
50 1 1 266 1 118 Absence 7699
54 0 2 268 0 136 Absence 3705
63 0 1 219 2 193 Absence 3119
78 1 3 266 1 192 Absence 5366
34 0 2 320 1 84 Presence 8148
70 1 3 233 1 182 Absence 7114
33 0 2 326 1 194 Presence 2977
46 1 2 124 2 190 Absence 9936
26 1 4 317 0 140 Presence 1858
66 0 1 144 2 144 Absence 5078
41 1 3 318 2 209 Presence 5404
69 1 1 333 1 196 Presence 131
50 0 4 178 0 144 Presence 5198
39 0 1 293 0 84 Presence 381
42 0 2 178 1 79 Absence 1076
64 0 1 225 2 200 Presence 6474
78 1 4 188 1 105 Absence 7971
30 1 2 240 0 116 Presence 7203
26 1 3 273 1 192 Absence 1764
79 0 4 332 2 133 Absence 7283
53 1 1 219 1 174 Presence 2043
33 0 1 131 0 104 Absence 1720
68 0 1 326 2 160 Absence 9426
38 0 3 264 2 72 Absence 228
36 0 3 143 1 122 Presence 1126
65 1 3 148 1 96 Absence 5581
67 1 2 243 2 85 Absence 2417
65 1 2 341 1 118 Absence 6244
28 1 3 308 0 88 Absence 230
27 1 2 243 1 207 Absence 6098
59 1 2 262 2 164 Absence 5545
25 0 2 347 1 131 Presence 5344
27 0 3 261 1 129 Presence 3740
43 1 2 227 0 156 Presence 9403
31 0 4 138 1 144 Presence 2477
58 0 4 161 1 114 Absence 378
55 1 3 192 1 204 Absence 1073
41 0 3 277 1 110 Presence 8938
77 1 4 283 2 191 Presence 8049
45 0 2 317 2 164 Absence 6145
48 0 4 239 2 209 Presence 1165
29 1 4 245 1 97 Absence 4885
75 1 1 244 2 119 Absence 2359
79 1 2 188 0 165 Absence 7291
66 0 3 184 1 204 Presence 59
29 1 2 348 2 103 Absence 1117
48 1 3 199 2 70 Absence 8211
50 1 4 159 2 201 Presence 6299
43 1 1 301 0 198 Absence 3314
42 1 2 290 2 175 Absence 854
69 1 4 128 1 134 Presence 3782
49 1 2 211 1 71 Absence 7048
75 1 3 160 2 90 Presence 9386
47 0 1 303 1 94 Absence 1307
53 0 3 307 1 170 Presence 105
40 1 3 171 0 101 Absence 2491
61 1 3 232 0 135 Presence 9681
43 0 4 286 0 110 Absence 8165
40 1 4 127 2 119 Presence 9116
78 0 2 128 2 204 Absence 2637
57 0 3 172 1 189 Presence 3563
59 1 4 160 1 175 Presence 6639
52 0 3 350 2 107 Presence 4046
29 1 3 235 0 206 Absence 1286
52 0 1 292 2 172 Absence 4894
49 0 3 139 2 201 Absence 7306
58 0 2 340 1 158 Presence 7707
35 0 2 246 1 206 Presence 4266
74 1 1 338 1 129 Presence 9841
59 1 2 150 1 188 Presence 6670
64 1 3 189 1 205 Absence 656
73 0 1 262 1 175 Absence 2171
52 1 1 217 0 90 Absence 3348
72 0 4 207 1 132 Absence 8399
47 0 1 281 1 90 Presence 4329
38 0 2 300 2 120 Presence 6423
52 0 4 186 1 167 Presence 3900
45 0 4 140 2 91 Presence 238
64 0 2 319 1 96 Presence 3
64 1 3 208 2 126 Absence 665
43 1 1 259 1 190 Presence 4862
27 1 3 167 1 72 Absence 2483
25 0 2 151 0 191 Absence 8196
65 1 3 169 2 121 Absence 736
25 0 3 342 2 120 Absence 6251
25 1 1 207 1 137 Absence 1853
71 0 4 344 0 81 Absence 1188
63 1 2 163 2 154 Presence 7017
51 1 4 345 0 79 Absence 5544
44 1 3 200 1 122 Presence 9172
31 1 3 250 0 188 Absence 4318
63 1 4 311 2 157 Presence 5691
62 1 1 150 0 75 Absence 9649
72 1 1 257 2 80 Presence 4135
44 1 3 331 1 123 Absence 8361
48 1 2 135 2 160 Presence 7612
50 1 4 176 2 80 Presence 1593
31 0 1 202 1 114 Absence 7871
53 0 2 283 2 76 Absence 7414
68 0 1 274 1 172 Absence 2136
62 1 1 262 2 183 Presence 4033
49 0 4 303 1 123 Presence 2005
29 0 3 275 0 92 Absence 9294
52 1 2 283 1 205 Absence 1608
28 1 3 179 2 155 Absence 6382
42 0 2 260 1 193 Absence 4790
55 0 1 162 0 88 Presence 2314
43 1 4 167 1 175 Presence 6133
46 1 2 349 2 206 Presence 1273
78 1 2 269 1 76 Presence 6077
27 1 3 299 0 120 Presence 5506
34 1 1 343 2 83 Presence 786
49 0 1 317 0 96 Presence 6695
63 1 1 233 0 126 Absence 7621
34 1 3 237 0 184 Presence 4268
46 0 3 129 1 143 Presence 1661
65 1 3 252 2 194 Absence 5283
76 1 1 328 0 190 Absence 5023
38 0 1 123 1 125 Presence 1221
37 1 1 131 1 195 Presence 7865
65 1 1 226 2 181 Presence 712
60 0 2 170 0 103 Absence 622
45 1 3 277 2 86 Absence 3449
78 1 2 167 1 204 Presence 9109
35 0 1 348 0 210 Presence 351
36 0 1 303 2 91 Presence 1407
25 0 2 234 0 110 Presence 4198
79 0 4 289 0 181 Presence 3272
43 0 4 271 1 108 Presence 1665
46 0 4 311 0 173 Absence 9484
31 1 1 332 0 175 Absence 4711
39 0 1 333 2 147 Presence 1808
51 0 1 348 1 194 Absence 7214
25 1 4 179 0 73 Absence 7581
27 0 4 223 0 86 Presence 1842
53 0 3 186 1 144 Presence 5457
58 0 3 320 1 95 Absence 7520
25 0 2 140 2 124 Absence 3988
47 0 3 216 0 93 Presence 7084
38 0 4 312 1 174 Presence 1309
77 0 1 199 2 159 Absence 7097
25 0 4 337 0 134 Presence 4363
25 0 2 278 1 178 Absence 2281
48 1 4 291 1 118 Presence 4637
73 0 1 305 1 184 Presence 6507
59 1 1 213 1 114 Absence 6869
40 1 4 124 2 141 Presence 3056
76 0 3 302 1 104 Absence 3292
76 0 3 149 1 150 Absence 5551
65 1 1 324 2 140 Absence 5576
45 1 4 123 0 189 Absence 7107
70 1 2 193 0 104 Absence 1332
39 1 1 287 2 92 Presence 6620
25 0 2 217 2 102 Absence 3571
75 1 3 309 1 72 Presence 247
54 0 2 279 0 113 Absence 956
74 0 3 144 2 111 Absence 4368
66 0 2 221 0 203 Presence 3881
61 1 4 293 2 209 Presence 7941
63 0 4 201 2 195 Absence 8411
52 1 4 231 0 88 Presence 6580
34 1 2 342 0 121 Presence 8633
76 1 4 150 0 91 Presence 1733
42 0 4 293 1 198 Absence 3226
36 1 1 289 0 179 Presence 536
61 0 2 246 0 156 Absence 897
79 0 2 234 2 159 Absence 8822
73 1 1 305 2 144 Presence 9725
31 1 1 141 2 98 Presence 6067
38 0 4 250 0 198 Absence 2527
25 1 3 175 0 98 Presence 7072
59 1 3 326 0 74 Absence 4393
57 1 3 167 0 145 Presence 5747
36 1 2 339 2 111 Presence 7833
71 1 3 336 0 128 Presence 5773
65 1 2 319 0 206 Presence 2584
54 1 3 266 1 136 Presence 2078
50 1 1 302 2 124 Presence 499
51 0 4 248 2 71 Absence 3158
71 1 3 327 1 126 Absence 1613
52 1 3 310 0 109 Absence 5876
47 0 4 233 0 71 Absence 6294
53 0 3 253 0 182 Presence 2694
50 1 3 313 2 164 Absence 8190
38 1 2 208 2 194 Presence 4457
26 0 1 198 2 183 Presence 4041
28 1 3 200 0 96 Absence 3757
78 1 3 211 1 142 Absence 6248
30 1 2 299 1 168 Absence 9062
69 1 2 183 0 175 Absence 646
76 0 1 232 1 143 Presence 691
58 1 2 167 2 140 Absence 1222
79 1 3 344 2 149 Absence 3807
33 1 2 245 0 209 Absence 1922
40 1 3 265 1 116 Absence 2575
25 0 2 338 2 166 Presence 7279
77 0 4 324 0 76 Absence 191
51 1 1 144 2 168 Presence 6102
39 1 3 302 0 210 Presence 5122
48 0 2 180 1 75 Presence 9026
52 0 3 321 1 75 Absence 6943
68 0 3 132 0 95 Absence 5869
55 1 4 237 0 77 Absence 9774
76 1 4 136 2 178 Presence 7296
79 0 3 167 0 187 Presence 3738
49 0 1 308 2 71 Presence 3135
78 1 4 204 2 83 Absence 9369
60 0 4 123 2 78 Absence 4111
63 0 2 279 1 198 Presence 819
58 1 1 140 1 118 Presence 1098
59 0 2 274 1 103 Presence 4958
51 1 2 334 1 174 Presence 4839
61 0 3 319 1 190 Absence 6748
56 1 4 180 0 185 Presence 7150
48 0 2 167 1 132 Presence 4390
44 1 1 130 1 198 Presence 1732
43 1 1 250 1 192 Absence 5550
29 0 1 347 2 206 Presence 4633
61 0 1 281 2 143 Absence 5308
76 1 2 200 2 174 Absence 8610
38 1 3 157 0 197 Presence 7000
63 0 3 288 0 135 Absence 2132
60 1 2 177 0 98 Presence 5212
75 1 4 315 0 87 Presence 3028
29 0 1 257 1 96 Absence 3232
66 0 1 316 0 195 Absence 2446
40 0 3 279 1 128 Presence 9840
72 1 3 259 1 116 Presence 8962
48 1 2 121 0 201 Presence 3319
50 1 1 235 0 166 Absence 43
65 1 2 275 2 206 Absence 7774
26 1 3 146 2 181 Absence 5008
44 1 3 220 2 169 Presence 9185
54 0 1 165 0 164 Absence 671
74 1 3 339 2 142 Presence 8220
35 0 3 253 0 204 Absence 5083
33 1 4 221 1 76 Presence 7398
41 1 4 136 1 142 Presence 6
52 1 1 185 2 192 Absence 2564
42 1 2 195 1 137 Absence 3253
50 0 2 262 2 70 Absence 962
56 1 4 166 2 139 Presence 76
51 0 3 196 1 201 Absence 8716
33 1 3 231 1 181 Presence 9322
44 0 3 220 1 112 Absence 5553
33 0 1 273 1 158 Absence 389
64 1 2 339 0 152 Presence 932
51 0 4 159 0 185 Absence 9310
52 0 2 137 0 85 Presence 4237
75 0 4 136 2 164 Absence 2897
25 1 3 223 2 113 Presence 182
43 0 3 122 0 107 Absence 7877
79 1 3 293 0 78 Presence 9867
49 1 3 137 1 129 Presence 4168
68 1 4 154 1 142 Presence 1260
28 1 1 167 1 178 Presence 5172
55 1 2 214 2 106 Presence 6668
34 1 1 175 1 201 Presence 8043
44 1 4 337 1 208 Presence 5150
54 1 3 196 2 115 Absence 5055
67 1 3 230 2 147 Absence 3262
52 0 3 157 0 123 Presence 1893
45 1 2 245 2 70 Presence 4006
40 0 4 172 2 71 Absence 869
32 0 2 274 2 133 Presence 2350
66 1 1 159 2 98 Absence 355
41 0 1 323 1 99 Presence 1595
63 1 1 203 1 185 Presence 108
71 1 3 122 2 194 Absence 9090
36 1 1 300 1 188 Absence 6957
73 0 3 312 0 170 Absence 6182
50 1 4 296 1 85 Presence 9151
52 1 2 267 1 194 Absence 11
39 0 4 142 0 205 Presence 6160
45 0 4 201 2 167 Absence 2101
51 0 4 172 2 167 Absence 8153
57 0 1 284 0 117 Absence 6823
78 0 3 269 1 176 Presence 3282
56 0 1 205 0 202 Presence 2531
58 0 4 186 2 108 Absence 3866
40 0 2 268 1 87 Presence 9002
42 0 2 187 2 177 Absence 5489
41 0 3 326 0 206 Absence 34
28 0 1 292 2 206 Presence 4013
74 0 3 197 0 164 Presence 1815
51 0 3 240 0 172 Presence 580
74 1 2 252 0 102 Presence 2706
29 0 4 156 2 118 Absence 5633
57 0 2 145 1 137 Absence 7320
33 0 3 214 1 115 Presence 9883
31 0 2 265 0 76 Presence 8697
26 0 1 156 2 201 Presence 38
69 1 1 299 1 105 Presence 7492
63 0 3 171 2 125 Absence 3941
56 0 3 343 2 98 Presence 5182
40 1 3 221 0 210 Absence 7418
55 0 2 197 1 152 Absence 4171
33 1 4 226 2 139 Absence 4459
44 0 3 177 2 165 Absence 8318
78 0 3 237 2 123 Absence 3756
48 1 2 159 2 117 Absence 9334
45 0 1 158 2 183 Absence 1290
66 0 2 135 0 110 Absence 713
71 0 3 326 1 159 Absence 7564
31 0 1 142 1 108 Presence 8497
44 0 2 325 1 91 Presence 8262
54 1 2 143 2 82 Absence 154
55 1 1 338 2 193 Absence 1192
69 0 4 180 0 167 Presence 7557
33 1 3 251 0 78 Presence 4327
78 0 4 157 0 177 Absence 9721
43 1 4 315 0 203 Presence 8734
57 1 3 227 1 162 Presence 503
49 0 4 181 0 199 Presence 3589
30 0 4 301 0 90 Absence 9950
55 0 3 184 2 171 Absence 7660
53 0 2 227 2 108 Presence 992
30 0 4 340 2 136 Presence 3358
68 0 1 120 1 119 Absence 977
26 1 4 202 0 166 Presence 4518
62 0 2 298 2 157 Absence 6395
51 1 3 335 2 99 Presence 4691
32 0 4 213 1 155 Absence 5998
78 0 1 186 1 201 Presence 7264
50 1 4 236 2 117 Absence 2096
40 0 2 268 0 187 Absence 5033
28 0 3 293 0 124 Presence 4501
44 0 3 166 2 197 Absence 4124
31 1 1 249 2 185 Presence 8658
55 0 4 316 2 98 Absence 7449
63 0 4 290 1 202 Presence 8084
60 0 1 178 0 174 Absence 8637
64 1 3 322 2 90 Absence 7267
45 1 4 338 1 93 Presence 2572
65 1 3 214 2 168 Presence 7295
64 0 4 335 0 193 Absence 3013
78 1 1 150 2 179 Absence 8829
71 1 1 239 1 165 Absence 8552
54 0 3 296 2 127 Presence 1242
57 0 1 155 2 132 Presence 5407
30 0 1 192 1 113 Absence 4362
77 0 3 307 1 85 Presence 7222
39 0 2 140 1 146 Presence 6597
42 1 1 136 2 148 Presence 3153
54 1 4 318 2 82 Absence 595
31 0 4 198 0 182 Absence 3701
28 0 2 207 2 96 Absence 3713
51 0 4 325 2 166 Absence 3585
32 0 4 174 2 126 Presence 6508
63 1 2 174 0 167 Presence 1198
40 0 4 152 0 114 Presence 5218
40 0 2 141 1 173 Absence 7488
56 1 1 277 1 78 Presence 5810
62 0 3 214 2 105 Presence 3596
57 0 4 246 1 129 Absence 5511
69 0 4 177 2 146 Presence 6509
29 0 2 292 0 193 Absence 1646
79 1 3 162 0 177 Absence 8215
61 0 3 259 0 74 Absence 3286
65 0 1 209 2 174 Presence 9608
47 1 4 266 0 107 Presence 5029
32 0 1 210 2 131 Presence 4311
45 0 4 342 1 123 Absence 6440
27 0 2 120 0 94 Presence 6628
58 0 4 189 0 172 Absence 2092
38 1 3 346 2 109 Presence 947
76 1 3 333 0 202 Presence 2049
74 1 2 252 1 146 Absence 8756
28 0 3 259 1 164 Presence 2578
63 0 3 151 2 165 Absence 3961
59 1 3 120 1 98 Absence 2002
75 1 1 274 1 138 Absence 5086
49 1 2 250 1 165 Absence 8678
78 1 4 252 1 182 Presence 6932
52 1 4 238 1 132 Presence 2265
60 1 3 289 2 97 Absence 9051
60 0 1 291 0 145 Absence 4872
55 1 2 158 0 128 Presence 5394
58 1 1 139 1 207 Presence 3270
70 1 1 300 0 142 Absence 5161
70 1 4 320 2 141 Presence 6101
49 0 4 152 1 142 Absence 775
39 1 4 293 2 185 Absence 6692
42 0 4 197 2 196 Presence 566
42 0 2 342 2 198 Absence 4384
69 0 2 223 1 209 Absence 13
67 1 2 157 2 188 Presence 3913
73 1 2 249 0 82 Absence 8563
74 0 3 220 1 133 Presence 7071
48 0 1 333 1 119 Presence 8907
29 1 4 161 1 169 Presence 8765
63 1 4 207 0 205 Absence 7824
38 0 3 194 1 92 Presence 101
38 0 3 173 0 133 Presence 1128
45 1 1 222 0 103 Absence 3298
41 0 3 209 2 152 Presence 7302
26 1 4 206 2 185 Presence 9727
76 0 2 223 2 167 Presence 6080
49 1 3 123 0 200 Presence 2768
76 1 4 134 0 168 Absence 5304
69 1 1 243 2 159 Presence 6017
79 0 1 126 1 76 Presence 1704
34 0 3 184 0 197 Presence 4324
48 0 4 190 0 145 Absence 1673
41 0 2 288 2 181 Absence 7543
46 1 3 217 1 94 Absence 948
67 0 3 221 2 149 Presence 322
72 1 3 235 1 85 Absence 4692
79 0 1 221 2 137 Absence 6611
38 0 2 325 2 180 Absence 559
47 0 2 338 1 131 Absence 9415
62 0 1 253 1 207 Absence 9606
29 1 2 226 1 199 Absence 2262
77 0 3 142 2 92 Absence 8266
47 1 3 278 2 129 Absence 2357
68 0 4 165 2 179 Absence 6257
67 1 3 220 0 119 Absence 3942
32 0 4 208 2 202 Absence 4348
61 0 2 142 1 101 Presence 472
58 1 4 209 1 173 Presence 4796
75 0 3 279 2 135 Presence 4755
78 0 3 249 1 171 Absence 657
40 0 4 122 1 187 Presence 3928
72 1 2 285 1 204 Absence 2415
56 0 4 287 0 100 Absence 9141
55 1 3 141 0 115 Absence 9336
68 0 1 163 1 174 Absence 8068
53 0 4 290 1 125 Presence 6645
31 0 2 127 0 171 Presence 8524
54 0 2 309 1 155 Absence 3721
43 1 2 208 2 96 Absence 552
29 1 3 291 1 209 Absence 5014
75 0 1 216 1 104 Presence 9940
57 1 2 135 1 150 Presence 6773
77 1 2 334 2 107 Absence 9455
34 0 1 146 1 165 Presence 6349
75 1 3 158 2 209 Presence 3127
64 1 1 300 0 80 Absence 1654
62 0 1 275 1 131 Absence 9509
35 1 3 336 2 97 Presence 2669
61 0 1 319 0 178 Presence 3252
41 0 3 125 2 122 Absence 6576
62 0 4 188 0 87 Absence 822
30 1 2 334 0 181 Absence 8352
67 1 2 330 1 128 Absence 8693
72 1 1 185 2 99 Presence 5398
26 0 4 302 2 119 Absence 9880
72 0 4 182 0 196 Presence 6069
25 0 3 339 0 79 Presence 982
61 1 3 286 0 188 Absence 7897
32 0 2 230 2 139 Presence 7745
54 0 4 198 1 97 Presence 2139
47 0 3 140 0 107 Absence 5333
78 0 4 180 1 118 Absence 5002
51 1 2 233 1 86 Presence 4557
34 1 2 196 1 203 Absence 3543
73 1 1 124 1 120 Absence 970
29 0 2 191 0 89 Presence 2010
60 1 2 195 2 209 Presence 3315
47 1 1 250 1 189 Presence 5345
62 1 4 263 2 184 Presence 3468
70 1 3 308 2 181 Absence 4045
60 0 3 200 0 182 Presence 280
60 0 4 159 0 87 Presence 9642
53 1 2 266 1 158 Absence 8141
60 1 4 141 0 115 Absence 1967
40 0 3 151 1 99 Presence 9943
64 0 2 342 1 131 Absence 6794
26 1 3 121 0 152 Presence 554
59 1 1 175 2 109 Presence 2455
36 0 3 245 1 116 Presence 2169
27 1 4 271 0 138 Absence 32
61 1 2 314 1 124 Presence 8521
68 1 1 242 1 128 Presence 1753
71 0 2 229 0 122 Absence 707
38 0 2 336 1 138 Presence 6166
56 1 4 288 1 155 Absence 3063
65 0 4 132 1 75 Presence 1874
68 0 4 287 2 183 Absence 103
51 1 1 214 1 86 Absence 9548
28 0 4 148 1 196 Absence 2863
35 1 3 169 1 143 Presence 6811
28 0 1 140 0 184 Absence 9581
79 0 4 260 0 189 Absence 6052
41 1 4 224 1 158 Absence 8804
59 0 1 333 0 208 Presence 6893
26 1 3 136 1 99 Absence 6808
43 0 1 156 1 151 Presence 6469
39 1 1 298 1 133 Presence 8940
39 1 2 220 0 127 Absence 4632
53 1 1 123 0 150 Absence 5474
71 0 2 148 1 113 Presence 985
49 1 4 265 2 194 Absence 3489
29 0 3 292 1 82 Absence 8800
42 0 1 151 2 94 Presence 5756
29 1 1 292 0 198 Absence 9697
73 1 3 233 1 89 Presence 4815
28 0 3 154 2 118 Presence 9521
49 0 1 331 0 87 Presence 8212
50 1 2 133 1 202 Presence 8941
56 0 3 211 0 202 Presence 3003
46 1 2 240 2 159 Absence 1903
73 0 3 238 2 77 Presence 511
40 1 1 275 2 141 Presence 6081
42 1 4 178 2 125 Absence 9219
65 0 2 342 1 188 Absence 2438
52 1 1 323 2 132 Presence 5562
70 1 4 265 0 210 Presence 4369
25 1 4 135 2 202 Presence 9048
69 1 2 238 2 175 Absence 157
76 1 1 346 2 206 Presence 9177
65 0 2 313 2 189 Absence 1512
62 1 3 209 1 114 Absence 7522
63 1 3 137 0 178 Absence 7662
70 1 3 156 1 174 Absence 6053
65 0 4 241 2 194 Absence 5648
77 1 4 141 0 203 Absence 3893
75 0 3 198 0 110 Absence 451
75 1 2 329 1 146 Absence 5137
51 0 4 207 0 96 Absence 6152
65 1 3 342 2 155 Presence 8517
45 1 1 194 2 115 Presence 3519
36 0 1 324 0 87 Presence 9150
62 0 2 303 2 153 Absence 1410
44 1 3 169 2 90 Absence 4919
79 1 4 138 2 178 Absence 98
75 1 2 225 0 84 Presence 1112
74 1 1 294 1 160 Presence 6427
69 1 4 304 1 181 Absence 8085
35 1 3 326 0 165 Absence 1569
65 1 4 274 1 186 Presence 2052
32 1 3 289 1 187 Absence 9596
77 1 4 209 2 186 Absence 6131
32 0 2 122 2 83 Presence 8942
45 1 4 268 0 190 Absence 8991
62 0 2 240 2 83 Absence 1433
75 0 2 185 1 116 Presence 9611
45 0 3 123 0 105 Presence 8562
27 0 1 213 2 102 Absence 6010
44 1 1 126 0 171 Presence 3601
55 1 2 228 0 205 Absence 2242
61 1 1 311 1 92 Absence 3687
36 1 4 186 2 158 Presence 1930
70 1 1 305 0 124 Absence 9956
76 1 3 249 0 202 Absence 2068
62 1 3 302 1 125 Presence 9619
29 1 3 207 1 208 Presence 5189
59 1 4 225 2 167 Absence 3325
52 0 2 121 1 189 Absence 2143
70 1 4 305 0 166 Presence 5043
74 1 1 195 2 168 Absence 9059
63 1 1 214 1 119 Presence 5603
71 1 3 141 0 121 Absence 7610
66 1 4 161 1 95 Presence 8699
44 0 3 216 2 112 Absence 9086
44 1 4 313 1 165 Presence 9839
47 1 3 202 1 196 Presence 6209
39 0 3 268 0 161 Presence 645
54 1 1 190 0 210 Presence 2835
46 1 3 313 2 87 Presence 596
35 0 3 241 1 136 Absence 8375
77 1 2 223 1 82 Absence 2498
74 0 3 232 2 200 Absence 3878
25 0 1 216 1 188 Presence 3024
38 0 4 134 1 110 Presence 1823
31 0 3 294 0 171 Absence 7368
42 0 1 124 1 111 Presence 7959
29 1 2 307 1 72 Presence 2720
50 1 2 233 2 175 Presence 9330
46 1 4 200 1 159 Absence 9884
46 0 4 187 1 128 Presence 690
52 0 3 293 1 110 Presence 5209
27 1 2 123 0 116 Absence 6424
66 1 3 201 2 106 Absence 946
76 1 1 162 0 72 Presence 2915
57 1 3 246 2 162 Presence 5153
40 1 1 221 0 82 Absence 9012
55 0 1 283 2 149 Absence 5058
32 0 1 305 2 167 Absence 3851
64 0 2 205 2 183 Presence 6399
42 1 4 206 0 141 Absence 9434
31 0 1 285 0 103 Absence 7551
46 1 3 234 2 196 Absence 8661
27 0 4 281 2 180 Absence 7050
53 1 1 239 2 140 Presence 7407
43 0 3 302 1 175 Presence 3919
31 1 1 335 1 91 Absence 223
28 0 4 272 2 180 Absence 3065
64 1 3 197 0 190 Presence 9519
32 0 3 191 2 165 Presence 2990
57 0 4 165 1 115 Presence 2324
25 0 3 196 0 172 Presence 5266
40 0 2 190 1 114 Absence 5569
30 0 2 270 2 148 Absence 8636
64 1 4 297 1 161 Presence 7108
57 1 4 265 1 158 Absence 6758
55 0 3 212 1 129 Absence 5837
32 0 4 260 1 99 Presence 5649
43 0 3 289 0 87 Presence 7705
62 0 2 323 0 163 Absence 2982
53 1 3 248 2 161 Presence 9382
76 0 2 211 2 153 Presence 4251
40 1 1 133 0 109 Presence 7541
55 0 2 137 0 202 Presence 5480
36 0 4 169 1 168 Absence 1436
30 0 4 267 2 200 Presence 7916
46 1 2 324 2 107 Absence 1581
31 1 1 211 0 123 Presence 2123
26 0 3 329 0 85 Absence 3691
54 1 4 303 2 74 Absence 651
33 1 2 341 2 191 Absence 7377
57 1 1 268 2 123 Presence 7364
38 0 3 202 1 125 Absence 7817
56 1 3 240 1 162 Presence 5507
27 1 1 344 1 116 Presence 9284
74 0 3 155 0 144 Absence 3214
56 0 3 189 0 162 Presence 1167
39 0 4 195 2 99 Absence 5178
78 1 1 303 2 94 Absence 1055
28 0 4 346 0 200 Absence 539
38 0 3 232 0 104 Presence 9594
47 0 4 183 1 130 Presence 2034
77 1 2 158 0 193 Presence 3241
38 1 2 192 1 117 Presence 1118
70 0 2 275 0 175 Absence 800
72 1 3 235 1 77 Presence 9669
47 1 1 331 2 106 Presence 5638
34 1 2 147 1 193 Presence 2166
72 1 1 250 0 109 Absence 3560
25 1 2 203 2 209 Absence 3503
25 0 1 164 1 75 Absence 7042
65 1 1 345 1 123 Presence 1649
31 1 2 189 2 186 Absence 2913
33 1 4 193 1 81 Absence 695
59 0 2 212 1 114 Presence 5651
26 1 2 205 2 79 Presence 6802
77 1 4 170 0 119 Absence 1653
73 0 2 337 2 194 Presence 2267
73 1 1 213 2 105 Presence 3491
34 0 1 212 1 168 Absence 1287
71 0 4 188 0 166 Absence 1404
59 0 1 132 0 82 Absence 4167
67 1 3 228 2 156 Absence 748
54 0 3 251 1 151 Presence 3098
60 1 2 220 0 190 Presence 1651
74 0 4 236 2 129 Absence 4864
34 0 4 297 1 167 Absence 2349
79 1 4 310 1 121 Presence 45
32 0 3 285 2 170 Presence 9583
61 0 3 187 1 122 Absence 7059
27 1 3 137 2 122 Absence 8379
35 0 1 330 1 122 Absence 1305
56 0 1 140 1 87 Absence 740
76 0 1 132 1 148 Absence 2805
51 0 2 275 0 132 Presence 1590
39 0 1 218 2 157 Presence 8161
51 1 2 145 1 175 Presence 1041
29 1 4 342 1 153 Absence 4081
51 1 3 177 2 135 Presence 7209
31 1 1 249 2 83 Presence 8590
77 1 1 287 0 179 Presence 1452
45 0 4 123 1 103 Presence 5641
43 0 1 340 0 156 Absence 642
78 1 2 212 0 77 Absence 5729
74 1 4 343 2 87 Absence 9251
40 0 3 186 1 147 Absence 2638
73 0 4 266 1 126 Presence 2444
78 0 2 215 0 151 Absence 6111
48 1 4 253 2 77 Absence 3883
39 0 4 333 2 179 Absence 7419
41 0 4 232 1 107 Presence 5762
41 1 1 161 0 195 Presence 9102
34 1 4 335 2 128 Absence 964
44 0 1 231 0 119 Absence 4988
48 1 2 314 1 192 Presence 423
35 1 2 239 0 158 Absence 9021
56 1 3 126 1 79 Presence 6157
41 1 2 211 2 197 Presence 1030
35 1 2 279 0 152 Absence 8587
79 0 1 249 0 152 Presence 496
41 0 1 298 1 172 Presence 4257
73 0 1 219 1 92 Absence 6439
33 1 4 263 1 172 Presence 9331
36 1 4 191 1 149 Presence 5929
63 1 3 309 2 117 Absence 2773
68 0 2 234 2 151 Absence 8370
31 0 1 349 0 187 Presence 3680
31 1 3 235 1 182 Absence 5256
72 0 2 313 0 111 Absence 8449
72 1 1 339 2 148 Presence 5127
53 0 1 317 2 146 Presence 4968
58 1 1 143 2 151 Presence 9648
75 1 2 190 0 73 Absence 8337
70 0 4 166 0 200 Presence 6892
52 0 2 299 0 178 Presence 1469
62 0 3 304 1 178 Presence 4874
31 1 1 135 0 175 Absence 5887
37 0 3 184 2 114 Absence 8205
60 0 3 313 1 137 Absence 6429
67 0 4 305 2 122 Presence 4294
70 0 2 205 1 172 Absence 767
52 0 4 299 2 117 Presence 6468
43 0 2 293 1 181 Absence 4726
29 1 3 186 0 90 Absence 2546
31 1 3 278 1 128 Presence 386
55 1 4 168 0 76 Presence 9498
54 1 2 154 0 137 Absence 2403
50 1 1 141 1 141 Absence 8825
46 1 2 183 1 74 Presence 7537
73 1 2 235 2 117 Presence 2502
70 0 1 339 2 122 Absence 3905
39 0 3 240 2 171 Presence 4730
25 1 1 255 2 175 Absence 9559
48 1 3 176 0 131 Absence 4058
32 0 1 273 0 118 Absence 1355
25 1 1 293 0 94 Absence 7691
44 0 1 135 0 135 Absence 4869
54 1 3 155 2 158 Absence 3542
29 1 1 267 0 71 Presence 7087
55 0 3 148 2 168 Presence 7224
67 0 4 249 0 122 Presence 6567
32 1 2 279 0 77 Presence 5899
66 1 1 280 1 167 Absence 1486
78 1 4 342 2 177 Absence 5321
62 1 2 155 2 140 Presence 6960
46 0 1 263 0 126 Absence 4863
30 0 1 208 1 171 Presence 7213
37 0 1 308 2 135 Absence 3060
37 0 3 308 1 113 Absence 4705
54 0 1 295 0 153 Absence 9629
53 1 3 213 1 114 Presence 4913
66 1 2 231 1 83 Presence 9024
59 0 3 343 0 156 Absence 6228
40 1 3 239 0 155 Presence 7898
44 1 1 175 2 97 Absence 9856
72 0 4 194 0 187 Presence 876
34 1 4 331 1 137 Absence 4184
25 0 3 151 0 114 Presence 8745
25 1 3 125 0 104 Absence 5738
36 0 1 208 2 204 Absence 6208
46 1 3 322 2 165 Presence 8710
50 0 3 177 2 176 Absence 9168
39 0 2 145 1 164 Absence 4937
44 1 2 296 0 141 Presence 8376
57 0 2 125 1 154 Presence 3620
49 1 1 261 0 189 Absence 6008
70 1 3 126 1 160 Presence 6587
65 1 2 279 1 105 Presence 8899
55 1 2 336 1 113 Absence 2208
41 1 4 227 1 116 Absence 4589
28 0 2 348 1 171 Presence 3736
33 1 1 330 2 100 Presence 8513
36 0 4 204 1 104 Presence 7509
47 1 3 127 1 99 Absence 1895
62 1 3 137 2 106 Absence 4208
56 0 1 209 2 129 Presence 5555
73 1 1 310 1 172 Absence 609
34 1 4 276 1 97 Presence 4344
39 1 2 231 0 169 Presence 2347
63 0 2 345 2 127 Absence 3249
47 1 3 313 1 88 Presence 7385
29 0 3 235 2 91 Presence 4934
25 0 4 289 2 117 Absence 1795
56 0 2 273 0 87 Presence 7755
36 0 4 259 1 172 Presence 7308
38 0 2 140 2 207 Presence 6339
30 0 1 187 0 170 Presence 2889
50 0 2 148 0 207 Presence 3137
43 1 2 254 1 155 Absence 325
33 1 2 326 2 95 Presence 4130
71 0 4 313 0 155 Presence 1241
31 0 3 249 0 127 Presence 9100
38 1 2 322 2 192 Presence 7820
27 0 4 300 1 122 Absence 8340
30 0 3 240 2 188 Absence 6484
34 0 1 242 1 72 Presence 4138
45 0 3 294 1 109 Absence 918
43 1 2 317 2 125 Presence 795
35 0 2 247 0 116 Absence 7743
38 1 2 135 0 177 Presence 1417
53 1 3 343 1 182 Absence 3950
60 0 3 185 2 206 Absence 5902
71 1 4 207 0 108 Absence 6574
65 1 4 213 2 187 Presence 4288
44 1 4 282 2 71 Presence 1848
30 0 4 171 0 160 Presence 1373
30 0 4 245 2 92 Presence 5862
36 1 2 175 1 130 Presence 4878
77 1 2 226 0 96 Presence 8070
34 0 1 225 1 124 Presence 7565
69 0 4 317 0 113 Presence 5519
79 0 2 124 1 74 Absence 2708
27 1 2 203 0 163 Presence 9254
27 1 4 216 1 188 Presence 799
42 0 2 164 1 130 Presence 6535
42 1 1 320 2 96 Absence 2340
44 0 2 130 0 208 Absence 4642
36 1 2 241 0 183 Absence 9889
63 1 2 248 0 200 Absence 8460
77 0 2 339 1 139 Absence 6455
61 0 4 219 2 129 Absence 9230
54 0 4 334 0 127 Presence 7969
71 0 3 224 0 171 Presence 5355
38 1 1 228 2 172 Absence 5534
55 0 1 249 1 142 Presence 1833
57 1 2 270 2 79 Absence 2072
76 1 4 200 0 173 Presence 319
38 1 4 231 0 160 Presence 9371
54 0 1 325 0 153 Presence 3333
29 1 4 150 2 170 Absence 1949
35 1 4 223 1 74 Presence 3156
32 1 4 171 0 112 Presence 7864
66 0 4 271 1 76 Presence 7046
63 0 4 315 1 93 Presence 8441
50 0 1 153 1 121 Absence 6263
74 1 3 132 1 108 Absence 5600
76 1 3 304 2 146 Presence 2772
50 0 1 185 0 199 Presence 1062
43 0 4 260 2 86 Presence 8073
55 0 1 296 0 111 Presence 5145
32 0 1 155 2 113 Presence 7870
72 1 4 238 1 85 Presence 6393
55 1 3 271 1 156 Presence 3534
79 1 4 134 2 102 Presence 1759
69 1 1 199 0 74 Presence 7848
63 0 4 277 1 101 Absence 9260
77 1 1 148 2 116 Absence 4938
73 1 2 137 2 79 Presence 2130
52 1 1 203 0 107 Presence 5108
70 0 2 256 0 91 Absence 2650
62 1 4 281 1 88 Presence 2255
75 1 2 251 0 122 Presence 676
75 0 3 209 0 200 Absence 2512
60 1 3 197 0 171 Presence 5588
66 0 3 214 1 202 Presence 4667
62 1 2 127 0 166 Absence 2814
59 1 3 267 2 154 Presence 4658
69 0 1 303 0 188 Presence 3367
70 1 4 270 0 182 Absence 8467
73 0 4 158 1 157 Presence 6599
52 1 4 258 2 184 Absence 366
47 0 3 262 2 171 Presence 2419
59 1 1 255 0 196 Absence 1680
29 0 1 346 2 90 Presence 9901
57 0 1 278 2 161 Absence 4975
71 0 2 280 2 106 Presence 7568
55 1 3 311 1 201 Absence 4912
65 0 3 155 2 128 Presence 3981
27 0 2 205 1 210 Absence 3388
59 1 4 236 0 85 Absence 7338
36 0 2 314 2 146 Absence 6501
54 1 1 267 0 198 Presence 2439
66 1 4 198 0 175 Absence 2789
49 0 4 326 0 205 Presence 2998
61 0 2 299 1 147 Presence 1101
29 0 4 127 1 194 Presence 8588
27 1 4 120 2 144 Absence 1558
52 0 4 175 0 170 Absence 8906
69 1 1 208 2 174 Absence 9137
64 0 2 194 2 167 Absence 2568
52 0 2 205 1 103 Presence 6169
28 1 4 273 2 85 Absence 7655
37 0 2 136 0 105 Presence 5064
64 1 1 211 2 206 Absence 3166
31 1 1 346 1 191 Absence 9164
42 0 1 242 1 78 Absence 4463
37 1 1 138 0 89 Presence 3999
65 0 3 348 1 112 Presence 6533
62 1 4 229 0 196 Absence 5867
30 0 4 319 2 131 Presence 9833
46 1 1 299 0 173 Presence 5199
37 1 4 152 2 196 Absence 9231
32 0 1 340 1 120 Presence 9505
50 1 4 347 1 159 Absence 6853
39 1 2 338 2 198 Presence 2794
74 0 3 317 0 146 Absence 4388
34 0 3 136 2 147 Absence 1725
52 1 3 165 1 99 Absence 4254
51 0 1 299 1 113 Presence 1474
40 0 4 200 0 179 Absence 842
41 0 2 134 0 80 Absence 3937
33 1 2 295 1 135 Presence 6827
77 1 4 303 2 105 Presence 9989
77 0 1 130 1 133 Absence 2597
79 1 3 174 2 116 Absence 3504
44 1 4 225 0 210 Presence 4585
28 0 3 311 0 162 Absence 454
58 1 4 297 1 199 Presence 5406
69 1 2 174 1 107 Absence 7697
76 1 1 200 2 209 Absence 3959
33 1 4 146 0 209 Presence 3887
30 0 2 275 0 159 Absence 4509
27 1 3 278 1 146 Absence 8905
36 0 1 294 2 171 Absence 4007
26 1 2 260 1 78 Absence 5320
29 0 1 237 0 105 Presence 8826
70 1 2 312 0 195 Absence 1326
50 1 4 179 2 205 Presence 7746
42 0 4 264 0 182 Absence 973
55 0 1 217 1 110 Absence 4978
74 0 1 271 0 77 Presence 5845
66 0 1 176 1 111 Presence 3018
68 0 2 171 1 163 Presence 2806
78 1 2 312 1 156 Absence 6659
45 0 1 278 0 110 Absence 4549
27 0 1 243 2 199 Presence 2157
26 0 2 324 0 74 Absence 2131
45 0 1 181 0 206 Absence 7218
27 0 1 121 1 195 Presence 6364
29 1 4 257 0 86 Presence 2700
31 0 3 264 0 84 Presence 9975
51 0 4 259 1 143 Absence 6156
47 0 1 147 1 134 Absence 4520
57 0 1 138 2 113 Presence 9844
67 1 3 141 0 92 Absence 3091
28 1 4 244 0 121 Absence 1734
33 0 1 183 2 114 Presence 2763
58 0 3 226 2 148 Absence 1033
30 0 2 312 2 200 Presence 6409
60 1 3 148 2 105 Absence 9573
30 0 4 343 2 178 Absence 5532
54 0 4 218 1 121 Presence 6889
38 1 2 249 1 179 Presence 6124
28 0 2 335 0 195 Absence 1301
45 0 2 128 2 201 Presence 8485
31 0 4 258 1 102 Absence 6796
35 0 4 312 2 101 Absence 428
75 0 1 254 2 161 Absence 4945
36 1 2 170 0 92 Presence 9278
28 0 4 266 2 72 Absence 3748
28 0 4 326 0 103 Absence 4048
68 0 4 177 0 113 Presence 661
79 0 2 324 1 115 Presence 1185
45 1 4 302 1 110 Presence 99
25 1 3 328 1 92 Presence 4440
29 1 1 234 1 181 Presence 1231
28 0 3 198 1 117 Absence 4810
68 1 1 293 1 182 Presence 1813
61 0 3 259 1 85 Presence 3982
35 0 2 209 0 91 Presence 8891
47 1 4 222 1 116 Absence 1174
59 0 4 300 1 170 Presence 6852
38 1 4 198 0 171 Presence 2470
76 0 4 323 0 78 Presence 6262
32 0 2 267 1 185 Presence 73
32 0 4 296 2 80 Absence 1533
46 1 1 281 1 124 Presence 197
40 0 1 124 0 192 Absence 9843
74 0 2 140 2 144 Absence 4833
53 0 4 126 0 207 Absence 6378
66 1 2 321 1 210 Absence 6583
29 1 2 299 0 138 Presence 2837
46 0 3 232 1 170 Absence 2422
53 1 3 199 1 194 Absence 6239
44 1 1 255 0 76 Presence 1617
66 1 4 265 2 74 Absence 4068
45 1 4 239 0 124 Absence 5840
35 1 3 294 0 204 Presence 9921
50 1 1 193 2 147 Absence 9877
34 1 4 178 0 110 Presence 2492
63 1 1 330 1 97 Absence 9444
60 1 3 140 1 155 Presence 9986
26 0 4 210 0 124 Presence 3650
31 1 1 319 2 197 Absence 735
72 0 3 234 2 159 Presence 3626
38 1 4 349 1 92 Presence 3356
73 1 3 140 0 76 Presence 2489
29 0 4 141 2 199 Presence 447
33 0 4 266 2 195 Presence 5809
60 1 2 255 1 182 Absence 3745
55 0 4 130 2 188 Absence 4562
73 1 2 243 2 151 Absence 7926
26 1 3 222 2 120 Presence 3440
26 0 1 294 1 80 Absence 4157
55 1 3 268 0 73 Absence 186
33 1 1 281 2 105 Presence 7070
71 0 2 124 0 185 Absence 4798
41 1 3 216 1 82 Presence 6546
47 1 3 289 1 70 Presence 5363
70 0 1 231 2 136 Absence 5726
65 1 3 142 0 110 Absence 739
56 0 2 201 2 179 Absence 234
39 0 1 319 2 148 Absence 5302
59 0 3 157 0 126 Absence 3285
76 1 4 319 2 106 Absence 9079
49 1 3 249 1 148 Presence 3908
32 1 4 188 0 167 Absence 3526
78 1 2 302 2 172 Presence 2800
34 1 3 209 1 110 Presence 8160
64 0 3 289 1 105 Absence 796
53 1 1 175 0 100 Absence 8933
60 1 1 179 0 191 Presence 311
38 0 1 290 1 197 Absence 3115
33 0 4 131 1 161 Absence 9595
57 1 3 204 1 109 Presence 8920
48 0 2 208 1 188 Absence 4779
74 1 4 218 1 139 Absence 9162
78 0 2 163 0 72 Absence 5309
29 1 3 199 1 201 Presence 2184
76 1 4 227 0 170 Absence 6372
47 0 1 303 2 188 Absence 9647
56 1 1 236 2 198 Presence 828
57 1 2 268 2 197 Presence 5846
51 1 4 293 1 196 Presence 8495
77 1 4 322 1 127 Presence 1492
32 1 4 155 1 159 Presence 4860
31 1 3 304 0 121 Absence 564
45 0 2 285 1 82 Presence 6640
43 1 2 172 1 112 Absence 6614
26 0 4 206 1 80 Presence 5447
34 1 1 301 0 86 Absence 6642
56 0 4 138 2 198 Absence 275
44 0 3 174 2 139 Absence 23
59 0 4 162 2 159 Absence 6643
46 1 2 275 2 100 Presence 6247
43 1 2 334 0 195 Presence 3236
76 0 1 339 0 137 Presence 1519
57 0 2 291 0 153 Presence 1797
53 0 4 129 1 148 Absence 28
26 0 3 267 1 117 Absence 1570
62 0 1 333 1 167 Absence 188
37 1 4 121 1 138 Presence 4694
30 1 3 124 2 201 Absence 2036
43 0 4 345 1 161 Presence 3476
31 1 4 283 2 204 Absence 89
59 1 3 253 1 103 Presence 4133
59 0 2 134 0 82 Absence 4010
79 0 1 162 2 93 Absence 8603
53 1 3 337 1 160 Absence 6441
27 0 2 204 0 133 Presence 814
75 1 3 256 0 153 Presence 7858
72 1 2 243 0 156 Absence 8827
52 1 1 255 0 163 Presence 570
79 1 4 338 1 109 Absence 8890
25 1 2 185 1 185 Presence 2516
71 1 3 135 2 83 Presence 1609
53 1 4 124 0 142 Absence 2112
25 1 4 211 0 169 Absence 4241
36 1 1 315 0 165 Presence 7339
30 1 4 238 2 145 Presence 9543
40 1 3 289 2 145 Absence 4492
59 0 2 332 0 169 Presence 1655
54 0 1 307 1 104 Presence 2237
46 0 1 139 1 170 Absence 9007
25 1 1 163 0 146 Absence 263
59 1 3 331 2 87 Absence 2707
71 0 2 176 1 198 Absence 5235
73 1 3 326 0 74 Absence 9736
54 0 2 303 2 176 Presence 5572
37 0 3 148 0 81 Absence 2427
58 0 2 344 2 178 Presence 7102
38 0 1 155 2 79 Presence 5328
30 0 3 272 2 189 Presence 367
31 1 4 301 1 134 Absence 6674
41 0 4 223 2 141 Absence 4665
77 1 3 199 1 201 Presence 6225
32 1 2 333 2 112 Presence 3647
56 1 4 340 0 208 Absence 9954
57 1 1 165 2 116 Absence 5567
39 0 1 196 1 179 Absence 7637
35 1 4 238 1 134 Absence 7079
56 0 2 143 0 200 Presence 9000
50 0 2 318 2 179 Presence 5757
46 1 2 337 2 148 Presence 9486
65 0 3 252 0 124 Absence 1683
75 1 3 220 2 88 Presence 7514
57 0 1 278 1 148 Presence 9191
60 0 1 132 2 168 Absence 5282
51 0 4 297 2 180 Absence 1494
29 1 2 183 1 132 Presence 5789
55 0 2 216 0 128 Absence 4822
40 1 1 129 1 125 Presence 7465
35 1 2 327 2 161 Presence 9074
78 0 2 220 1 182 Presence 7852
33 0 4 126 1 195 Absence 7015
41 1 1 171 1 143 Presence 6617
39 0 2 180 0 192 Presence 8442
46 0 2 315 0 86 Presence 8034
50 1 1 340 1 129 Absence 7946
58 1 1 150 2 126 Absence 1888
34 1 4 253 0 105 Presence 7624
75 1 4 240 2 197 Absence 3853
73 0 4 239 2 116 Presence 1251
67 0 2 340 0 87 Presence 87
39 0 3 244 2 91 Presence 1591
49 0 2 227 1 118 Presence 1481
43 0 4 151 2 172 Presence 4527
69 1 3 233 0 200 Presence 5338
57 1 1 232 0 155 Absence 1789
36 0 2 259 2 204 Presence 7109
46 0 3 167 0 203 Absence 6552
43 1 2 184 1 84 Absence 1942
27 0 2 234 1 184 Presence 8742
40 0 2 223 1 143 Absence 3593
70 0 4 310 2 156 Absence 5590
61 1 4 216 0 101 Presence 9095
70 0 4 163 0 182 Absence 7618
70 0 2 139 0 209 Absence 7206
57 0 4 170 1 205 Absence 8135
49 1 4 228 0 118 Presence 1799
30 1 3 173 1 178 Presence 4356
59 1 1 327 0 194 Absence 2809
63 0 3 295 0 164 Presence 2565
54 0 1 222 2 100 Absence 2919
45 0 3 187 1 118 Presence 2121
54 1 4 321 0 118 Absence 1694
62 1 1 170 2 152 Presence 9213
38 0 1 260 0 82 Absence 4430
68 0 4 231 0 189 Presence 2756
31 0 1 284 1 191 Absence 9029
25 0 1 212 2 129 Presence 6980
51 0 4 122 1 194 Presence 6202
40 1 1 297 0 202 Presence 1449
26 1 3 151 2 142 Absence 4285
29 1 2 320 1 153 Presence 4414
68 1 1 330 1 163 Absence 4846
68 0 3 141 2 126 Absence 1065
73 0 3 250 2 116 Presence 5733
53 1 4 343 1 164 Presence 7985
66 0 3 318 2 206 Presence 4310
61 0 2 253 1 122 Absence 4663
53 0 3 240 0 159 Presence 5949
71 0 4 292 1 80 Absence 7550
70 1 4 275 2 154 Presence 3409
50 0 1 297 2 202 Presence 9661
40 1 4 154 1 123 Presence 142
32 0 1 265 2 190 Presence 2724
36 0 4 330 2 206 Presence 3752
55 0 2 308 0 158 Presence 8850
52 0 1 228 2 79 Absence 5968
25 1 2 255 0 154 Presence 660
31 1 3 244 2 151 Absence 3925
36 0 2 285 1 179 Absence 5736
42 0 2 226 1 99 Presence 3945
26 1 3 234 0 181 Absence 4478
64 1 4 134 1 171 Presence 4054
52 1 1 148 1 176 Absence 9011
73 0 2 139 2 183 Absence 779
29 0 1 254 2 169 Presence 9276
46 1 4 132 2 105 Presence 9089
70 1 4 217 1 170 Presence 1402
47 1 2 301 0 72 Absence 6876
65 0 3 273 2 172 Presence 7798
31 1 2 290 1 145 Absence 551
66 1 3 267 2 150 Absence 8319
73 0 4 181 0 171 Presence 9030
65 0 4 190 1 185 Absence 1869
42 1 4 120 0 183 Absence 6223
63 1 3 226 1 109 Absence 8791
57 0 3 140 1 198 Absence 9760
34 0 2 155 2 192 Presence 307
50 0 1 154 0 152 Presence 2726
70 0 2 310 0 120 Presence 7511
41 0 4 178 1 134 Absence 5049
64 0 1 124 2 73 Absence 9293
75 1 1 166 0 184 Absence 8320
67 1 3 141 1 167 Absence 9431
54 0 1 268 1 155 Presence 4272
45 1 3 320 2 197 Presence 8741
28 1 2 168 1 78 Absence 9269
40 0 1 181 1 200 Absence 2579
56 1 1 262 1 144 Presence 7379
62 1 3 231 2 137 Presence 82
28 0 2 206 2 103 Absence 7429
36 0 4 221 2 131 Absence 3386
52 1 2 335 2 98 Absence 2039
47 1 1 300 2 164 Absence 2138
27 0 4 224 1 167 Presence 6900
54 1 4 121 1 83 Absence 7287
27 0 2 165 2 140 Absence 4484
53 1 2 349 2 126 Absence 3578
30 1 2 258 1 185 Absence 6991
25 0 4 279 1 147 Presence 4886
47 0 4 171 2 164 Presence 7008
39 0 1 270 0 117 Absence 4759
73 0 4 300 1 174 Absence 9715
76 0 4 317 0 98 Absence 3921
47 0 2 163 1 119 Absence 3696
47 1 2 288 2 203 Absence 5787
49 1 1 291 0 130 Absence 3124
72 1 1 337 2 173 Presence 7232
60 0 3 226 0 79 Presence 6316
30 0 3 341 0 129 Absence 7866
62 1 4 146 1 205 Absence 9176
43 0 2 280 2 147 Presence 7253
72 1 1 122 1 205 Absence 4439
57 1 3 123 1 155 Presence 36
35 0 2 315 0 130 Absence 1134
75 1 2 246 2 191 Absence 6882
27 0 2 320 0 173 Presence 1109
63 0 2 344 1 111 Absence 8040
52 1 4 318 2 133 Absence 1986
45 0 1 320 0 193 Presence 4907
77 1 4 346 1 190 Presence 5629
62 0 2 172 0 133 Presence 6947
59 0 2 145 0 94 Presence 3017
49 0 4 261 0 147 Presence 7185
51 0 3 287 0 154 Absence 9859
44 1 4 233 2 195 Presence 465
30 0 1 321 2 173 Presence 9394
75 1 3 143 0 177 Absence 9353
34 0 2 150 2 142 Absence 6534
36 0 1 294 0 93 Absence 1370
72 0 1 157 2 115 Presence 6046
43 0 2 257 1 137 Absence 4436
65 0 4 202 2 202 Presence 6375
74 1 3 261 0 197 Absence 3899
74 0 1 140 2 149 Presence 6192
48 0 4 265 1 133 Presence 2144
46 1 1 248 0 139 Presence 6850
50 1 4 332 1 97 Presence 7274
67 1 1 335 1 203 Absence 166
32 0 2 335 0 140 Absence 3989
58 0 3 177 0 178 Presence 532
79 1 1 252 0 168 Absence 1190
74 1 1 216 0 142 Presence 2711
53 1 1 172 0 130 Presence 7110
77 0 4 230 0 157 Absence 2567
61 1 3 125 1 207 Absence 9987
52 1 2 304 0 120 Absence 8774
64 0 1 156 0 137 Absence 542
68 0 2 294 2 198 Presence 7470
69 1 1 313 2 147 Presence 8877
38 1 3 247 0 131 Presence 5695
30 1 3 302 2 130 Presence 2413
73 0 1 337 2 159 Presence 4973
62 0 1 171 1 120 Absence 6677
28 0 1 243 2 89 Presence 8762
77 0 2 167 2 169 Absence 9811
59 1 4 130 0 115 Absence 7828
61 1 3 154 0 75 Presence 6276
28 1 1 293 1 124 Presence 4458
40 0 2 198 0 144 Absence 6261
64 0 2 263 0 197 Absence 4540
69 1 1 233 0 111 Presence 1912
32 0 3 169 1 109 Absence 6134
52 0 3 173 1 108 Absence 8781
36 1 2 268 1 95 Presence 5129
36 1 4 210 0 110 Absence 339
73 1 2 171 0 97 Absence 8471
73 1 3 185 1 126 Absence 7843
52 0 4 314 2 120 Presence 6941
25 1 3 195 1 141 Presence 2430
39 1 3 272 1 73 Absence 4548
33 0 1 149 1 117 Presence 8138
62 0 3 250 2 115 Presence 5253
57 1 3 252 2 134 Absence 6422
52 0 2 287 1 139 Presence 8325
28 1 1 181 2 150 Presence 737
25 0 2 204 2 124 Presence 3417
69 0 3 133 0 137 Absence 8970
68 0 4 271 0 104 Presence 8828
78 0 3 209 2 170 Absence 5047
72 1 1 321 2 106 Presence 4801
78 0 2 173 2 76 Presence 1626
47 1 4 256 1 198 Absence 4569
43 1 4 285 0 192 Absence 331
73 0 2 208 0 73 Absence 2947
51 1 2 147 2 158 Presence 6844
52 1 2 274 2 157 Presence 6144
40 0 3 218 2 208 Absence 8836
74 0 4 278 1 177 Presence 1176
58 0 2 150 0 173 Absence 1904
26 0 3 332 1 191 Presence 5931
48 1 3 339 2 130 Presence 3237
26 1 3 146 1 128 Presence 8533
59 1 1 140 1 188 Presence 4661
46 0 2 152 2 146 Presence 1005
38 0 1 165 2 114 Presence 5437
75 0 1 122 0 77 Absence 9180
66 0 4 338 2 148 Absence 8808
56 1 4 183 0 86 Absence 864
28 0 2 256 2 156 Presence 3370
74 0 4 177 0 157 Presence 4279
70 0 1 133 1 100 Presence 6076
54 0 3 147 0 111 Presence 2658
70 0 2 242 2 198 Presence 2193
28 0 3 279 1 111 Absence 1997
45 1 1 175 0 91 Absence 6558
73 0 2 284 1 201 Absence 7271
41 1 2 318 1 125 Absence 7993
26 0 3 302 2 147 Presence 5472
27 0 2 157 0 82 Presence 5440
33 0 1 332 2 168 Presence 8076
54 0 3 147 2 86 Absence 2215
42 0 4 304 1 117 Absence 298
74 1 3 267 2 188 Absence 5496
55 0 2 205 2 171 Presence 8529
53 0 2 225 2 200 Absence 9885
65 0 4 131 2 81 Absence 8596
63 0 4 249 2 130 Presence 6867
46 0 4 185 1 192 Absence 2987
73 0 4 290 2 93 Presence 9607
67 1 1 172 1 172 Presence 1635
27 0 4 327 2 161 Presence 6711
57 0 3 293 1 141 Absence 4951
25 1 2 266 0 88 Absence 1522
43 1 2 136 0 77 Absence 3684
27 0 2 281 2 72 Absence 5795
42 0 3 129 2 71 Absence 6582
53 1 3 214 1 209 Presence 4623
26 0 2 243 0 158 Presence 8911
32 0 1 224 1 106 Presence 7517
41 1 3 159 1 182 Presence 7954
27 1 3 331 1 133 Absence 5868
70 1 1 214 0 152 Absence 2125
77 1 2 168 1 142 Absence 4717
35 0 2 204 2 80 Absence 1860
40 0 4 185 1 99 Absence 5329
47 1 3 278 0 208 Absence 9959
42 1 1 210 1 195 Presence 1625
79 1 2 128 2 189 Absence 9297
37 0 2 202 0 151 Presence 4546
55 0 3 269 0 73 Absence 6430
32 0 3 178 0 196 Presence 3812
69 0 3 251 1 182 Absence 5249
67 0 1 159 2 76 Absence 8818
39 1 1 275 0 129 Presence 309
57 0 4 266 0 120 Absence 144
31 1 1 259 1 155 Presence 4521
64 1 4 261 1 89 Presence 9703
34 0 1 336 2 204 Absence 9429
43 1 2 345 0 155 Absence 9947
79 0 3 284 2 131 Absence 4849
44 1 2 268 0 76 Presence 9579
77 1 1 346 1 131 Presence 5669
35 0 2 198 2 150 Absence 1832
38 1 2 255 0 192 Absence 3473
66 1 2 314 1 100 Absence 4980
75 1 3 156 1 193 Absence 9819
39 1 1 168 1 198 Absence 1265
56 0 1 337 0 111 Presence 6963
70 1 2 168 1 99 Presence 4245
46 1 3 126 0 172 Presence 5906
54 0 4 234 2 199 Presence 2319
73 1 3 195 2 135 Presence 1754
40 1 1 287 1 147 Presence 1500
46 0 1 275 1 204 Absence 5692
29 0 2 280 0 146 Absence 7285
69 0 4 297 0 158 Presence 7191
27 0 1 314 0 172 Presence 2000
35 1 1 205 1 112 Presence 9738
44 1 1 172 2 204 Absence 5343
32 0 4 151 0 148 Presence 8570
36 0 2 303 0 93 Presence 7735
78 0 3 136 0 174 Presence 6345
42 1 3 247 0 123 Absence 9544
59 1 3 212 2 127 Absence 8286
27 0 2 252 0 144 Absence 2090
72 0 2 175 1 156 Absence 8924
60 1 3 296 1 78 Absence 6226
73 0 4 207 1 144 Presence 9653
49 0 2 265 2 103 Presence 5454
75 0 4 253 1 152 Absence 7644
45 1 4 120 2 125 Presence 7272
39 0 3 308 1 134 Absence 8064
76 0 2 258 0 86 Presence 577
44 0 2 181 1 110 Presence 4900
36 0 3 128 1 89 Presence 8229
51 1 4 207 2 128 Presence 4474
47 1 3 222 2 163 Absence 8177
69 0 3 261 2 164 Presence 9968
39 1 4 275 2 148 Presence 1914
79 0 4 159 0 146 Absence 9645
35 1 3 244 2 166 Absence 7245
60 1 4 231 1 145 Presence 2271
51 1 2 241 2 84 Absence 3546
64 1 3 271 1 191 Absence 6371
52 1 2 203 2 112 Presence 1164
72 1 1 124 0 183 Absence 6747
36 0 4 131 2 163 Presence 1565
79 0 4 253 2 202 Absence 9598
67 0 4 125 1 197 Presence 6939
71 0 2 148 1 99 Absence 1430
78 0 4 326 1 207 Presence 915
53 0 2 180 2 136 Presence 8292
75 1 1 281 2 91 Presence 6570
64 0 2 207 1 134 Presence 866
46 0 1 347 0 198 Presence 8197
40 0 1 133 2 185 Presence 9712
58 0 1 136 2 140 Absence 9365
26 1 2 137 2 172 Presence 2974
57 0 1 348 0 111 Presence 2860
50 0 3 257 2 168 Presence 8914
53 1 1 276 2 182 Absence 6014
69 0 3 326 2 178 Absence 2472
47 1 4 299 2 131 Presence 3126
70 1 3 284 2 201 Presence 7149
47 0 3 207 1 71 Absence 7913
47 1 2 210 1 118 Presence 5285
44 0 2 228 2 166 Absence 453
58 0 4 187 2 158 Presence 5596
72 1 3 168 0 108 Presence 4659
37 1 1 243 0 92 Presence 675
38 0 3 175 2 110 Absence 1923
56 0 3 240 2 141 Absence 1507
61 0 4 191 1 149 Presence 8117
70 1 3 296 1 158 Presence 5272
39 1 3 180 1 190 Absence 2038
64 0 4 257 0 90 Absence 5048
67 0 2 137 0 175 Presence 4824
31 1 2 208 0 80 Presence 6103
59 1 1 257 2 153 Absence 7363
46 0 4 158 2 88 Presence 9121
48 0 1 319 2 170 Presence 3609
25 1 4 169 1 154 Absence 9514
49 0 1 308 1 115 Presence 8090
48 0 3 182 2 165 Absence 2093
29 1 3 184 0 145 Absence 9362
29 1 1 266 1 183 Absence 7631
60 0 4 292 1 192 Absence 5990
60 1 1 137 2 82 Presence 1659
64 1 2 229 0 184 Absence 3421
67 0 2 162 2 195 Absence 8018
66 0 2 182 0 108 Presence 3072
52 0 3 241 1 112 Absence 8798
28 1 2 202 1 158 Presence 9695
26 0 1 238 2 210 Presence 9025
55 1 2 323 0 184 Absence 5044
69 0 3 222 0 88 Presence 6945
70 1 2 345 2 154 Absence 2646
75 0 1 213 2 190 Presence 1230
68 1 1 185 0 175 Presence 1747
25 0 2 302 1 174 Presence 598
73 0 3 166 1 71 Presence 4024
67 1 1 344 1 99 Presence 6985
57 0 1 314 0 79 Presence 4550
60 1 4 133 2 197 Absence 368
51 1 2 313 2 147 Absence 1520
78 1 1 189 1 168 Presence 1418
57 0 3 241 0 83 Absence 3652
37 0 1 160 0 183 Presence 3062
27 1 3 195 1 118 Absence 6035
59 1 1 175 2 160 Presence 4095
47 0 3 184 1 152 Presence 7397
64 1 2 293 0 144 Presence 4127
46 1 2 296 1 198 Absence 2051
39 1 4 136 2 100 Presence 4561
27 1 4 131 2 108 Absence 7391
69 1 1 275 0 119 Presence 9469
39 1 1 294 0 93 Presence 5656
49 1 1 282 2 150 Absence 6398
67 0 3 237 0 104 Absence 6559
62 1 3 171 1 177 Presence 9187
38 0 2 291 2 200 Presence 4186
48 0 1 227 2 210 Absence 6039
41 1 2 306 2 129 Absence 6494
73 1 3 333 1 190 Presence 1479
59 1 2 335 2 84 Presence 8329
45 0 2 168 1 104 Absence 195
50 1 3 127 0 210 Presence 4794
56 0 1 163 2 75 Presence 776
62 0 3 340 0 142 Presence 6381
36 1 2 141 2 149 Absence 2623
56 0 4 220 1 195 Absence 3789
70 0 3 292 0 147 Absence 4819
59 1 3 256 2 116 Presence 5625
57 0 1 324 1 189 Presence 3290
68 1 1 207 2 166 Presence 7478
78 0 4 205 0 77 Absence 2296
34 0 1 129 1 133 Presence 7892
70 1 3 298 2 110 Presence 2168
50 1 3 144 0 111 Presence 1302
69 0 3 169 2 149 Presence 7045
65 0 2 295 2 83 Presence 5706
51 0 1 235 0 155 Absence 3402
61 0 1 181 2 122 Presence 1170
77 0 4 234 1 193 Absence 4371
60 0 2 188 1 209 Absence 2211
29 1 3 226 2 175 Absence 3935
72 0 4 303 2 181 Absence 3716
45 0 3 318 1 210 Absence 521
60 1 2 258 0 118 Absence 8228
49 0 4 294 0 88 Absence 9204
48 0 3 142 1 90 Absence 4015
25 0 4 197 2 95 Absence 877
25 0 1 294 2 172 Presence 6001
57 1 2 203 1 119 Presence 8393
45 1 4 144 0 121 Absence 3221
42 0 3 188 0 76 Presence 3613
26 1 3 142 1 99 Presence 8240
25 0 1 292 2 102 Presence 291
41 0 3 153 0 97 Absence 7756
38 0 3 324 1 177 Presence 2035
41 0 3 190 0 108 Presence 4464
62 0 3 189 0 113 Absence 2288
72 0 2 144 0 95 Absence 8512
53 1 2 322 0 168 Absence 8858
59 1 3 123 2 129 Presence 6191
70 1 4 322 2 95 Presence 8131
38 1 3 305 1 196 Absence 878
76 0 4 332 0 159 Presence 2693
49 1 3 170 2 73 Absence 1106
37 1 2 296 2 205 Absence 8367
43 1 2 345 0 95 Absence 4804
72 1 1 255 0 196 Presence 394
32 1 4 302 0 93 Absence 4334
67 0 1 318 0 93 Absence 7784
51 0 2 131 1 175 Absence 1066
59 0 3 150 0 75 Presence 2741
37 0 2 213 0 120 Absence 7428
77 0 4 200 1 138 Absence 7257
40 1 4 297 2 170 Absence 1177
54 1 2 257 0 168 Absence 3813
73 1 4 146 1 126 Presence 6958
71 1 1 148 0 146 Presence 2687
67 0 4 182 2 77 Presence 4400
62 0 1 142 2 106 Presence 8743
53 0 1 159 1 80 Presence 726
39 1 1 130 2 202 Presence 3006
64 0 3 326 2 130 Absence 5263
78 1 4 311 0 165 Absence 7038
57 1 3 282 1 177 Presence 3871
68 1 3 228 2 204 Absence 3654
68 0 4 305 2 177 Presence 9463
46 0 4 307 2 118 Absence 9817
26 0 1 150 2 127 Presence 2254
72 0 4 293 2 148 Presence 6528
33 0 2 251 2 199 Presence 4769
55 1 4 129 1 88 Presence 2909
60 0 3 210 1 200 Presence 5671
33 1 2 256 2 190 Presence 2571
79 0 2 313 2 98 Presence 3973
73 0 1 219 2 182 Presence 8407
73 1 3 165 2 186 Presence 3779
48 0 1 268 1 123 Presence 5330
69 1 1 176 0 91 Absence 9504
31 0 3 211 0 165 Presence 8609
45 0 4 171 2 145 Presence 8210
45 0 1 125 2 99 Presence 5307
38 1 2 290 1 186 Presence 1685
39 0 4 279 2 186 Absence 3447
31 1 3 307 2 113 Presence 8994
42 0 1 271 1 156 Absence 6331
49 0 2 124 0 136 Absence 5173
42 0 2 203 2 72 Presence 6752
25 1 4 296 0 208 Presence 7104
29 1 2 215 1 152 Absence 1097
71 1 4 197 1 155 Absence 1024
59 0 4 201 2 70 Absence 5623
67 0 4 131 0 195 Absence 6954
35 1 1 283 0 111 Absence 3302
53 1 3 263 1 119 Absence 5785
60 1 2 124 0 138 Presence 1063
28 1 1 346 2 201 Presence 2325
64 1 4 125 0 98 Presence 8501
49 1 1 165 1 190 Presence 8291
63 1 2 339 1 101 Presence 6545
69 0 2 330 2 102 Presence 9373
69 1 3 266 0 179 Presence 3873
27 1 4 254 1 90 Absence 3275
56 0 3 127 2 185 Presence 7539
29 0 4 309 1 152 Presence 3397
69 0 4 333 0 199 Absence 6268
66 0 4 210 2 109 Absence 4873
73 1 3 243 2 72 Absence 8459
58 1 4 153 0 155 Absence 7304
30 0 1 208 0 140 Presence 4097
71 1 3 146 0 112 Absence 8444
53 1 1 245 1 90 Absence 7254
47 1 4 350 0 127 Presence 3323
69 0 2 262 0 202 Absence 8469
75 0 2 341 2 153 Absence 2480
31 1 4 209 1 168 Presence 240
35 0 3 206 1 76 Absence 2774
63 1 3 170 0 88 Presence 1629
49 1 4 287 1 113 Presence 3273
56 0 1 214 1 181 Presence 9114
39 1 4 255 0 153 Presence 7436
41 0 2 214 1 134 Absence 169
73 1 1 197 0 103 Presence 4083
47 0 2 199 2 159 Presence 8961
45 0 1 144 0 174 Absence 4099
70 0 4 129 2 181 Absence 9786
46 1 1 278 1 193 Absence 6636
56 1 1 261 2 209 Presence 5880
64 1 4 279 0 103 Absence 4057
51 0 1 331 2 98 Presence 5769
25 0 4 198 1 151 Presence 5777
29 1 1 220 0 183 Absence 7741
41 0 3 203 2 96 Absence 7989
73 0 3 196 2 176 Presence 7835
43 1 4 175 0 180 Absence 7005
74 0 3 243 2 71 Absence 8748
74 1 4 321 0 196 Absence 200
54 1 1 161 1 87 Absence 2386
59 0 2 286 2 138 Absence 3217
47 1 2 181 0 210 Absence 9688
76 0 3 218 2 173 Absence 2984
38 1 3 345 2 122 Absence 7582
45 1 4 156 2 71 Absence 5095
68 1 1 242 1 83 Presence 71
78 1 1 334 2 171 Absence 3231
69 1 3 343 1 79 Absence 9190
35 0 3 284 1 169 Absence 8494
56 1 2 180 0 198 Absence 1280
57 0 2 164 1 146 Presence 7531
42 1 3 195 0 174 Presence 9616
78 1 1 319 0 93 Presence 5187
29 0 3 224 2 184 Presence 4631
51 0 2 142 2 192 Absence 724
71 1 1 165 2 178 Absence 4818
56 1 1 137 0 116 Absence 8281
73 0 2 207 1 188 Presence 7226
64 1 2 139 2 123 Presence 3630
29 0 2 241 0 120 Presence 314
61 1 4 148 1 206 Presence 5687
29 1 1 220 2 146 Presence 3572
38 1 3 194 0 159 Absence 3622
57 0 3 344 0 108 Presence 2664
32 1 3 203 1 170 Absence 6621
56 1 3 245 1 196 Presence 4156
71 0 1 212 2 208 Absence 4287
66 1 1 272 1 194 Absence 1450
49 1 2 295 2 135 Absence 8151
53 0 1 247 1 71 Presence 7359
62 0 1 269 1 127 Presence 9858
70 1 3 140 0 199 Presence 8294
48 1 4 321 2 132 Presence 2601
64 0 2 340 1 113 Presence 6539
77 0 2 316 1 127 Presence 8145
51 1 3 170 2 147 Presence 944
59 0 1 292 2 125 Presence 7739
73 1 2 156 0 73 Presence 1199
43 0 1 207 2 169 Absence 3830
38 0 3 122 2 189 Presence 1213
62 0 3 280 0 175 Presence 8660
60 0 4 212 2 168 Absence 6555
56 1 2 125 1 193 Absence 9809
31 1 1 288 2 161 Presence 7326
40 1 4 197 1 74 Presence 2593
62 0 4 331 0 113 Presence 7592
29 1 4 327 1 181 Presence 6935
47 1 3 221 2 153 Presence 3984
55 0 4 179 2 129 Presence 6174
31 1 2 228 1 119 Presence 533
53 0 2 223 1 201 Absence 7167
55 0 4 347 1 208 Absence 555
31 0 2 336 0 100 Absence 5124
69 1 3 169 0 165 Presence 4070
75 1 1 329 2 141 Absence 1933
27 0 3 295 1 154 Absence 7491
59 0 4 345 2 129 Absence 2067
65 0 3 283 0 132 Absence 8279
64 0 2 312 0 149 Presence 2588
33 0 3 172 2 147 Presence 1744
39 0 4 297 0 162 Presence 2666
49 1 3 338 0 185 Presence 2003
49 1 2 239 1 196 Absence 8724
46 0 3 150 1 193 Absence 933
70 0 3 228 0 125 Presence 3324
79 0 1 166 1 104 Absence 1783
70 0 3 173 2 90 Absence 4706
52 0 2 285 2 196 Presence 1168
27 1 1 269 1 137 Absence 2500
75 1 4 252 2 107 Absence 967
71 1 1 326 1 199 Presence 1924
26 0 2 310 0 94 Absence 6789
48 0 3 122 2 184 Absence 8668
67 1 1 160 2 89 Presence 5164
76 0 2 140 2 189 Presence 5158
71 1 2 190 1 96 Absence 8285
56 0 3 259 0 144 Absence 3666
49 1 2 131 1 140 Absence 9216
52 1 2 340 1 102 Absence 5265
34 1 2 233 0 176 Absence 6074
42 0 1 263 0 200 Absence 8130
68 1 1 214 0 158 Absence 5582
51 1 2 245 2 74 Presence 7758
77 1 2 190 2 198 Presence 1248
56 1 2 264 1 152 Absence 5982
30 0 4 218 2 192 Presence 5027
40 0 3 340 0 170 Absence 7847
30 0 2 323 1 123 Absence 1149
29 0 4 185 0 155 Presence 2942
63 1 4 333 0 144 Presence 7878
40 1 1 177 2 207 Presence 9764
53 1 1 198 2 126 Presence 7462
71 0 3 204 0 70 Presence 9464
31 1 4 127 0 147 Absence 4107
35 1 2 315 2 74 Absence 2505
79 1 3 347 1 87 Presence 6731
65 0 3 207 1 86 Absence 7879
52 1 1 281 0 94 Presence 594
69 1 4 227 2 106 Absence 5922
55 0 3 199 1 120 Absence 3136
71 0 2 253 0 165 Presence 9161
35 0 2 143 2 165 Absence 1439
64 1 4 345 0 172 Absence 3228
70 1 2 318 1 138 Absence 41
56 0 1 213 0 119 Presence 5144
26 1 1 189 0 179 Presence 722
32 0 3 217 0 185 Absence 8737
36 0 4 222 0 185 Presence 715
27 1 3 209 1 144 Absence 8795
35 0 4 192 0 99 Absence 7787
77 0 3 177 2 142 Presence 8027
76 0 3 282 1 169 Absence 327
56 0 1 158 0 199 Presence 6804
54 0 2 237 2 172 Absence 6524
51 1 2 156 2 173 Presence 9678
52 0 1 293 0 141 Absence 4063
68 0 4 254 1 202 Absence 348
55 0 3 319 1 175 Absence 495
71 1 2 302 0 124 Absence 78
45 1 2 142 2 100 Absence 7968
48 1 2 163 1 186 Absence 582
39 0 2 229 0 95 Absence 24
67 1 3 187 1 174 Presence 6710
43 1 3 344 1 139 Absence 9101
56 1 2 146 1 149 Absence 4523
61 1 1 330 1 167 Presence 244
30 1 1 299 0 109 Absence 8065
30 1 4 189 2 135 Absence 2416
53 1 4 340 1 193 Presence 4410
78 0 2 128 0 162 Absence 3819
40 1 1 277 2 157 Absence 4871
41 0 2 336 1 91 Absence 1921
37 1 2 198 2 138 Presence 3487
55 1 2 235 0 187 Absence 4460
77 1 1 153 1 134 Absence 7921
29 1 3 210 0 171 Presence 5783
42 0 3 182 2 207 Presence 4587
67 1 1 292 0 191 Absence 4386
66 0 2 313 2 112 Presence 241
79 0 3 322 1 130 Absence 7607
49 1 1 254 0 74 Absence 9864
53 1 3 166 2 192 Presence 810
62 1 3 292 0 145 Absence 5504
49 1 1 136 0 177 Presence 4062
63 0 3 187 1 96 Absence 1829
36 1 3 248 0 202 Absence 7548
31 1 2 158 0 104 Presence 6479
71 1 3 260 0 134 Absence 6667
36 0 3 283 0 166 Presence 4646
76 0 2 166 2 103 Absence 1209
57 1 1 137 2 112 Absence 6463
49 1 3 288 1 186 Presence 2849
45 0 2 320 2 134 Presence 3497
40 1 4 191 2 99 Presence 2414
54 0 3 239 1 177 Absence 8139
46 1 1 261 1 97 Presence 5099
49 1 1 320 1 114 Absence 2779
76 1 4 306 0 107 Presence 7133
33 0 4 312 1 176 Absence 2697
37 0 2 136 2 205 Absence 5323
34 0 3 165 1 123 Presence 7578
27 1 2 309 2 176 Absence 7549
61 0 1 215 1 134 Absence 2921
73 0 2 264 2 175 Presence 4580
70 1 4 201 0 112 Presence 6295
73 0 4 330 2 96 Presence 9303
35 0 1 177 2 177 Absence 9160
54 1 4 335 1 190 Presence 8535
36 0 1 271 0 142 Absence 784
65 0 1 338 2 102 Absence 5184
31 1 1 246 0 168 Presence 2856
33 1 3 279 0 161 Absence 9747
77 1 4 211 2 177 Presence 3837
29 0 2 237 2 121 Absence 8348
76 1 4 305 0 173 Presence 2903
28 0 1 308 2 79 Absence 1064
43 0 3 290 0 186 Presence 7604
26 1 3 339 1 171 Absence 2484
77 1 1 248 2 182 Absence 3927
67 0 1 272 0 184 Presence 4749
36 0 4 219 0 88 Presence 9178
57 1 4 135 2 155 Absence 7797
60 0 1 260 1 148 Absence 4121
46 1 4 235 1 70 Absence 4314
75 0 3 306 2 204 Absence 8202
74 0 2 143 2 198 Absence 859
74 1 2 280 1 87 Absence 7633
70 0 3 149 2 119 Presence 1919
54 1 2 174 0 127 Absence 3020
51 1 4 305 0 93 Presence 2681
29 0 2 281 0 186 Presence 1114
42 0 2 204 1 94 Absence 8048
50 1 1 309 2 112 Presence 1514
69 1 1 339 2 160 Presence 5221
49 1 2 252 1 202 Absence 1632
75 1 4 324 1 76 Absence 3839
39 1 4 285 2 96 Absence 2573
25 1 1 324 1 108 Absence 3021
44 1 4 215 2 168 Presence 2989
51 0 3 183 0 173 Presence 1042
31 0 1 345 0 83 Presence 5642
62 1 1 178 2 92 Absence 143
36 1 4 270 0 111 Presence 4752
30 1 4 229 0 184 Presence 526
48 0 4 319 2 144 Absence 5270
78 1 2 306 2 121 Absence 6708
77 0 4 139 1 91 Presence 4302
61 0 3 123 2 164 Absence 1336
65 1 1 191 1 187 Presence 4282
44 0 4 225 0 185 Presence 4322
37 0 3 274 0 145 Presence 3364
30 0 4 317 1 104 Presence 6774
38 0 2 228 0 158 Presence 4354
49 1 1 225 0 85 Presence 2229
65 1 2 254 1 111 Presence 7083
62 0 4 198 1 135 Absence 57
29 0 4 258 1 113 Presence 6421
25 0 3 132 0 101 Presence 7889
77 1 1 219 0 91 Absence 258
36 0 1 304 2 90 Absence 9696
68 1 1 318 2 200 Presence 6873
72 0 1 168 2 145 Presence 4291
59 1 4 278 0 140 Presence 1717
58 1 4 292 1 121 Absence 7344
67 0 1 277 0 155 Absence 6195
44 1 3 221 2 72 Presence 4775
63 1 4 182 1 71 Presence 3050
32 1 2 172 2 175 Presence 9031
28 1 3 287 1 151 Absence 3531
34 0 1 268 1 103 Absence 3125
30 1 1 323 2 210 Absence 945
31 1 4 161 2 140 Absence 3870
72 1 4 132 2 197 Presence 3412
47 1 2 272 2 202 Presence 1401
27 0 1 239 1 104 Absence 8865
73 1 2 273 2 161 Presence 6765
41 1 2 291 2 166 Presence 1935
60 0 3 175 2 206 Absence 1210
37 1 2 320 0 130 Absence 5701
29 0 2 199 1 131 Absence 8675
33 0 1 196 1 118 Absence 1995
38 1 4 250 0 174 Presence 3142
38 0 3 346 0 148 Presence 8840
73 0 2 144 0 82 Presence 6110
46 0 2 288 0 144 Absence 393
45 1 2 289 2 149 Presence 2045
47 0 4 239 0 174 Presence 2448
66 0 1 184 2 138 Absence 7410
65 1 3 326 1 122 Presence 3327
53 1 1 256 2 174 Absence 9491
40 1 1 287 2 107 Absence 7665
62 0 3 237 0 151 Presence 1034
42 1 1 327 2 72 Absence 4413
50 0 2 247 2 175 Absence 8359
55 0 3 291 1 208 Presence 4052
34 1 3 194 2 154 Absence 2020
66 0 4 242 2 91 Absence 3069
58 0 3 285 2 127 Absence 7602
55 1 3 256 0 210 Absence 6851
41 0 4 273 2 75 Absence 6302
79 0 2 350 1 106 Presence 7868
61 1 2 277 1 101 Presence 2450
32 1 3 125 1 171 Absence 9287
62 0 2 168 1 169 Absence 7649
47 1 2 277 0 195 Absence 6444
38 0 2 202 2 87 Presence 512
49 1 2 141 1 181 Absence 9953
49 0 2 222 2 153 Absence 548
67 1 3 193 1 90 Presence 8334
54 0 3 292 2 206 Presence 1554
56 0 4 220 0 120 Presence 6084
35 1 3 185 1 86 Absence 3918
47 1 1 227 2 92 Presence 4883
59 1 3 206 1 114 Absence 6366
58 0 2 172 1 168 Absence 7021
67 1 3 135 2 146 Absence 4303
60 1 3 324 0 84 Presence 9326
44 1 2 316 2 128 Absence 4339
26 1 1 288 0 160 Absence 3113
68 1 3 338 2 140 Absence 6878
33 1 3 184 0 134 Presence 5429
44 0 1 294 2 91 Absence 900
70 0 2 320 1 93 Presence 7403
55 0 4 227 1 170 Absence 4289
34 1 1 219 2 87 Absence 5375
48 1 1 239 2 179 Presence 4020
72 1 2 254 1 182 Absence 2948
49 0 3 159 0 172 Presence 5074
56 1 3 228 2 115 Absence 3993
53 0 3 335 0 198 Presence 8851
60 0 3 202 2 198 Presence 8278
46 1 1 225 2 78 Presence 5586
65 1 4 330 2 143 Absence 5356
67 1 1 123 1 93 Absence 9700
77 0 3 316 1 130 Presence 9249
68 1 2 214 1 124 Presence 3266
33 0 1 195 2 148 Presence 5807
68 0 2 303 0 122 Presence 3288
49 1 1 237 0 123 Absence 5030
78 0 1 149 2 176 Absence 3934
78 0 3 131 2 174 Absence 392
49 1 2 346 2 146 Presence 6090
36 0 4 163 1 189 Absence 7887
70 0 2 128 1 79 Absence 2846
36 1 3 282 1 187 Presence 5540
66 0 1 277 0 133 Absence 4021
29 0 3 312 1 144 Presence 8208
52 1 3 232 2 107 Absence 3598
79 0 3 162 1 137 Absence 6245
79 0 1 191 1 103 Absence 4280
69 1 2 275 0 178 Absence 8523
31 0 2 130 1 75 Presence 6252
50 0 3 150 2 156 Presence 916
32 1 4 134 0 183 Absence 8191
51 1 4 309 2 174 Absence 4684
63 0 4 328 0 210 Absence 6125
79 0 4 348 1 164 Presence 5468
77 0 1 236 0 184 Presence 3039
66 1 3 263 0 127 Presence 4963
29 1 1 277 1 123 Presence 531
77 0 4 122 2 143 Absence 9438
27 0 4 189 0 115 Presence 538
37 0 3 322 2 104 Absence 2999
44 0 2 317 0 72 Presence 925
35 0 4 295 0 99 Presence 4682
49 0 1 210 0 194 Presence 1258
65 0 3 329 2 124 Presence 9998
40 1 3 235 0 192 Presence 83
75 0 2 229 0 112 Absence 4223
63 0 3 203 2 155 Absence 4743
43 0 4 270 1 132 Absence 9147
57 0 1 319 1 152 Absence 8908
27 0 3 146 1 81 Presence 1756
70 1 4 300 2 202 Absence 7682
44 0 4 342 2 111 Absence 439
27 1 2 338 0 110 Absence 8746
76 0 3 140 1 204 Presence 8216
25 0 1 174 1 91 Absence 8754
34 1 2 323 2 184 Absence 3403
77 0 1 185 0 138 Presence 9108
68 1 1 179 0 124 Presence 2278
76 1 4 315 2 178 Presence 5580
54 0 1 196 0 170 Presence 8964
29 0 2 243 2 128 Presence 5259
44 0 4 222 1 118 Presence 8669
49 0 1 223 2 155 Absence 1196
75 0 4 320 2 147 Presence 5871
49 0 3 258 1 152 Presence 2440
69 0 1 246 0 85 Presence 9577
31 1 2 318 1 161 Absence 7863
74 0 1 137 2 193 Presence 4966
31 0 1 232 1 115 Presence 9560
28 0 3 291 0 208 Presence 1607
65 0 1 142 2 125 Absence 2396
44 0 4 214 0 178 Presence 8305
38 0 1 156 0 73 Presence 3264
30 0 1 286 0 139 Absence 7851
62 1 4 169 0 152 Presence 19
55 1 3 246 1 137 Absence 3642
54 0 3 168 2 159 Absence 1785
26 0 2 257 2 170 Absence 2185
28 0 1 283 0 97 Presence 9694
67 1 4 275 1 103 Presence 215
25 1 1 333 2 185 Presence 233
26 0 2 209 0 106 Absence 8869
79 1 2 310 1 102 Absence 2032
70 1 2 210 0 173 Presence 5068
27 1 2 237 0 82 Presence 8931
77 0 1 197 2 108 Presence 9978
40 0 3 251 2 196 Absence 7052
70 1 3 318 0 76 Presence 1366
67 1 1 139 1 124 Absence 4648
63 0 2 335 2 133 Presence 7636
37 1 1 305 0 79 Absence 4178
68 1 3 274 1 178 Presence 8788
47 0 1 148 1 73 Presence 5236
56 1 1 328 1 85 Absence 1960
46 0 1 164 2 184 Presence 7341
40 0 3 314 0 141 Presence 4225
39 1 1 263 0 139 Absence 4125
32 1 2 121 2 185 Absence 3683
43 1 1 168 1 118 Presence 9823
50 0 4 237 2 122 Presence 5230
75 0 3 321 2 181 Absence 4716
37 1 1 227 2 177 Presence 5336
27 1 2 325 2 122 Presence 4555
48 1 3 287 0 110 Absence 4710
25 1 2 239 2 194 Absence 3902
75 1 1 271 0 145 Presence 1089
59 0 3 298 1 177 Presence 2150
54 0 4 327 2 130 Absence 5662
35 0 2 208 2 188 Absence 2428
30 1 4 327 2 176 Absence 2233
53 1 4 232 1 122 Absence 4895
27 0 1 254 0 143 Absence 5426
77 1 2 193 1 133 Absence 1536
73 1 1 186 0 177 Absence 8784
71 1 2 126 0 191 Presence 7836
34 1 4 199 2 202 Presence 3076
42 0 3 278 2 130 Presence 8053
26 0 2 202 1 156 Presence 9557
31 1 3 204 1 121 Presence 123
57 0 1 347 0 107 Absence 6416
56 0 2 256 1 167 Presence 5634
26 0 2 287 1 178 Presence 4201
36 0 4 339 2 143 Absence 9755
76 0 2 266 0 159 Presence 1180
44 0 3 203 0 123 Absence 929
29 1 4 216 0 78 Presence 2839
61 1 1 149 2 113 Presence 8729
58 0 1 152 2 99 Absence 3247
46 1 3 272 1 117 Absence 1049
76 1 3 250 0 85 Presence 4772
59 0 1 273 0 159 Presence 5317
27 0 2 179 2 202 Absence 5131
61 0 2 183 1 145 Absence 3095
40 1 4 294 1 82 Absence 3112
69 1 1 216 1 189 Absence 6556
27 0 3 275 2 167 Presence 3617
25 1 1 230 1 71 Presence 4372
26 1 4 339 1 126 Absence 6147
65 1 4 143 1 180 Absence 6504
46 0 1 275 2 120 Absence 412
55 0 4 172 2 174 Absence 1294
73 0 4 137 2 130 Absence 1974
40 0 1 234 1 144 Absence 4298
60 1 3 145 2 108 Absence 750
51 1 1 190 1 179 Absence 405
29 0 3 198 1 90 Presence 1777
42 1 1 274 1 137 Absence 1575
75 1 4 342 2 126 Presence 2368
50 1 2 235 1 157 Presence 6907
50 0 4 263 0 137 Absence 650
38 0 4 139 1 102 Absence 8167
48 1 4 243 0 86 Absence 4454
43 0 3 241 0 208 Presence 7305
70 0 1 235 0 80 Presence 7144
29 0 4 229 2 148 Presence 8695
71 1 2 138 0 134 Absence 5573
25 1 1 233 1 130 Presence 3809
43 0 2 291 1 109 Absence 9776
74 0 2 157 1 162 Absence 3550
38 0 3 231 1 175 Absence 5750
33 0 4 335 2 141 Presence 88
71 0 4 287 0 113 Presence 3466
79 0 4 272 2 95 Absence 9248
37 1 3 180 1 113 Presence 5325
27 0 3 163 1 142 Absence 9087
30 1 3 294 1 207 Presence 8219
39 0 2 274 1 201 Presence 2098
64 0 1 211 2 155 Presence 1227
75 0 3 147 0 133 Presence 8245
53 1 2 340 2 76 Presence 6955
31 0 3 132 0 155 Presence 3254
25 0 3 177 2 126 Absence 1981
30 0 1 243 1 149 Absence 6271
33 1 3 207 0 145 Absence 9329
51 0 2 291 1 202 Absence 4918
60 0 2 197 0 90 Presence 2957
29 0 4 138 0 166 Presence 2021
28 1 2 292 0 73 Presence 6741
25 0 4 293 0 206 Absence 4848
40 1 3 134 0 94 Presence 9866
78 1 2 323 0 134 Presence 5874
45 1 4 335 0 130 Absence 2660
39 0 4 185 1 91 Presence 6100
52 0 2 139 0 204 Presence 471
48 1 4 148 2 185 Presence 1331
47 0 4 188 0 195 Absence 6021
77 1 2 318 2 208 Absence 3825
47 1 2 277 1 116 Absence 4147
49 0 3 246 0 203 Absence 9475
58 0 4 284 0 200 Presence 9088
25 1 4 324 0 161 Absence 5264
73 0 3 329 0 136 Presence 5288
36 0 3 241 2 132 Absence 3863
64 0 4 149 1 138 Absence 3655
46 1 3 343 1 100 Absence 4481
70 0 1 261 2 114 Presence 9418
32 1 3 240 0 105 Absence 5602
45 0 1 347 1 139 Absence 5684
63 0 3 347 2 110 Absence 843
63 1 2 296 1 175 Presence 5159
60 0 2 198 1 157 Absence 6557
38 0 4 213 1 107 Absence 4638
71 0 4 270 0 165 Absence 3165
60 0 1 287 1 126 Presence 9392
69 1 4 275 1 160 Presence 2940
66 0 2 211 2 209 Presence 7026
56 1 3 162 1 102 Presence 8109
28 1 3 165 0 195 Absence 9553
25 1 4 309 0 101 Presence 5076
40 1 3 132 2 181 Presence 7608
44 0 1 222 0 167 Presence 9480
32 1 1 121 0 118 Absence 9511
49 0 3 320 0 147 Presence 5284
54 1 1 229 0 183 Presence 3903
36 1 3 138 0 132 Absence 9871
54 0 3 147 0 174 Absence 2924
77 0 3 183 1 74 Presence 4489
36 1 2 209 0 151 Absence 4321
53 1 4 350 1 105 Absence 9186
41 1 3 152 0 157 Presence 8143
65 0 3 257 1 160 Absence 3150
70 1 4 288 2 179 Absence 4672
68 1 4 337 1 131 Absence 66
43 1 4 262 1 88 Presence 4090
51 0 1 317 2 132 Absence 3956
72 0 2 166 2 77 Presence 3019
40 0 4 263 1 189 Absence 260
42 0 3 191 0 95 Absence 7217
44 0 3 174 1 174 Presence 8316
78 0 3 293 0 89 Absence 7321
47 0 3 189 1 97 Presence 3246
33 1 2 313 1 190 Absence 1324
64 0 2 217 0 113 Absence 4189
46 1 1 167 1 209 Presence 2961
63 0 1 213 1 180 Absence 1999
77 0 1 331 0 208 Presence 262
55 1 3 335 2 82 Absence 2931
64 0 1 126 0 185 Absence 6776
65 0 1 157 2 195 Absence 8550
65 0 2 161 1 138 Absence 5120
74 1 1 185 2 188 Absence 6379
51 1 3 120 0 139 Presence 5925
70 1 1 342 0 139 Absence 7838
65 1 1 157 2 182 Presence 8883
61 1 4 234 1 127 Presence 3261
40 0 2 225 0 93 Absence 3751
54 0 1 171 2 116 Presence 7690
33 1 1 154 2 180 Absence 4662
56 0 4 140 2 83 Absence 1947
31 0 2 311 0 130 Absence 4180
73 1 3 339 2 130 Absence 764
38 1 1 310 2 188 Presence 1715
69 0 3 286 1 71 Presence 2275
70 1 2 307 1 131 Absence 3637
75 0 4 288 2 89 Absence 667
74 1 2 128 1 130 Absence 3784
36 0 2 215 0 197 Presence 8571
69 0 3 234 2 128 Absence 3274
42 0 2 142 1 201 Absence 8806
25 1 2 135 1 134 Absence 9520
78 1 2 155 0 123 Presence 3992
55 0 3 281 0 134 Presence 2976
43 0 3 344 0 209 Absence 3074
53 1 2 255 2 150 Absence 6843
51 0 1 176 2 91 Presence 2673
31 1 1 323 1 85 Presence 5367
76 0 2 299 1 208 Presence 2910
47 0 3 281 0 76 Absence 9271
49 1 2 345 1 199 Absence 308
38 0 2 171 0 144 Presence 6456
27 1 2 277 2 192 Absence 5977
25 1 4 151 2 141 Presence 8092
41 0 2 280 0 126 Absence 3465
74 0 2 232 2 182 Absence 6233
28 0 4 191 1 78 Presence 766
53 1 4 236 1 173 Absence 7035
29 1 4 170 2 92 Presence 1044
54 0 4 209 1 146 Absence 1440
30 0 3 160 2 140 Presence 7609
65 1 4 317 0 192 Presence 6116
56 0 4 179 1 163 Absence 7129
69 0 2 280 2 70 Absence 2223
25 0 4 324 1 110 Absence 3577
50 1 2 180 2 202 Presence 9157
33 0 4 157 0 205 Absence 6204
33 0 1 293 1 147 Absence 7187
46 1 1 322 0 120 Absence 8876
50 0 4 338 1 74 Presence 7184
38 1 1 258 1 99 Presence 917
52 0 2 332 0 205 Absence 9945
30 1 1 274 2 70 Absence 4917
60 0 4 228 2 117 Absence 7702
41 0 2 242 0 201 Absence 7168
74 0 3 277 0 129 Absence 5348
57 1 2 205 1 131 Absence 5917
72 0 1 242 1 83 Presence 3055
61 0 4 253 2 101 Absence 3977
61 0 1 216 2 77 Presence 5031
66 1 3 233 0 209 Presence 8008
34 0 2 209 1 162 Absence 4681
27 1 2 325 1 180 Presence 4248
70 1 1 295 0 178 Presence 332
47 1 2 303 2 92 Absence 2432
75 0 4 145 0 169 Presence 8122
72 0 4 332 1 129 Absence 3492
78 0 3 272 1 75 Presence 1289
53 1 2 332 0 206 Presence 3872
37 0 4 339 1 86 Presence 1567
63 1 4 185 1 119 Absence 3943
49 0 4 267 1 189 Absence 2640
64 0 4 177 1 173 Presence 432
75 0 2 276 0 115 Absence 3582
64 1 3 274 2 146 Presence 86
71 1 1 234 2 168 Absence 5143
27 0 4 309 1 166 Absence 1622
31 1 4 184 1 165 Presence 1977
68 0 1 211 0 179 Presence 5297
52 0 4 263 2 134 Absence 3322
46 0 2 128 1 89 Presence 1008
28 0 3 172 0 88 Presence 2192
38 1 2 297 2 151 Presence 8088
78 0 1 141 0 127 Presence 1435
58 0 3 337 0 140 Presence 9321
63 0 4 162 0 150 Absence 152
67 1 2 283 2 86 Presence 2589
29 1 1 235 0 135 Presence 6999
43 1 3 276 2 102 Absence 6575
25 0 1 319 1 146 Absence 3947
53 1 1 277 2 155 Presence 2188
26 1 3 247 1 162 Presence 5654
36 1 2 276 1 77 Absence 6838
68 0 1 170 2 177 Presence 606
75 0 4 205 0 153 Presence 6446
69 0 2 262 1 124 Presence 9705
47 1 3 217 1 83 Presence 3602
62 0 3 178 0 209 Absence 4896
56 0 2 275 2 182 Presence 1011
63 1 3 201 2 123 Absence 3606
55 0 4 334 1 155 Absence 2508
69 1 2 297 1 73 Presence 974
56 1 2 273 2 93 Absence 6606
33 0 2 278 2 127 Absence 3877
37 0 1 248 1 190 Absence 7534
49 0 4 160 1 169 Absence 163
59 0 2 165 1 155 Presence 25
79 0 3 305 1 144 Absence 6137
52 1 2 325 0 161 Absence 5096
34 1 4 143 2 160 Absence 4675
68 0 3 182 0 151 Presence 2326
76 0 2 303 2 98 Absence 3420
72 0 3 324 0 91 Presence 6783
55 0 4 186 2 125 Presence 7011
63 0 4 306 1 153 Presence 1564
67 1 4 341 0 193 Presence 7032
49 1 2 154 1 148 Presence 7825
34 1 4 143 1 115 Presence 5719
42 1 1 226 0 176 Absence 183
35 1 3 344 1 144 Presence 8878
77 0 3 229 1 74 Presence 1150
78 1 1 314 0 140 Presence 5070
55 0 2 322 1 109 Presence 464
75 1 3 342 2 141 Absence 8772
27 0 1 140 0 91 Presence 8932
78 1 2 229 0 122 Presence 2667
73 0 2 152 0 115 Absence 1692
45 1 1 227 1 204 Absence 252
31 0 3 298 0 114 Absence 7964
39 1 1 277 0 158 Absence 809
61 0 4 277 2 200 Presence 873
79 1 4 327 1 152 Absence 2016
50 0 1 231 0 187 Absence 8125
77 0 2 121 2 193 Absence 7965
54 1 3 339 0 152 Presence 9984
43 0 2 136 2 147 Presence 4055
25 0 2 348 2 172 Absence 9381
61 0 2 314 0 199 Presence 1648
52 0 2 195 1 72 Presence 7694
61 0 1 122 2 151 Absence 8035
39 1 2 253 1 210 Absence 2070
54 0 1 307 2 140 Absence 4247
72 1 4 214 0 189 Presence 4517
27 1 2 262 2 146 Presence 4345
66 1 3 170 2 188 Presence 6872
50 0 2 140 1 97 Absence 4720
34 0 3 272 2 102 Absence 1110
25 1 4 311 0 182 Absence 8881
51 0 2 340 1 162 Absence 5563
27 1 2 229 2 134 Absence 4416
46 1 2 349 1 94 Absence 4071
52 0 4 151 2 111 Presence 5482
41 1 1 231 2 148 Absence 6814
29 1 2 350 0 130 Presence 1429
33 1 3 121 1 107 Absence 1667
50 0 1 179 2 116 Presence 4635
56 0 4 226 1 75 Absence 5819
58 0 3 184 0 176 Absence 561
78 1 4 204 2 73 Absence 1462
77 0 2 185 1 100 Absence 5575
28 1 1 189 2 184 Absence 6682
38 1 3 322 1 77 Presence 1235
53 0 2 135 1 73 Absence 8235
54 1 4 314 2 186 Absence 5732
58 0 1 160 0 86 Presence 5365
48 0 3 124 1 204 Presence 9134
74 0 2 349 1 71 Absence 1116
40 0 1 187 2 145 Presence 9347
70 0 3 150 2 181 Absence 8498
69 0 1 180 1 140 Presence 2808
44 0 1 342 0 111 Absence 2558
41 0 3 316 1 159 Absence 7958
44 1 2 185 1 155 Absence 7121
53 0 4 210 2 192 Absence 1798
58 1 1 128 2 115 Absence 8463
61 1 3 328 2 96 Presence 6445
60 1 3 265 0 205 Presence 53
75 0 1 285 2 123 Presence 3788
29 0 3 317 2 162 Presence 9263
77 1 2 223 0 94 Absence 1325
33 0 2 235 1 138 Absence 2905
50 1 1 226 2 130 Absence 625
40 0 1 199 1 145 Absence 6738
57 1 4 244 2 180 Presence 218
31 0 3 347 1 134 Presence 5216
62 0 1 222 2 85 Absence 768
34 0 4 142 2 159 Presence 543
64 1 1 159 1 202 Absence 3259
45 1 1 274 0 152 Presence 5438
62 0 4 170 0 145 Presence 2102
73 0 1 328 1 161 Absence 1827
39 0 1 197 0 77 Presence 6632
31 0 1 147 0 107 Absence 8761
47 0 3 247 1 210 Presence 4616
75 1 2 303 1 72 Absence 6780
28 0 4 128 1 91 Absence 5836
56 0 4 170 0 154 Absence 1166
52 0 4 336 0 198 Presence 6917
68 1 3 188 2 207 Presence 8519
57 0 3 208 2 173 Absence 7378
32 1 2 189 0 152 Presence 9043
32 0 1 349 0 112 Absence 6048
46 0 4 276 2 115 Absence 3496
26 1 4 350 1 89 Absence 6927
54 0 1 264 0 177 Presence 1084
70 1 1 168 1 88 Absence 1239
52 0 3 245 2 168 Presence 4554
34 1 1 252 1 141 Presence 8797
47 0 4 227 0 183 Presence 1376
25 0 1 299 2 170 Presence 3143
26 1 1 155 0 120 Absence 5040
31 0 2 307 2 169 Absence 681
46 0 1 146 0 155 Presence 8455
50 1 4 263 1 118 Presence 3592
49 0 2 259 2 192 Absence 8632
37 0 3 293 2 105 Absence 3385
54 0 3 233 0 161 Presence 2689
72 0 2 227 1 141 Absence 9076
67 1 4 121 0 177 Presence 6065
35 0 4 321 2 127 Absence 3834
75 1 4 345 0 112 Presence 5565
52 0 4 236 2 186 Presence 2376
26 1 2 249 1 71 Presence 7661
33 1 3 318 2 209 Absence 8629
28 1 2 228 2 92 Presence 1013
43 0 1 277 2 199 Presence 2335
33 1 2 257 2 75 Presence 1705
79 1 1 274 0 103 Absence 7502
41 0 1 216 0 147 Presence 5477
65 0 2 138 0 108 Absence 5243
53 1 3 151 2 82 Presence 8935
65 1 1 252 2 163 Presence 2170
62 1 3 303 0 172 Absence 2786
75 1 3 125 1 102 Absence 467
50 0 3 324 1 110 Absence 5301
30 0 2 341 1 174 Absence 1279
58 0 2 310 1 183 Absence 2787
36 1 3 266 2 142 Absence 5279
76 1 4 223 0 206 Absence 2135
67 1 4 268 1 112 Absence 5984
36 1 2 341 2 133 Presence 1014
61 0 3 308 2 137 Presence 17
36 1 3 160 1 75 Absence 6964
50 0 1 301 1 81 Presence 7723
32 0 4 158 2 134 Absence 9436
35 1 3 176 2 117 Presence 7632
61 1 1 268 2 110 Absence 3846
26 0 3 299 2 145 Absence 4482
73 0 4 260 2 210 Absence 3564
40 1 2 211 0 176 Presence 5359
70 0 1 177 0 111 Absence 9341
40 0 2 304 2 165 Absence 8010
26 0 4 256 2 131 Absence 8267
27 1 1 315 2 189 Absence 6978
26 0 1 216 0 92 Presence 7588
45 1 3 318 0 168 Presence 6385
45 0 2 206 1 89 Absence 4753
36 1 3 179 2 125 Absence 2041
30 1 2 152 0 100 Absence 3406
47 1 2 257 2 194 Presence 7128
52 1 4 335 1 130 Presence 5397
56 0 2 320 1 113 Absence 7459
39 0 3 191 0 94 Absence 5896
40 0 2 120 1 80 Absence 2757
49 0 4 152 2 200 Absence 9247
39 0 1 248 2 141 Absence 2313
49 0 4 233 0 161 Presence 2519
49 1 4 345 0 168 Presence 1592
65 0 2 284 2 151 Presence 2333
37 1 2 208 2 103 Presence 9795
64 1 2 294 0 148 Presence 6753
47 0 1 191 1 86 Presence 2077
68 1 1 184 0 180 Presence 173
56 0 2 311 2 78 Presence 6082
78 1 2 227 0 193 Absence 7119
63 1 3 159 2 93 Absence 8250
76 0 4 124 2 198 Absence 2091
54 1 2 234 0 199 Absence 9673
48 1 2 289 2 121 Absence 1277
53 0 4 332 1 168 Presence 5017
27 0 1 324 0 79 Presence 6757
55 0 3 276 2 194 Absence 1218
67 1 3 248 0 200 Presence 6703
32 1 1 181 1 171 Presence 3718
74 1 2 268 2 167 Absence 6684
78 1 3 296 2 94 Absence 721
47 0 4 301 2 154 Presence 529
57 0 4 141 1 130 Absence 9006
45 0 2 187 0 132 Presence 2395
45 0 2 323 1 114 Absence 1850
54 0 1 212 0 97 Absence 4098
43 0 3 199 2 83 Absence 6607
68 0 2 139 2 195 Absence 431
73 0 1 311 1 86 Absence 9163
36 0 1 348 0 161 Presence 9037
51 0 1 252 1 102 Presence 5431
25 1 1 228 1 90 Absence 1300
25 1 1 209 1 162 Presence 517
60 1 3 212 2 173 Presence 1463
41 0 1 126 1 72 Absence 9620
56 1 4 137 2 78 Presence 7365
31 0 3 186 2 144 Presence 3838
68 0 3 194 0 113 Absence 1566
61 1 2 262 1 177 Presence 6155
75 0 2 125 0 118 Presence 9769
27 1 4 329 2 146 Absence 5197
65 0 1 295 1 130 Presence 7333
70 1 1 265 2 154 Presence 4914
68 1 3 209 0 186 Presence 2714
68 1 3 281 2 198 Absence 4536
43 0 2 319 0 200 Presence 9966
34 0 1 191 2 209 Presence 5238
56 0 4 211 0 197 Absence 3145
74 0 4 339 1 175 Absence 7791
61 1 3 237 0 157 Presence 5503
53 1 2 252 1 111 Presence 7619
71 1 4 237 2 201 Absence 9870
35 0 1 165 2 203 Presence 9053
30 1 4 261 1 200 Absence 2618
68 1 3 318 2 170 Absence 9367
27 0 2 303 1 134 Absence 6296
46 0 3 195 1 161 Presence 2390
64 0 1 291 0 100 Presence 6600
70 1 2 299 2 149 Presence 7456
37 1 3 137 2 160 Absence 5516
57 0 2 276 0 150 Absence 3163
38 0 1 229 0 171 Presence 279
63 1 2 302 0 101 Presence 2972
27 0 2 271 1 76 Presence 8709
49 0 3 140 0 156 Absence 4686
66 1 1 120 2 185 Absence 5811
70 1 2 347 0 167 Presence 3611
62 0 4 151 1 127 Absence 5775
47 1 4 155 1 189 Presence 5491
79 1 1 350 0 94 Absence 1032
38 1 4 125 2 179 Presence 446
69 1 1 210 0 141 Absence 6585
60 1 3 331 1 139 Presence 8264
77 0 3 173 0 127 Presence 4122
75 0 2 145 1 172 Presence 1943
71 0 3 268 1 119 Absence 9631
43 0 3 260 2 78 Presence 8886
31 0 3 171 2 89 Presence 2315
42 1 2 199 2 168 Presence 4643
38 1 4 249 0 193 Presence 2033
70 0 1 339 0 133 Absence 7335
67 0 2 153 0 102 Presence 6906
50 1 4 224 2 72 Absence 5914
39 0 4 308 1 95 Presence 8000
58 1 1 225 2 131 Absence 630
67 0 4 298 2 71 Presence 6625
55 0 3 147 1 92 Presence 4507
73 1 4 342 0 169 Presence 3997
54 1 1 303 2 180 Absence 2950
54 1 1 324 2 199 Presence 1202
49 0 1 350 2 187 Presence 8690
76 0 1 147 0 117 Absence 4799
79 1 4 138 2 135 Presence 427
61 0 4 301 2 138 Absence 7814
28 0 3 296 1 92 Absence 7275
35 0 3 219 0 138 Absence 1120
55 0 3 341 1 99 Absence 1948
55 1 3 122 1 166 Absence 341
62 0 3 305 1 178 Presence 7458
56 1 4 265 1 209 Absence 9
39 1 4 223 0 143 Presence 3334
60 1 1 232 1 172 Presence 4575
38 1 1 194 1 135 Presence 6988
68 1 3 142 2 104 Presence 2964
32 1 3 281 1 92 Absence 1104
45 1 1 150 0 190 Absence 2949
29 1 1 347 2 100 Absence 1647
45 1 3 254 2 101 Presence 9558
76 1 1 324 0 85 Absence 1973
49 1 3 204 0 186 Absence 1822
72 1 4 143 2 86 Absence 7809
50 0 4 344 2 192 Presence 6529
70 1 1 341 1 178 Absence 3676
32 0 2 337 2 166 Presence 4773
40 0 1 282 2 173 Absence 8311
40 1 1 160 0 149 Absence 2113
44 0 2 320 2 124 Absence 820
77 0 2 316 1 183 Absence 5817
54 1 4 273 2 191 Presence 1892
46 0 2 146 0 185 Presence 1096
72 1 2 254 1 145 Presence 40
74 1 4 303 2 101 Absence 8853
70 0 1 162 1 166 Presence 3009
79 1 4 217 2 144 Presence 3427
69 0 4 308 0 151 Presence 8868
43 1 4 239 0 171 Absence 5593
71 1 1 322 1 117 Absence 4044
37 0 3 309 0 209 Presence 7500
47 0 2 196 0 182 Absence 4624
25 1 2 263 1 122 Presence 5737
37 0 1 331 0 100 Absence 5026
69 0 4 228 1 159 Presence 1327
72 0 1 344 1 119 Absence 3244
35 1 1 263 2 124 Absence 1320
62 1 3 200 2 119 Absence 3418
26 1 3 230 0 105 Presence 1988
70 0 3 156 0 89 Absence 7318
34 0 4 210 2 209 Presence 9481
27 0 4 211 0 77 Presence 9507
58 0 4 122 0 174 Presence 5223
26 0 1 324 1 183 Presence 5685
28 1 4 348 0 198 Absence 5227
47 0 1 146 0 95 Presence 5851
57 1 3 243 0 209 Absence 2628
47 0 4 235 2 113 Absence 7627
55 0 1 278 1 163 Absence 4984
79 1 4 340 1 196 Presence 8346
33 0 1 279 1 120 Absence 9698
28 0 3 142 2 118 Absence 8006
78 1 1 154 0 156 Presence 3374
67 0 2 193 1 78 Presence 9256
26 1 4 250 0 128 Absence 7349
48 1 1 271 2 161 Presence 8259
65 0 3 161 2 192 Absence 2257
67 1 2 140 0 131 Presence 3764
45 0 3 248 2 158 Presence 5734
76 0 4 225 1 85 Presence 9223
58 0 1 150 1 118 Presence 6965
28 0 1 168 1 106 Presence 67
37 0 1 266 0 135 Presence 6787
61 1 4 127 0 78 Absence 3694
31 1 1 215 1 119 Absence 6489
79 0 2 199 2 96 Presence 7281
76 1 2 333 2 138 Absence 7067
70 0 3 148 2 128 Absence 1314
77 1 1 177 1 183 Presence 5901
47 0 1 245 1 157 Presence 97
52 0 4 325 1 129 Absence 5745
79 1 3 209 0 162 Presence 3561
78 1 1 169 1 166 Absence 9323
28 0 4 195 1 83 Absence 3791
29 1 4 218 1 187 Absence 5607
60 0 1 257 2 201 Absence 589
39 0 2 336 0 140 Presence 2906
44 1 1 346 1 164 Presence 9140
52 0 4 311 2 110 Presence 8642
31 1 1 133 0 166 Presence 4089
67 0 2 342 1 193 Presence 8823
74 1 2 270 2 127 Presence 1927
25 0 2 190 2 208 Absence 5605
71 1 4 128 2 208 Presence 3501
58 0 1 182 2 198 Absence 1946
77 1 1 158 2 129 Presence 8592
47 0 4 297 1 167 Presence 2183
39 1 2 306 1 71 Absence 4820
43 1 2 278 2 204 Presence 8121
56 1 3 189 2 114 Absence 5274
68 1 1 299 2 75 Presence 3690
66 1 2 236 1 152 Absence 2290
73 1 2 285 0 192 Presence 9437
64 1 4 347 2 156 Presence 7508
73 0 1 307 1 73 Presence 1526
78 0 3 279 2 154 Presence 812
30 0 3 266 0 195 Presence 600
61 1 4 335 1 108 Presence 2930
59 1 2 256 1 119 Presence 4821
70 0 4 211 0 162 Absence 7747
39 1 4 267 0 153 Absence 4347
72 1 4 121 2 70 Absence 185
62 1 1 301 2 114 Absence 6260
47 1 1 334 1 174 Presence 9892
66 0 2 180 0 132 Absence 9222
29 0 2 162 0 176 Presence 9004
49 0 4 241 1 75 Presence 4461
78 0 1 264 2 168 Presence 5493
55 1 4 350 0 96 Presence 7801
69 1 2 290 1 189 Absence 7172
45 1 4 275 1 129 Absence 1186
28 1 3 143 2 115 Presence 3394
31 0 4 340 0 203 Absence 1817
52 0 3 214 0 131 Absence 5942
77 1 3 300 1 208 Absence 9763
56 0 4 259 0 85 Presence 4727
56 1 2 281 0 149 Absence 2784
32 0 4 175 1 180 Absence 9800
78 0 3 172 2 144 Absence 3507
47 0 2 215 1 210 Absence 3194
39 0 1 137 0 141 Presence 5067
55 0 1 181 2 175 Presence 1476
42 1 3 244 2 105 Presence 9483
35 0 4 206 0 131 Absence 7667
62 1 2 248 1 81 Absence 6176
68 1 3 284 1 195 Presence 7977
73 1 4 256 2 125 Presence 3131
46 0 2 251 0 137 Presence 7666
61 0 1 230 0 139 Absence 957
56 0 3 274 0 128 Absence 8039
70 1 4 168 2 91 Absence 9428
45 1 3 251 2 193 Absence 9690
42 0 4 177 0 94 Presence 7933
56 1 4 230 1 202 Presence 4275
39 1 4 270 0 74 Presence 1037
25 1 4 227 2 133 Absence 8113
26 0 2 120 2 71 Presence 4712
62 1 3 167 1 141 Presence 9052
27 1 3 202 2 107 Absence 8415
57 1 1 326 2 200 Presence 9563
51 1 2 196 2 97 Absence 7980
55 1 2 225 2 191 Presence 7243
49 0 1 343 2 196 Absence 2792
62 0 4 198 2 207 Presence 5682
39 1 1 289 0 125 Absence 6319
69 1 4 184 1 180 Presence 697
27 1 2 286 0 82 Absence 9364
55 0 3 245 2 102 Absence 3545
74 0 1 232 1 109 Presence 6240
49 0 3 182 1 118 Absence 4447
53 1 3 235 2 82 Absence 7018
78 1 1 233 0 75 Presence 773
32 0 3 163 1 147 Presence 5435
52 0 2 288 1 128 Presence 2044
71 0 1 350 2 166 Absence 4213
66 1 3 345 2 115 Absence 1730
39 0 4 303 0 181 Presence 7575
74 0 2 242 0 195 Absence 9424
58 0 4 159 2 136 Presence 3041
79 1 1 286 2 187 Absence 6686
36 0 3 258 2 97 Presence 5630
52 1 3 320 0 194 Presence 826
30 0 3 164 1 137 Presence 3187
37 1 1 226 1 164 Absence 7876
34 0 1 307 0 140 Presence 2544
38 0 2 323 2 93 Absence 4953
31 1 3 200 1 124 Absence 6350
35 0 3 262 0 186 Absence 1441
39 1 3 343 2 151 Presence 3061
30 1 1 167 1 113 Absence 391
43 1 2 245 0 111 Presence 7215
32 1 2 166 1 205 Absence 1610
57 0 1 315 1 192 Presence 2074
28 1 1 330 0 80 Presence 3267
26 0 3 213 0 197 Presence 9170
42 0 4 285 0 80 Presence 4553
51 0 4 230 0 197 Presence 5927
49 0 1 308 1 101 Presence 9887
71 0 1 291 2 113 Presence 1229
60 1 1 229 0 159 Presence 3917
34 1 2 237 2 114 Absence 2388
39 0 1 285 1 112 Presence 7396
50 0 3 315 2 157 Presence 4253
56 0 2 177 2 79 Presence 6982
66 0 3 350 1 196 Presence 8780
52 0 1 188 1 157 Presence 1193
78 1 2 235 0 109 Presence 8381
71 0 4 258 1 127 Absence 6879
71 1 1 155 2 112 Presence 8100
47 0 2 339 0 92 Presence 9898
56 1 4 146 0 109 Presence 7432
58 1 1 315 0 173 Presence 592
55 1 3 152 2 101 Absence 3303
57 1 1 154 1 200 Presence 5347
55 0 3 330 2 71 Absence 5156
26 0 2 180 2 208 Absence 1151
77 1 4 163 0 71 Absence 6285
31 1 2 146 2 92 Absence 4778
40 0 2 289 1 102 Presence 9582
65 1 4 248 0 86 Presence 7938
76 0 1 316 1 140 Presence 9073
47 1 1 298 2 163 Absence 5617
42 1 4 142 1 192 Absence 7648
62 1 3 216 0 207 Absence 3121
46 0 3 181 2 153 Absence 821
66 0 1 149 2 119 Absence 2393
47 1 1 207 1 99 Presence 5052
41 0 4 267 1 192 Presence 7434
53 1 3 285 2 204 Presence 8679
38 1 1 143 1 93 Presence 8913
29 1 2 307 1 105 Absence 8357
57 0 3 243 0 109 Presence 7917
77 0 3 210 1 127 Absence 5546
43 1 1 183 0 75 Absence 4565
38 1 1 332 1 143 Presence 6762
69 1 3 303 2 147 Presence 491
51 1 3 299 1 107 Absence 4317
55 0 4 153 1 106 Presence 9066
76 0 1 274 2 193 Presence 8254
42 1 1 349 0 70 Absence 7420
48 0 1 299 1 147 Absence 2793
51 1 4 176 0 160 Absence 1154
49 1 3 273 2 150 Presence 5342
51 1 4 293 0 138 Presence 8508
60 1 2 342 2 76 Presence 2147
55 1 4 128 1 205 Presence 417
39 1 2 274 2 136 Absence 8383
58 1 1 264 2 88 Absence 3704
64 0 1 291 1 130 Absence 1465
31 1 4 194 0 96 Presence 3053
53 1 4 346 0 182 Absence 5677
36 0 4 290 2 184 Presence 8453
49 0 2 230 1 89 Absence 6877
37 1 4 164 2 146 Absence 5622
69 1 4 227 2 178 Absence 1346
34 1 4 194 2 112 Presence 462
49 0 4 239 2 85 Presence 5577
75 1 3 290 2 111 Absence 8322
41 0 2 280 2 210 Absence 1163
47 1 1 268 1 196 Presence 3066
39 0 1 314 2 185 Absence 9056
43 1 1 340 2 182 Presence 2975
52 0 3 136 2 197 Presence 6075
70 0 3 123 2 130 Absence 9103
72 1 3 243 0 151 Absence 6367
70 0 1 255 2 201 Presence 6161
79 0 3 299 0 147 Presence 902
34 1 2 159 1 122 Absence 5739
28 0 2 127 2 191 Absence 7236
64 1 1 273 1 103 Presence 3338
31 0 4 243 2 159 Presence 7439
62 0 2 187 1 145 Absence 8627
26 0 2 324 0 132 Absence 3510
67 1 2 255 1 205 Absence 4651
46 0 3 138 0 116 Presence 7703
40 1 4 213 2 206 Presence 1618
68 0 4 211 0 153 Absence 9113
73 0 4 228 0 196 Presence 5864
46 0 3 244 1 85 Presence 7553
41 1 4 187 1 84 Absence 2704
65 1 1 219 0 122 Presence 2675
52 1 1 126 0 137 Presence 9826
66 0 1 229 1 156 Absence 7183
77 1 2 177 2 100 Absence 2523
25 1 3 135 2 163 Presence 6891
33 1 3 134 2 169 Absence 2813
46 1 1 258 0 73 Presence 245
36 1 3 303 1 145 Presence 3160
69 1 3 342 0 110 Presence 2874
73 1 3 283 2 150 Presence 5744
77 0 1 122 0 146 Presence 370
40 1 2 201 2 158 Absence 8142
41 0 3 164 0 132 Presence 8993
35 0 2 277 1 182 Presence 3384
52 0 3 290 2 85 Presence 5436
68 1 2 246 0 137 Presence 9777
56 1 4 279 0 120 Presence 8882
78 1 4 192 1 131 Absence 6598
51 1 4 161 1 203 Absence 6584
40 1 4 152 0 81 Absence 4096
30 1 2 348 2 154 Absence 4497
26 1 3 190 0 94 Absence 4338
70 0 4 218 2 197 Presence 9155
54 1 3 203 2 194 Presence 4195
63 0 4 281 2 171 Presence 1701
40 1 4 295 2 155 Absence 419
44 0 2 235 2 125 Absence 1244
48 1 3 215 1 131 Absence 6669
55 0 3 257 2 145 Presence 7411
60 1 4 211 0 187 Presence 5647
72 1 2 295 1 82 Absence 2801
48 1 2 125 1 101 Presence 7078
39 0 1 258 2 76 Absence 4785
78 0 4 151 2 188 Absence 9320
67 1 3 151 0 182 Absence 2312
66 1 3 256 0 114 Presence 8998
38 0 1 173 0 147 Presence 4193
26 1 4 221 2 201 Absence 7151
75 0 2 237 2 93 Absence 601
36 1 2 298 2 126 Presence 885
70 1 2 152 0 131 Absence 6915
59 1 4 157 1 96 Presence 9542
45 0 1 263 0 75 Absence 349
78 0 4 341 2 72 Presence 7545
58 0 4 323 0 140 Absence 7700
45 1 3 195 1 164 Presence 2522
37 0 2 327 1 173 Absence 1939
76 0 3 217 2 191 Presence 3114
36 0 1 121 2 204 Absence 9017
63 1 1 179 2 132 Presence 1882
71 1 1 140 2 129 Presence 9643
33 0 1 261 0 121 Presence 7192
42 1 3 343 1 75 Presence 9829
44 1 1 320 1 204 Absence 1630
42 1 2 315 1 120 Absence 765
49 1 2 214 2 152 Absence 3222
44 0 3 315 0 117 Absence 546
58 0 2 335 1 153 Absence 8488
63 1 4 243 2 123 Absence 8395
27 1 2 296 2 172 Presence 2627
29 0 2 335 0 209 Absence 4002
51 0 4 122 2 192 Absence 5133
41 0 1 200 1 161 Presence 2017
34 1 2 344 1 175 Absence 6415
67 1 3 311 0 175 Presence 6051
33 1 3 313 0 180 Absence 6769
48 1 2 278 0 160 Presence 9925
65 0 4 343 2 75 Absence 8363
64 0 4 148 2 181 Presence 8999
64 1 2 227 1 176 Absence 8974
25 1 4 263 2 156 Presence 4660
72 0 1 121 0 131 Absence 4954
60 0 3 338 0 167 Absence 3670
40 0 1 165 2 204 Absence 7196
53 0 3 255 2 164 Absence 7668
41 0 2 308 1 204 Presence 5152
56 0 3 282 2 183 Presence 3608
40 0 2 285 1 143 Absence 4093
61 1 3 220 0 143 Presence 363
35 0 1 164 2 155 Presence 2661
69 1 3 199 0 156 Presence 4140
58 0 3 238 1 89 Presence 7936
47 1 2 238 1 86 Presence 5234
25 0 1 160 2 178 Absence 6428
50 0 4 291 2 175 Absence 8491
51 0 1 166 0 144 Presence 8707
39 0 2 201 0 83 Absence 4908
56 0 2 262 1 83 Absence 2158
41 0 1 304 0 203 Presence 857
57 0 1 170 1 83 Presence 5964
65 0 4 205 1 96 Presence 7467
65 1 1 309 2 194 Presence 8641
75 1 1 244 0 157 Presence 1972
33 0 1 183 2 145 Presence 6845
33 0 2 235 2 100 Presence 852
57 1 1 259 1 87 Absence 2398
37 1 4 157 2 132 Presence 9964
69 1 2 121 0 196 Presence 5478
30 0 1 173 2 125 Absence 7198
26 1 4 324 0 126 Presence 9714
37 0 2 148 0 196 Absence 7384
56 0 4 143 0 74 Presence 1603
69 1 4 284 0 137 Presence 177
55 1 4 276 1 158 Presence 848
43 1 3 289 0 70 Presence 8104
58 1 3 192 1 130 Presence 5525
43 0 1 148 1 118 Presence 9798
47 0 2 303 1 189 Presence 8945
69 0 3 321 2 91 Absence 4326
40 0 2 168 0 144 Absence 3785
54 1 3 342 2 173 Presence 8402
55 0 4 129 0 179 Absence 2767
54 1 1 187 1 165 Presence 6969
68 0 1 212 1 162 Absence 4842
59 0 2 184 0 165 Absence 3382
70 1 4 267 1 110 Presence 941
26 0 3 214 0 171 Absence 1543
36 0 2 191 2 177 Presence 6344
39 1 3 250 1 208 Presence 8561
61 1 3 141 1 163 Presence 2967
51 0 1 322 0 200 Presence 3821
63 1 3 135 2 101 Presence 5509
47 0 2 339 1 110 Presence 1690
59 1 4 217 2 143 Absence 7387
74 0 1 197 0 183 Absence 1102
47 1 1 222 1 141 Absence 3240
69 1 4 263 0 136 Absence 7512
34 0 2 196 1 203 Presence 9641
34 1 2 285 0 196 Absence 9237
61 1 2 177 2 102 Presence 2015
54 1 4 166 2 102 Presence 1060
64 0 1 145 1 128 Presence 8726
44 1 1 152 2 181 Presence 3422
27 0 1 172 0 179 Absence 2064
25 0 4 349 2 88 Absence 8525
68 0 4 126 2 158 Absence 9495
43 1 4 171 1 167 Absence 4865
68 1 4 241 1 142 Presence 1605
65 1 4 206 0 70 Absence 6601
56 0 1 126 0 116 Presence 3012
60 1 3 319 0 89 Presence 7054
73 0 3 138 0 156 Absence 1016
71 1 1 229 0 122 Absence 7331
52 0 1 238 2 191 Presence 6819
36 1 3 244 2 115 Absence 4897
73 0 3 342 1 148 Absence 4780
64 0 1 194 1 98 Absence 9707
67 0 1 295 2 124 Presence 6154
61 1 3 142 0 173 Presence 7768
79 1 3 247 2 100 Absence 2702
41 0 1 163 0 201 Absence 2749
38 1 2 238 0 79 Presence 9411
29 1 3 259 0 81 Absence 831
30 1 1 337 1 107 Absence 8461
71 0 2 300 2 127 Absence 5653
45 0 1 275 2 190 Absence 8719
46 1 3 221 0 195 Presence 9912
63 0 4 277 2 77 Presence 1693
58 1 1 308 2 98 Absence 7600
61 0 4 350 2 84 Absence 140
53 0 3 292 1 83 Presence 6391
56 1 1 214 2 74 Absence 2071
68 0 4 133 2 95 Presence 44
25 0 2 208 2 117 Presence 9232
53 0 1 343 0 166 Absence 5097
66 0 4 184 1 109 Presence 6357
61 0 2 247 0 206 Presence 4423
43 0 3 280 0 142 Presence 8837
67 0 2 234 1 132 Absence 9917
33 0 3 179 2 144 Absence 6443
36 0 2 128 0 86 Absence 8237
27 0 2 182 1 136 Presence 5523
54 1 3 332 2 104 Presence 7579
62 1 1 231 2 71 Absence 9370
67 0 1 304 2 129 Presence 42
68 1 3 164 1 183 Absence 1562
67 1 3 323 2 159 Presence 1862
71 1 3 132 2 94 Absence 5832
76 1 3 232 1 203 Absence 3711
52 1 2 185 2 178 Presence 8821
61 0 2 164 0 194 Presence 6365
56 1 3 242 2 135 Absence 3661
32 0 2 215 0 140 Presence 7944
67 1 1 208 2 154 Presence 1349
55 1 4 267 1 200 Presence 5443
54 1 4 329 1 181 Absence 7957
38 1 1 279 0 128 Absence 4828
65 0 3 165 1 101 Presence 6056
47 0 2 303 0 151 Absence 8209
51 0 4 260 0 188 Absence 6577
32 0 4 306 1 142 Absence 2504
62 0 1 234 2 92 Presence 6242
58 0 1 333 2 144 Absence 5034
65 1 4 252 2 82 Presence 5358
42 1 3 269 0 148 Absence 5475
78 0 4 325 1 169 Absence 780
67 0 3 151 2 104 Absence 6211
46 0 1 297 0 93 Presence 5843
54 1 4 242 0 183 Absence 9400
56 0 4 270 1 204 Presence 3965
57 1 1 332 1 185 Absence 8751
27 0 1 258 1 141 Absence 1252
52 0 2 205 1 144 Presence 2662
57 1 3 277 2 122 Presence 3457
55 0 2 232 0 209 Presence 295
50 1 1 125 2 89 Presence 930
57 1 3 155 0 94 Presence 4325
77 0 2 187 2 102 Absence 816
25 1 4 184 2 162 Presence 5456
54 0 2 318 1 84 Presence 530
31 0 2 222 1 169 Presence 7445
25 1 4 205 2 150 Presence 1363
60 0 2 286 0 105 Presence 170
28 1 2 294 2 105 Absence 1427
45 0 2 163 0 182 Presence 2996
72 1 4 256 1 158 Presence 9517
62 0 3 339 0 161 Absence 6466
48 1 1 346 1 111 Presence 6550
78 0 3 142 0 91 Presence 1250
25 1 4 141 0 195 Presence 9257
73 0 2 184 2 138 Absence 2970
71 1 3 210 1 203 Presence 6816
68 1 1 308 0 206 Presence 5101
72 0 4 175 2 164 Presence 4576
67 0 2 120 0 120 Absence 7389
65 1 3 151 0 91 Absence 145
79 1 1 151 0 87 Absence 285
76 0 2 271 2 79 Presence 5050
62 1 1 297 1 85 Presence 4539
57 1 2 187 0 79 Presence 2682
25 1 2 180 2 83 Presence 5089
46 1 4 123 1 169 Presence 159
66 0 1 317 1 131 Presence 4307
44 0 3 262 1 77 Presence 1236
55 0 3 174 1 102 Presence 5527
47 1 3 174 1 208 Presence 2834
36 1 2 211 0 188 Absence 5413
55 0 3 162 0 157 Presence 2775
31 0 1 205 1 73 Presence 2598
28 0 4 212 1 82 Presence 9574
52 0 4 124 2 153 Absence 4342
36 1 3 177 1 95 Absence 4047
75 1 3 288 0 107 Absence 5923
37 1 2 295 2 70 Absence 7499
71 1 1 223 2 74 Absence 2253
78 0 4 266 0 101 Presence 3092
28 0 1 312 0 89 Presence 5601
57 0 2 166 0 77 Absence 3208
51 0 2 287 1 169 Absence 1028
53 1 2 348 0 208 Presence 1080
39 1 3 124 1 93 Absence 8644
42 0 1 186 1 147 Presence 8750
54 0 4 123 2 194 Presence 8251
74 1 1 234 2 122 Absence 8500
57 1 4 348 2 131 Presence 1706
78 1 3 244 1 198 Presence 1559
30 1 1 140 1 119 Absence 5996
59 1 1 179 1 99 Presence 4471
54 1 1 333 0 196 Absence 6681
74 0 2 216 0 107 Absence 5663
64 1 2 157 0 166 Presence 1478
69 1 4 347 1 80 Presence 4702
42 1 4 295 0 127 Absence 5604
64 1 3 331 1 76 Presence 8548
78 1 2 320 2 156 Presence 7095
75 1 1 154 0 158 Absence 6453
40 0 3 223 0 201 Presence 8072
69 0 2 277 1 196 Absence 6068
35 1 1 296 0 166 Presence 9910
64 0 2 306 0 72 Absence 4867
59 0 1 178 1 127 Presence 3898
58 0 1 336 2 76 Absence 321
72 0 2 311 1 154 Presence 5709
60 0 1 233 2 92 Absence 7711
31 1 1 341 1 83 Presence 6396
49 0 3 143 0 89 Presence 928
56 0 2 313 1 187 Presence 301
44 0 2 186 2 180 Presence 8164
68 1 2 233 1 100 Absence 226
49 0 1 342 1 207 Absence 7629
28 1 2 138 0 191 Absence 2420
65 1 4 315 1 116 Absence 4583
68 1 2 126 2 180 Presence 6660
28 0 2 201 1 125 Presence 9203
59 0 2 204 1 206 Presence 72
78 0 2 164 0 137 Presence 6187
40 1 4 165 2 97 Presence 1956
56 1 4 179 2 156 Absence 4696
43 0 4 132 0 107 Presence 7247
47 1 1 312 0 169 Presence 7426
39 0 2 245 0 201 Absence 514
56 0 3 176 1 150 Absence 8576
66 1 1 298 0 144 Presence 6984
53 0 1 266 1 195 Presence 8835
36 0 2 314 0 114 Absence 5346
57 0 3 219 1 101 Absence 5825
79 1 4 236 1 95 Absence 1768
34 0 1 316 1 93 Absence 2452
76 0 2 303 2 78 Absence 2087
30 0 1 164 2 112 Absence 3183
46 0 3 228 0 98 Absence 3034
55 0 1 279 0 70 Absence 75
44 0 1 170 2 197 Absence 8445
37 1 1 226 2 104 Presence 6785
48 1 3 268 0 82 Absence 4043
41 0 1 299 0 137 Presence 6770
26 1 2 199 0 94 Absence 4564
46 1 3 168 2 73 Presence 615
41 1 3 331 2 205 Presence 8946
62 0 3 122 0 161 Presence 4851
62 1 2 216 1 210 Absence 404
71 0 3 160 1 185 Absence 4377
63 0 2 346 0 210 Absence 7899
44 0 3 330 2 135 Presence 153
55 1 3 134 1 197 Presence 8783
46 1 1 195 0 205 Absence 781
63 0 4 139 0 160 Presence 6005
38 0 2 324 2 177 Absence 7547
67 1 1 159 2 75 Presence 8812
36 1 4 146 0 106 Presence 395
70 1 1 275 0 192 Absence 2513
38 1 4 314 2 156 Presence 4443
44 1 1 334 2 206 Absence 7317
50 0 4 224 1 167 Absence 2688
27 1 3 148 2 138 Presence 2652
60 1 2 255 2 194 Absence 3730
65 0 2 316 0 119 Absence 9188
72 1 3 293 1 203 Presence 6127
56 1 4 269 0 117 Presence 3089
54 0 4 132 1 102 Presence 6231
58 0 1 311 0 115 Presence 9013
25 1 2 157 1 180 Absence 4444
38 1 4 314 2 94 Presence 3699
78 0 2 222 2 89 Absence 7175
27 0 2 349 2 97 Absence 2679
35 1 3 225 0 114 Presence 4359
32 1 4 173 0 209 Presence 133
45 1 4 251 0 96 Presence 8955
50 1 4 174 1 160 Absence 4545
68 0 4 277 1 131 Absence 7476
47 1 1 233 2 91 Presence 7249
48 0 3 142 2 102 Absence 3523
29 1 4 122 0 134 Absence 2718
25 1 3 324 1 158 Absence 4012
72 0 4 319 0 183 Presence 1000
27 0 4 340 1 84 Absence 1293
78 1 3 281 0 158 Absence 7974
74 0 4 174 2 191 Absence 4983
40 0 1 283 0 205 Presence 8794
33 0 3 170 2 104 Presence 7023
74 1 1 190 0 192 Presence 1226
25 1 1 218 0 100 Absence 8342
35 0 2 161 0 122 Absence 7337
56 1 2 190 1 190 Absence 5053
67 0 1 229 1 200 Presence 7440
40 1 1 296 0 85 Presence 5386
77 1 1 166 1 113 Absence 8052
40 0 2 326 0 78 Absence 8611
54 0 1 348 1 172 Absence 1093
43 1 3 348 0 194 Absence 9064
71 0 2 296 1 137 Presence 362
29 1 3 124 2 91 Presence 5287
30 0 1 305 2 196 Presence 624
41 0 3 134 2 162 Absence 9869
34 1 1 218 0 136 Presence 2785
59 0 1 237 2 76 Absence 9767
29 1 3 289 1 129 Absence 5100
65 0 3 198 2 126 Presence 2294
69 0 2 282 0 191 Absence 5644
50 0 3 248 2 168 Absence 9723
40 0 4 204 0 177 Presence 3769
49 0 2 126 0 73 Presence 9045
37 0 4 180 1 74 Absence 553
37 0 4 171 1 140 Absence 174
43 1 2 316 1 163 Presence 7208
71 0 3 153 2 174 Presence 1035
42 0 4 237 1 154 Absence 3445
45 0 4 284 0 84 Absence 1663
78 0 1 284 1 186 Presence 2880
26 0 3 135 1 140 Presence 5579
64 0 2 272 2 98 Presence 644
26 0 2 148 2 166 Presence 3164
33 0 1 202 2 210 Absence 7056
72 1 1 145 2 186 Absence 9621
54 0 2 327 0 82 Presence 9389
59 0 4 127 0 99 Presence 4645
36 0 2 187 1 170 Presence 4995
31 0 1 225 1 101 Absence 959
29 0 4 277 0 86 Presence 9023
40 0 1 346 0 109 Presence 1211
39 1 3 134 2 159 Absence 9531
55 0 2 219 2 77 Absence 9963
44 0 4 210 0 85 Absence 3909
57 0 1 128 2 196 Absence 9296
56 1 1 141 0 195 Presence 1461
70 0 2 189 2 146 Presence 9359
74 1 3 121 0 87 Absence 1448
51 1 4 136 0 114 Absence 2488
42 1 3 192 1 99 Presence 7135
52 0 1 127 1 79 Presence 7859
43 1 2 189 1 78 Absence 4051
46 1 3 273 1 157 Absence 5857
71 1 4 127 2 116 Absence 8465
28 1 1 257 2 86 Presence 4625
61 0 4 342 1 128 Presence 1379
66 0 2 236 1 151 Absence 2562
69 0 3 138 0 102 Absence 8928
45 0 3 303 1 147 Absence 1397
69 0 2 303 1 139 Absence 6784
38 0 3 306 1 75 Absence 8201
59 1 1 268 1 135 Absence 259
66 1 4 279 1 97 Absence 6321
43 0 1 190 0 183 Presence 8021
30 0 1 137 2 193 Absence 3030
52 1 3 315 0 127 Presence 5241
47 0 4 193 2 158 Presence 1132
40 1 1 314 1 166 Presence 1079
56 0 3 151 1 140 Presence 1709
59 0 4 243 1 94 Absence 6918
45 1 4 175 2 149 Presence 1550
58 1 1 301 0 94 Absence 9319
42 0 1 171 0 157 Absence 1036
65 0 3 203 0 98 Presence 8531
36 1 3 345 1 119 Absence 2932
73 1 1 140 2 141 Absence 8140
57 0 1 307 1 180 Absence 4985
60 0 4 212 1 140 Presence 668
65 1 1 294 2 115 Presence 2848
38 0 4 343 1 138 Presence 7597
72 0 2 145 2 141 Presence 3101
28 0 4 286 0 71 Presence 3530
35 1 3 316 1 103 Presence 6336
50 0 3 243 2 121 Absence 5248
54 1 3 312 2 76 Absence 7453
28 0 1 162 0 74 Presence 7718
30 0 4 344 2 210 Absence 6687
73 1 2 183 1 118 Absence 806
66 0 1 234 0 130 Absence 3535
69 1 1 258 2 172 Absence 5759
28 1 2 229 2 183 Presence 774
27 0 4 136 0 162 Presence 3688
39 0 1 150 2 207 Presence 6650
72 0 4 255 0 99 Presence 4240
65 0 1 301 0 115 Presence 1398
56 0 2 146 1 156 Presence 8809
75 0 3 276 2 70 Presence 5758
60 1 4 219 1 74 Presence 2746
39 1 1 123 0 183 Absence 6503
70 0 4 146 2 93 Presence 421
48 0 4 247 1 70 Presence 2469
58 1 4 251 0 174 Absence 9578
71 0 2 127 2 188 Absence 3952
61 0 3 146 1 114 Absence 5566
27 0 1 287 1 153 Absence 9447
41 1 3 338 0 168 Presence 7299
43 1 3 244 1 105 Presence 7127
60 1 4 338 1 160 Absence 1460
43 1 2 135 1 192 Presence 576
61 0 4 150 1 158 Absence 6588
30 0 2 228 0 105 Presence 3587
64 1 3 124 2 118 Absence 2214
79 0 2 275 2 117 Absence 4505
77 0 2 264 1 102 Absence 8150
29 0 1 310 0 107 Presence 1416
63 0 4 266 2 140 Presence 834
57 0 1 138 0 169 Presence 54
63 0 3 276 1 129 Presence 8815
66 1 1 302 0 118 Presence 5267
43 0 1 167 2 178 Presence 1535
76 0 1 159 2 144 Absence 8156
51 1 3 256 1 91 Presence 1371
72 1 4 291 2 140 Presence 4952
32 0 2 214 0 130 Presence 6475
46 1 2 280 1 208 Presence 3297
40 1 1 276 2 138 Presence 2209
36 0 3 227 2 104 Presence 8893
66 0 3 219 1 127 Presence 4087
72 1 2 172 0 143 Absence 3552
28 1 1 320 0 103 Absence 9801
30 0 2 295 1 114 Presence 1099
73 0 2 136 2 172 Absence 7571
37 0 2 166 2 98 Presence 4841
67 1 4 126 0 89 Absence 5981
28 1 3 242 0 81 Presence 1985
73 0 2 292 2 168 Absence 2493
70 1 1 131 1 108 Absence 753
56 1 3 237 0 163 Presence 9874
45 0 3 156 1 157 Absence 5778
62 1 2 329 1 122 Presence 1153
39 0 4 238 0 147 Presence 1847
31 0 3 262 0 200 Presence 4425
52 1 1 315 1 154 Presence 6672
75 1 4 259 1 201 Absence 1216
64 0 2 203 2 178 Presence 1220
48 1 2 279 1 171 Absence 5105
46 1 1 223 0 81 Absence 975
50 0 2 187 1 128 Absence 7701
68 1 1 254 0 209 Presence 2356
53 1 4 170 2 110 Presence 5804
39 0 2 302 2 161 Absence 9528
30 0 1 331 2 198 Absence 7670
68 0 3 190 1 193 Absence 9937
75 0 1 134 1 87 Presence 1897
27 0 2 183 1 200 Presence 9430
78 0 4 255 2 141 Presence 3377
67 1 3 252 1 202 Absence 8364
34 0 2 201 0 118 Presence 2187
56 1 2 279 2 125 Absence 534
78 0 4 229 0 83 Absence 9233
75 1 1 247 2 99 Presence 9518
63 1 1 348 1 194 Presence 7155
60 0 3 141 2 144 Presence 7074
44 1 1 219 0 128 Absence 5009
63 1 4 261 0 142 Absence 9926
72 0 2 325 0 70 Absence 5473
27 0 4 200 1 188 Presence 6058
46 1 4 230 0 87 Presence 3444
40 1 2 156 1 161 Absence 807
65 0 4 294 0 194 Presence 3340
26 1 2 298 2 89 Absence 2366
50 0 1 287 1 93 Absence 6394
72 1 1 222 2 92 Presence 5063
66 0 4 222 1 168 Absence 2750
39 1 3 141 2 192 Presence 9119
50 1 2 311 2 173 Presence 6663
45 0 1 202 1 146 Absence 1200
56 0 3 157 0 182 Absence 4118
44 1 2 220 2 164 Presence 1266
52 0 4 122 2 204 Presence 1980
35 1 2 267 0 74 Absence 659
68 1 2 320 0 81 Absence 7810
78 0 2 298 2 112 Absence 8977
51 1 2 127 2 152 Absence 5679
61 1 4 138 1 150 Presence 7405
70 1 3 346 1 143 Presence 1048
66 1 4 228 1 129 Presence 3031
49 1 4 275 1 78 Absence 7894
61 0 4 122 1 140 Presence 7663
41 0 4 136 2 177 Absence 6828
54 0 4 258 0 70 Presence 4933
63 0 1 196 0 209 Absence 7357
59 1 1 149 0 194 Presence 2754
34 1 4 154 2 205 Presence 7064
73 1 2 338 1 114 Presence 2933
77 1 4 149 1 167 Presence 9309
38 1 1 132 0 196 Presence 9848
39 1 3 253 0 98 Presence 299
36 1 1 328 2 204 Presence 4887
44 1 4 188 2 101 Presence 4018
35 0 4 319 1 186 Presence 9808
38 0 2 198 1 82 Presence 2465
70 0 4 132 2 182 Absence 8614
79 0 1 273 0 161 Presence 6387
67 1 4 258 0 133 Absence 9243
51 1 4 255 1 96 Presence 2053
62 1 4 349 1 207 Presence 9849
76 0 3 246 2 124 Absence 998
68 0 2 263 2 99 Absence 8608
77 0 3 241 1 201 Presence 3167
63 1 3 342 1 206 Absence 7350
29 0 1 252 1 106 Absence 8547
75 1 4 205 2 178 Absence 60
29 1 1 210 1 162 Presence 3219
66 1 4 204 2 147 Absence 984
29 1 2 280 0 199 Absence 8344
58 0 1 311 0 127 Absence 9634
79 1 2 123 2 208 Absence 9821
55 0 2 326 2 189 Absence 5000
47 1 2 347 2 177 Absence 7829
70 1 3 245 2 210 Presence 6721
68 0 1 248 2 152 Absence 9129
31 0 2 204 1 140 Presence 9142
36 0 4 176 2 181 Absence 7348
63 0 1 169 2 119 Presence 126
49 0 4 192 1 188 Absence 68
30 0 4 280 0 89 Presence 858
29 0 1 260 2 102 Presence 5377
57 0 4 320 2 100 Absence 8720
70 0 2 158 0 89 Presence 3087
25 0 1 263 2 105 Presence 7654
72 1 3 265 0 189 Presence 7020
60 1 2 235 2 167 Absence 5978
25 1 2 133 2 100 Absence 9868
50 1 1 190 0 123 Presence 6055
29 0 3 338 0 143 Absence 2277
71 1 3 215 1 177 Presence 3818
65 0 4 271 2 174 Presence 2619
78 0 4 195 2 155 Absence 2965
28 0 4 294 1 201 Absence 6288
43 1 3 288 2 131 Absence 5632
50 0 4 177 1 166 Presence 2466
26 0 4 235 2 128 Absence 5449
52 0 2 256 2 200 Absence 2330
32 1 3 228 2 201 Presence 846
28 0 4 175 1 176 Absence 6726
71 1 4 165 0 132 Absence 9306
25 0 2 129 1 173 Absence 9693
41 0 4 345 0 114 Presence 4932
50 1 4 170 0 162 Absence 9759
28 1 4 202 1 147 Presence 6348
32 1 1 156 2 165 Presence 5786
62 0 3 325 1 113 Absence 5844
26 0 4 344 2 179 Absence 7227
47 1 3 337 0 116 Presence 6253
59 1 1 249 1 139 Presence 763
67 0 1 152 0 145 Absence 8556
35 1 4 295 1 115 Presence 1750
38 0 4 120 0 194 Presence 9588
44 0 2 304 0 167 Presence 924
53 1 2 198 1 206 Presence 8738
46 0 4 340 1 148 Absence 1147
39 0 3 297 0 121 Presence 3869
61 0 4 296 0 136 Presence 1876
60 1 2 146 0 129 Absence 7822
68 1 3 266 0 104 Absence 5408
38 1 1 170 2 109 Absence 6525
69 1 1 229 0 143 Absence 1057
74 0 4 202 0 165 Absence 9451
49 1 3 298 1 95 Presence 692
62 0 3 276 2 118 Presence 4
43 0 2 133 1 165 Presence 6809
46 0 4 304 0 177 Absence 6351
48 0 2 213 1 202 Absence 3565
55 1 2 168 2 192 Absence 1954
33 0 1 293 2 81 Presence 9646
39 0 1 224 2 131 Absence 5245
79 1 4 279 0 75 Presence 1857
48 1 1 248 0 187 Absence 2042
33 1 3 228 0 196 Absence 2204
54 0 4 229 1 79 Presence 4800
52 0 3 131 0 100 Absence 4209
51 1 2 294 0 124 Absence 8183
52 1 3 316 0 101 Absence 9879
47 0 3 242 1 83 Presence 9502
47 0 2 124 1 119 Presence 1184
79 0 3 348 1 194 Presence 6902
47 1 1 199 0 111 Absence 703
51 0 4 135 2 136 Absence 6498
67 1 2 311 2 82 Presence 2062
26 1 4 312 2 182 Absence 4358
65 0 4 241 1 151 Absence 1757
65 1 2 321 2 147 Presence 7062
67 1 1 153 0 120 Absence 4036
66 0 3 127 0 91 Presence 516
51 0 4 334 1 191 Presence 1510
36 1 2 215 0 77 Presence 5037
60 1 1 182 0 150 Presence 9890
33 1 4 326 1 141 Presence 8082
72 0 1 323 1 131 Absence 4119
47 1 3 329 2 90 Presence 4534
26 0 1 225 0 201 Absence 7793
53 0 1 321 2 152 Absence 3118
67 0 4 253 1 152 Presence 8628
57 1 3 318 1 90 Presence 4656
72 1 4 165 1 186 Presence 2364
29 0 4 264 0 99 Absence 9262
45 0 3 268 2 205 Presence 220
65 0 3 235 2 77 Presence 1666
72 1 2 269 1 93 Absence 9376
71 1 3 331 0 181 Presence 9895
59 0 1 344 0 188 Absence 7781
74 1 2 129 0 134 Absence 6368
36 0 1 124 0 167 Presence 7457
69 1 3 268 2 84 Presence 3138
62 0 2 153 0 208 Absence 2153
64 1 2 272 1 128 Presence 8387
35 1 3 266 2 145 Presence 7808
45 1 4 343 2 176 Presence 6201
31 0 2 274 1 89 Absence 9551
59 1 2 127 2 120 Presence 1354
32 0 3 203 2 121 Absence 823
63 1 4 205 1 186 Presence 8341
34 1 2 156 1 179 Absence 1384
40 0 2 138 0 99 Presence 3671
48 1 2 120 1 144 Presence 6742
26 1 3 289 0 123 Presence 4581
70 1 4 156 2 151 Presence 7811
53 0 2 295 2 197 Presence 6013
38 0 1 146 2 165 Presence 1762
76 1 4 194 1 93 Presence 7255
55 1 4 244 1 138 Absence 8493
28 0 3 203 2 77 Presence 6115
76 1 4 266 1 164 Absence 5812
40 0 2 189 0 166 Absence 3182
42 0 4 216 0 159 Presence 4781
69 1 1 147 0 71 Presence 8691
71 1 2 202 1 91 Presence 926
72 1 4 270 0 133 Presence 9709
65 0 3 288 1 111 Presence 6805
25 1 3 154 0 146 Absence 6250
25 0 2 170 1 162 Absence 790
40 0 4 128 1 101 Absence 9820
56 1 3 277 1 198 Absence 5658
33 0 4 147 0 156 Absence 2401
62 1 4 120 2 132 Absence 6664
64 0 2 286 2 181 Presence 6040
38 0 3 254 2 159 Absence 7269
50 0 3 171 1 102 Absence 5608
70 0 3 140 2 85 Presence 6266
53 0 2 133 0 169 Presence 7073
78 0 2 256 1 194 Absence 4017
28 1 2 332 2 145 Presence 1820
52 1 4 202 2 124 Presence 3347
40 0 4 138 2 123 Absence 2085
53 1 4 128 2 186 Absence 4771
68 0 2 264 2 183 Absence 8011
79 1 4 171 1 193 Absence 3648
60 1 3 144 0 130 Presence 9468
69 1 4 172 0 205 Presence 3914
48 0 4 329 2 109 Absence 3269
40 1 2 263 0 89 Absence 568
70 1 2 241 0 81 Absence 8740
27 1 4 141 2 110 Presence 9259
27 0 3 252 2 170 Presence 375
60 0 1 342 1 95 Presence 232
74 1 2 169 1 187 Presence 4503
41 0 1 150 2 114 Absence 1803
53 0 4 341 1 77 Absence 9702
32 0 4 186 1 175 Presence 1317
32 1 2 262 0 188 Presence 9686
63 1 1 224 2 146 Presence 5393
68 0 3 284 0 184 Absence 4077
69 0 1 180 0 178 Presence 563
58 0 2 319 1 206 Absence 2321
30 1 4 167 1 193 Absence 4080
55 0 3 272 0 138 Absence 5986
71 1 3 248 1 118 Presence 9863
32 1 3 204 2 153 Presence 7122
29 1 3 349 1 148 Presence 4284
49 0 4 342 1 120 Absence 2178
69 1 3 124 1 78 Absence 5743
39 1 2 277 1 119 Presence 8568
27 0 1 122 2 100 Absence 9628
66 1 1 229 0 153 Presence 2361
47 1 1 190 0 76 Presence 9710
68 0 1 258 0 173 Presence 1838
29 1 2 293 0 120 Presence 8538
37 0 4 330 0 113 Presence 7807
66 0 3 181 0 90 Absence 2164
42 0 4 137 1 91 Presence 7653
55 0 4 263 1 170 Absence 8354
42 1 4 214 2 172 Presence 9384
31 1 2 262 1 92 Absence 2501
54 0 2 307 1 74 Absence 6768
63 0 1 322 0 99 Absence 8214
43 1 2 295 0 188 Absence 1142
77 1 4 187 0 105 Absence 7234
40 1 1 287 2 164 Presence 2425
36 0 2 347 2 164 Absence 5959
32 1 3 199 0 180 Presence 7940
33 1 1 239 1 114 Absence 1529
30 0 2 239 1 88 Presence 5672
49 1 4 292 0 175 Presence 3470
77 1 1 251 2 192 Absence 7860
42 0 4 233 1 168 Presence 9125
50 1 4 214 0 105 Absence 1561
70 1 2 147 0 195 Presence 1724
36 0 2 151 2 156 Absence 4355
32 0 4 200 2 127 Absence 8572
38 1 4 338 1 138 Absence 9385
46 1 4 244 0 71 Presence 5847
45 0 4 144 0 120 Presence 7749
38 0 2 231 1 102 Absence 8300
48 1 3 127 1 93 Absence 1737
70 1 2 164 0 210 Presence 9421
42 1 4 322 1 161 Presence 6857
30 0 2 247 1 177 Absence 278
57 1 4 347 0 135 Presence 5943
67 1 1 253 1 157 Presence 4061
59 0 4 229 0 105 Absence 4149
37 1 4 148 1 176 Presence 9962
51 0 2 309 1 86 Presence 9825
69 1 2 206 0 165 Absence 4762
50 0 4 263 0 106 Presence 5668
77 0 2 335 1 95 Absence 5372
52 0 3 140 0 164 Presence 3668
39 1 3 272 0 78 Absence 3702
42 1 4 219 0 176 Absence 7180
66 0 1 163 2 79 Presence 5445
53 0 3 128 2 139 Absence 8595
27 1 2 243 2 84 Presence 9837
73 1 3 122 0 122 Absence 6727
40 0 2 296 0 133 Presence 3239
43 0 1 316 2 72 Absence 9623
52 0 2 219 1 188 Absence 4612
35 1 4 192 1 101 Presence 4019
67 1 3 205 0 155 Presence 7024
72 1 4 349 2 138 Absence 7343
52 1 1 271 1 114 Absence 7351
25 1 1 327 1 183 Absence 2122
71 0 2 160 2 196 Absence 8077
64 0 2 284 1 116 Presence 4729
69 1 3 285 1 136 Absence 8067
59 1 3 291 1 180 Absence 96
76 0 2 230 0 129 Absence 6313
64 0 1 198 0 100 Absence 6680
58 1 3 166 2 182 Presence 8981
30 0 3 221 0 88 Absence 5061
68 1 3 314 1 201 Absence 3860
29 1 2 346 1 124 Presence 7369
38 0 3 185 2 203 Presence 7562
44 0 1 175 2 149 Presence 5139
36 0 1 324 2 194 Absence 7659
55 0 4 335 2 198 Absence 4858
66 0 2 321 2 190 Presence 8433
71 0 4 214 1 176 Presence 8094
65 0 4 348 0 194 Presence 4274
62 0 1 188 2 91 Presence 8803
49 1 3 180 2 159 Presence 9878
27 1 2 126 1 203 Presence 8849
25 1 4 135 0 77 Absence 1501
38 1 1 283 0 79 Presence 9315
59 0 1 253 0 182 Absence 1378
42 1 3 126 1 159 Presence 919
79 1 1 259 1 76 Presence 1804
26 1 1 190 0 170 Absence 1312
75 1 4 120 2 207 Presence 2981
42 0 1 346 1 168 Absence 1360
30 0 1 215 1 140 Absence 7235
33 0 2 218 1 148 Absence 3762
52 1 4 184 2 165 Absence 5102
69 1 3 345 2 139 Absence 4293
38 0 2 134 2 72 Absence 8666
31 1 4 314 1 189 Presence 5760
38 1 3 281 2 115 Absence 9374
70 0 3 307 0 204 Absence 2172
41 1 1 261 0 165 Absence 6803
46 1 2 188 2 176 Absence 449
26 0 2 184 1 98 Presence 8102
75 1 1 174 2 166 Absence 167
53 0 1 317 1 86 Presence 7100
56 0 3 281 0 73 Absence 9199
70 1 2 218 1 183 Absence 9568
74 1 4 345 2 194 Absence 61
30 0 2 231 1 179 Absence 4335
61 1 4 226 1 183 Absence 8414
32 0 3 255 1 187 Absence 6619
25 0 1 234 1 185 Presence 3209
26 0 1 335 1 94 Absence 1249
62 1 4 179 1 116 Absence 4609
73 0 1 179 0 86 Presence 3390
34 0 4 189 1 100 Absence 3280
30 1 4 313 1 189 Presence 3391
31 1 1 235 1 154 Absence 3653
30 1 4 179 1 89 Presence 4114
44 1 1 208 2 120 Absence 8848
32 1 2 323 0 164 Absence 7673
31 0 3 265 1 145 Absence 5467
51 1 4 304 2 188 Absence 8175
61 0 4 270 1 112 Absence 8132
30 0 2 245 1 133 Absence 8332
66 0 2 199 0 189 Presence 7928
37 1 3 318 1 181 Absence 5611
79 0 1 136 0 105 Absence 6338
60 0 3 175 2 160 Absence 9902
71 0 4 238 2 87 Absence 1713
78 1 1 177 0 78 Presence 3636
36 0 3 147 1 105 Presence 2506
62 0 1 225 1 154 Presence 199
74 0 4 336 1 186 Presence 5920
40 0 4 130 1 90 Absence 9034
47 1 4 334 0 90 Absence 418
29 0 3 190 1 72 Absence 8773
74 1 4 310 0 191 Presence 8995
75 0 4 279 0 188 Absence 4473
60 1 1 228 1 91 Absence 6121
38 1 2 243 0 202 Presence 1941
55 1 4 228 2 167 Presence 8390
69 1 3 176 1 138 Presence 5690
53 0 2 302 1 201 Absence 4626
62 1 2 235 0 195 Absence 3463
79 1 1 284 0 157 Absence 1837
79 1 3 211 0 167 Absence 2246
29 0 1 171 2 201 Absence 6966
28 1 2 256 1 188 Presence 871
40 1 1 277 0 78 Absence 2656
79 1 2 138 2 75 Absence 7160
51 1 3 299 0 118 Presence 3195
66 0 3 298 2 130 Presence 3116
41 1 2 292 0 72 Presence 396
56 1 3 298 0 207 Absence 9899
74 0 3 305 1 146 Absence 6044
37 0 4 248 1 75 Presence 5703
60 0 3 122 2 165 Absence 151
32 0 4 173 1 164 Absence 2462
26 1 2 184 1 163 Presence 9971
54 0 1 203 0 199 Presence 8857
50 1 1 180 0 87 Presence 1577
49 0 4 128 2 120 Presence 2167
50 0 3 227 2 89 Absence 8473
63 0 3 276 1 169 Absence 1382
33 0 4 314 2 101 Presence 1639
51 1 4 324 1 101 Absence 572
26 1 2 242 0 183 Presence 9441
51 0 1 282 1 116 Absence 1475
26 1 1 286 2 106 Absence 3130
32 0 4 205 1 132 Absence 5772
56 0 2 177 2 104 Absence 3508
77 0 2 171 0 114 Absence 3638
75 0 1 271 2 96 Absence 1929
69 1 1 287 0 162 Presence 7650
54 0 3 125 1 115 Presence 2812
77 0 1 156 2 103 Absence 8900
29 1 2 196 0 162 Absence 310
53 0 2 299 0 173 Presence 9779
69 1 4 273 2 104 Presence 8802
49 1 3 345 1 175 Absence 8481
70 0 3 238 1 196 Presence 8623
49 0 4 145 1 76 Absence 9038
75 1 4 322 1 121 Absence 3681
31 1 4 231 2 108 Presence 189
31 0 1 331 0 176 Absence 5062
38 1 4 284 0 126 Presence 4606
55 1 1 347 1 137 Absence 7394
44 1 3 163 2 82 Presence 1172
72 0 2 251 2 176 Presence 3109
37 1 2 200 2 124 Presence 5244
75 0 4 279 1 130 Absence 7165
77 0 2 273 2 183 Presence 7778
59 0 1 299 1 131 Absence 7772
76 1 1 262 2 161 Absence 9992
57 1 3 331 0 194 Presence 2320
49 0 4 236 0 207 Absence 3086
34 1 3 277 1 187 Absence 7763
64 0 2 304 0 189 Absence 7060
79 1 3 345 0 134 Presence 2509
30 0 2 168 0 84 Absence 8176
42 0 1 228 0 143 Absence 2542
32 1 3 285 2 75 Absence 7012
65 0 3 199 0 154 Absence 5001
29 0 4 208 1 165 Presence 920
69 0 1 287 2 182 Absence 192
53 1 3 128 2 107 Absence 2585
72 1 2 326 2 163 Absence 3524
75 1 2 199 2 190 Presence 9097
45 0 1 219 1 148 Presence 7692
58 1 1 337 2 203 Presence 8510
39 1 3 209 0 95 Absence 7999
42 0 3 225 2 164 Absence 4997
46 0 2 158 2 115 Absence 4943
35 0 2 227 0 158 Presence 9036
49 1 2 297 0 164 Presence 287
75 1 4 135 2 183 Absence 6992
51 1 4 244 1 124 Presence 9156
60 0 2 192 2 117 Absence 8168
31 0 2 189 1 196 Absence 7006
40 1 2 341 2 180 Presence 628
72 0 4 271 1 163 Presence 1702
52 0 2 302 2 85 Absence 9084
75 0 3 231 1 201 Absence 6527
32 1 4 325 1 128 Presence 4235
65 0 3 201 2 133 Absence 7580
53 0 1 264 0 150 Presence 4756
75 1 4 270 0 110 Presence 906
76 1 1 243 1 71 Presence 2180
26 0 2 130 0 207 Presence 2369
65 1 2 259 0 114 Presence 6856
63 0 2 348 2 89 Absence 5741
44 0 1 154 1 202 Presence 5824
42 1 1 211 1 141 Absence 6500
30 1 1 292 1 163 Presence 8604
29 1 4 291 0 197 Presence 1538
72 1 4 231 2 82 Presence 9377
68 0 3 231 2 204 Presence 6571
60 0 3 264 1 84 Presence 1409
47 1 4 239 0 90 Presence 5403
42 1 4 285 2 177 Absence 3212
60 0 1 191 2 155 Absence 9783
37 0 3 325 2 146 Presence 5530
70 1 2 233 0 136 Presence 6354
37 1 3 164 0 156 Absence 4277
67 0 1 279 1 207 Presence 5910
68 0 4 290 1 84 Presence 5196
71 0 1 121 1 114 Presence 8436
26 1 2 233 1 198 Presence 940
41 1 1 285 1 130 Presence 5930
43 0 1 154 1 134 Absence 8046
45 0 1 158 0 111 Absence 2744
36 0 3 261 2 174 Absence 4724
44 1 3 198 0 193 Presence 2737
38 1 2 209 0 194 Presence 6184
70 0 3 261 2 92 Presence 5764
62 0 2 337 0 111 Presence 9001
30 0 4 237 2 195 Presence 6968
55 1 4 156 1 72 Absence 7284
72 1 4 290 0 175 Presence 135
29 1 3 175 1 155 Presence 4944
60 1 2 195 1 188 Presence 6347
76 0 2 128 2 153 Absence 345
34 1 4 350 0 167 Presence 6974
59 0 1 265 1 159 Absence 448
29 1 4 140 2 74 Presence 8218
63 1 4 345 0 138 Presence 1989
52 0 3 142 0 95 Absence 1580
45 1 3 158 1 109 Absence 886
32 0 2 321 0 189 Absence 9358
54 0 2 252 2 173 Absence 3099
64 0 2 310 1 140 Absence 3201
33 0 1 194 2 70 Presence 3289
79 0 3 158 2 73 Presence 1726
60 1 3 222 1 192 Absence 1173
50 1 4 230 0 188 Absence 8673
26 0 3 156 1 78 Absence 9067
41 1 4 311 1 129 Absence 6462
71 1 2 237 0 92 Absence 9443
43 0 1 293 0 157 Absence 492
58 1 4 121 0 179 Presence 880
56 1 2 157 2 167 Presence 1742
61 0 3 257 0 167 Absence 8241
28 0 1 283 0 164 Absence 2760
46 0 1 275 0 71 Presence 6173
31 1 1 298 1 76 Absence 5512
44 1 3 258 0 130 Absence 5954
51 0 4 213 1 92 Absence 5051
79 1 4 343 1 162 Presence 4001
30 0 4 188 0 91 Absence 8555
50 1 4 187 2 112 Presence 2308
47 0 2 206 1 147 Absence 9538
47 1 3 340 1 78 Absence 2751
48 0 3 122 0 171 Absence 402
32 0 4 318 2 119 Presence 9207
59 1 3 178 1 109 Presence 689
59 1 3 225 0 81 Absence 4226
52 1 2 224 1 119 Absence 2295
61 0 1 179 1 115 Presence 9413
25 0 3 183 2 140 Presence 5961
39 1 1 165 0 85 Presence 8717
35 1 4 199 2 82 Absence 1771
73 0 1 339 1 96 Absence 778
32 1 3 134 0 83 Presence 7854
39 0 3 180 2 140 Presence 7181
57 1 4 273 1 83 Absence 4487
44 1 3 239 1 157 Absence 7230
66 1 2 287 1 72 Presence 9589
68 0 4 348 1 80 Presence 2303
37 1 4 155 0 154 Presence 550
27 0 1 215 1 83 Presence 8997
76 1 2 267 0 165 Absence 6346
57 1 2 271 0 149 Presence 5723
54 1 2 288 1 110 Absence 1162
60 1 2 270 2 172 Presence 921
73 0 2 134 1 162 Absence 6841
41 0 1 255 2 89 Presence 3439
61 1 4 244 2 124 Presence 2307
59 1 2 198 1 191 Absence 3036
76 0 3 323 1 127 Presence 6830
78 1 1 234 1 198 Absence 575
37 0 2 251 2 102 Presence 7315
40 1 2 317 2 197 Absence 8081
68 0 3 330 1 161 Presence 7256
38 1 2 263 2 165 Absence 9200
79 1 1 308 0 183 Absence 2721
79 0 2 217 2 85 Presence 8185
59 0 1 185 0 115 Absence 7594
66 0 3 229 2 122 Absence 206
69 1 1 252 0 83 Absence 6990
65 1 2 147 1 113 Presence 481
47 0 3 188 1 151 Absence 5079
25 0 1 137 0 168 Presence 8502
34 0 2 350 2 163 Absence 3144
76 1 1 345 1 171 Absence 5180
53 1 3 280 1 189 Presence 5664
69 0 4 347 1 163 Absence 4165
38 0 3 158 0 106 Absence 4831
65 1 3 255 2 122 Presence 2703
33 0 4 285 0 190 Absence 1375
39 0 4 190 0 203 Presence 8304
69 0 4 184 2 138 Absence 3621
55 1 1 285 0 187 Absence 9662
70 0 4 165 0 149 Presence 627
32 1 1 125 1 197 Presence 7460
50 1 2 184 0 177 Absence 3570
63 0 2 184 1 197 Absence 5921
41 1 2 296 0 113 Absence 5111
39 1 3 126 2 85 Presence 5521
79 1 1 238 2 136 Absence 6713
33 0 4 296 2 139 Presence 5175
69 1 3 350 1 185 Presence 3295
28 0 4 226 1 105 Absence 8050
79 0 1 168 1 121 Presence 8484
32 0 2 226 2 91 Presence 5188
50 0 2 160 1 103 Presence 1160
31 1 1 191 2 93 Presence 4269
43 1 3 133 0 152 Presence 8045
62 1 1 169 0 159 Presence 2832
48 0 2 296 2 110 Presence 7678
48 1 1 145 2 95 Absence 1191
47 0 1 239 2 168 Absence 3848
72 0 1 218 1 199 Presence 2717
26 1 1 146 2 159 Presence 9342
34 0 4 207 1 116 Presence 6291
76 0 3 268 0 105 Absence 9092
62 1 2 230 0 194 Absence 4038
34 1 3 179 2 140 Absence 4490
69 0 3 157 0 170 Absence 7611
56 0 4 228 1 209 Presence 5341
29 1 2 276 1 74 Presence 6653
31 0 2 344 0 144 Absence 5985
76 1 2 137 1 96 Absence 3351
69 1 1 146 0 78 Presence 6280
77 0 1 170 1 177 Presence 2327
31 0 4 246 0 120 Presence 6888
34 1 2 212 0 114 Absence 3080
45 0 4 131 2 186 Presence 9535
28 1 1 173 1 70 Presence 3778
50 1 3 234 1 202 Absence 4529
57 0 3 136 2 124 Absence 2217
48 1 2 264 1 154 Absence 7195
71 0 4 290 1 144 Presence 3425
62 1 2 132 0 136 Presence 7576
71 1 2 225 2 107 Presence 8856
51 1 3 139 2 159 Presence 7961
71 0 3 240 0 174 Absence 4876
68 0 4 181 2 183 Presence 9492
55 1 4 335 2 178 Absence 2252
37 0 1 222 2 147 Presence 5993
44 1 2 193 0 154 Absence 5861
39 0 4 201 1 125 Presence 6630
61 1 2 344 0 82 Absence 7754
72 0 2 208 2 206 Absence 1392
45 1 3 341 0 76 Presence 3234
33 0 4 236 1 167 Presence 2858
65 1 1 281 0 72 Absence 459
57 0 3 171 1 89 Presence 825
70 1 3 140 1 123 Absence 4621
64 0 4 348 0 188 Presence 6050
64 0 2 189 0 92 Presence 9501
45 0 3 228 1 144 Presence 8179
43 0 2 122 1 127 Presence 6554
66 1 3 154 2 205 Absence 9670
54 1 1 229 1 187 Presence 1315
58 0 1 201 2 174 Presence 1278
29 0 2 311 1 157 Presence 9466
49 1 3 236 1 188 Presence 273
49 1 3 342 2 161 Presence 2230
65 1 1 218 2 193 Absence 9493
62 1 1 129 0 186 Presence 3833
58 0 1 294 0 180 Presence 3894
58 1 2 276 0 149 Absence 2829
60 1 2 249 2 179 Presence 251
38 0 4 243 2 97 Absence 2114
50 1 1 181 2 135 Absence 8852
28 0 3 158 2 209 Presence 5326
79 1 3 264 1 176 Absence 5919
33 1 4 167 2 75 Absence 1139
25 1 1 243 1 76 Absence 771
62 0 2 350 2 141 Presence 8041
36 0 3 175 1 208 Absence 3147
76 0 4 330 1 82 Presence 587
59 0 2 145 2 164 Presence 6170
40 1 3 155 0 146 Absence 7641
42 0 2 294 2 149 Absence 9135
30 0 4 161 0 199 Absence 893
78 0 4 154 0 150 Presence 8227
47 0 2 184 2 94 Absence 5948
48 1 3 196 1 120 Presence 2791
27 1 3 214 2 193 Presence 2884
36 1 1 268 1 77 Absence 9446
59 0 3 194 2 153 Presence 2648
30 1 4 151 2 205 Presence 3238
72 0 4 242 0 208 Presence 4476
32 0 1 161 2 101 Presence 6822
29 1 3 163 1 193 Absence 4088
38 1 4 184 1 146 Absence 8272
37 0 3 289 1 182 Absence 9664
62 0 3 213 1 132 Absence 2244
70 1 3 142 2 139 Absence 3498
65 1 4 314 1 97 Presence 2894
54 0 2 155 1 208 Presence 250
40 1 1 196 2 88 Absence 5974
54 0 3 337 0 112 Presence 9622
33 1 1 333 2 174 Presence 4768
36 1 1 181 2 182 Absence 2258
26 0 4 284 0 205 Absence 599
58 1 2 346 0 133 Presence 9285
56 0 1 305 1 183 Absence 3359
35 0 1 132 0 124 Presence 1751
38 0 4 229 1 159 Presence 3229
79 1 1 226 0 148 Absence 1880
58 0 2 334 0 98 Absence 9816
33 0 4 317 1 85 Absence 1415
34 0 3 267 0 149 Presence 5003
25 0 2 260 2 156 Presence 1352
34 0 2 128 2 138 Absence 1907
29 0 2 328 2 175 Presence 8224
72 1 2 326 0 125 Absence 2126
33 0 4 188 1 94 Absence 3401
63 0 1 136 0 100 Presence 4690
49 0 1 213 1 181 Absence 1050
48 1 3 318 1 210 Absence 798
38 0 2 296 0 106 Presence 5597
51 1 1 349 1 173 Absence 214
32 0 3 130 1 106 Presence 1383
54 0 4 164 0 170 Absence 6716
68 0 4 280 0 206 Presence 8432
79 1 3 130 1 209 Presence 5351
43 0 3 310 1 166 Absence 5953
74 0 2 260 0 117 Absence 6328
50 1 1 145 1 153 Presence 7857
43 1 3 259 0 210 Presence 3857
26 1 1 347 2 114 Presence 7383
54 0 1 175 2 132 Absence 2355
72 0 4 293 1 139 Presence 7905
32 0 1 246 0 123 Absence 1368
48 0 1 137 1 111 Presence 2602
63 1 1 298 2 104 Absence 5711
31 0 3 211 1 158 Absence 452
53 0 2 347 2 125 Presence 2179
41 1 2 240 1 100 Presence 6188
78 1 2 282 2 92 Absence 2538
78 1 2 345 0 98 Presence 2908
78 0 2 280 2 72 Presence 5771
78 1 4 306 0 147 Presence 7408
53 0 1 257 2 98 Presence 457
31 0 2 315 0 209 Absence 8950
45 1 2 182 2 115 Absence 868
51 1 4 242 2 181 Presence 5460
58 0 2 227 1 141 Presence 1328
52 1 2 331 2 73 Absence 6837
51 1 2 325 0 185 Absence 2128
75 1 3 136 1 172 Absence 9838
71 1 2 142 1 87 Presence 1451
68 1 1 265 1 76 Presence 3588
77 1 2 136 1 175 Presence 5883
55 0 2 186 0 106 Presence 8573
54 1 2 126 2 70 Presence 5169
72 0 2 223 0 97 Presence 5547
55 0 3 204 0 172 Absence 2827
75 0 4 330 1 173 Absence 3885
74 0 1 121 1 203 Presence 3015
74 0 2 175 2 92 Absence 3393
69 1 1 233 2 199 Absence 6994
57 0 1 325 1 111 Presence 2511
55 1 2 120 0 143 Absence 5247
47 1 1 292 1 124 Presence 1969
52 1 3 276 2 175 Absence 2876
64 1 4 334 0 72 Presence 9234
73 1 3 151 2 80 Presence 9098
58 0 4 341 2 180 Absence 9797
32 0 4 280 2 94 Presence 1664
32 0 3 204 2 110 Absence 9132
38 0 2 224 0 128 Absence 5858
75 0 3 262 2 188 Absence 8934
64 0 3 224 0 124 Absence 1641
53 1 2 122 0 73 Absence 1573
59 1 1 349 0 178 Absence 6063
28 1 1 297 0 95 Presence 6278
70 0 3 220 1 128 Absence 6324
25 0 4 185 1 156 Presence 265
39 0 2 171 1 75 Presence 243
42 1 1 341 2 109 Absence 7311
43 1 4 299 1 112 Absence 3628
71 0 1 169 0 137 Absence 3742
42 1 4 218 2 70 Presence 5585
35 1 2 184 2 97 Presence 6148
38 0 2 246 2 158 Presence 2592
36 0 3 244 0 185 Presence 9567
27 0 1 276 2 179 Presence 2216
58 1 1 245 1 107 Presence 1357
44 0 2 279 2 165 Absence 5246
44 0 2 227 2 205 Absence 8758
73 0 4 211 0 94 Absence 4381
62 1 2 317 2 199 Presence 7307
25 1 4 348 1 158 Presence 2630
71 0 4 311 1 197 Absence 7561
55 0 1 164 0 197 Absence 6314
59 0 4 284 0 95 Presence 8252
46 0 1 330 1 179 Absence 3797
31 1 3 350 0 109 Presence 7068
67 1 4 251 1 134 Presence 5371
52 0 4 277 2 110 Absence 1788
68 0 4 329 0 133 Absence 9171
57 1 4 289 0 70 Absence 617
39 0 4 251 1 146 Presence 3033
28 0 2 231 1 180 Presence 3975
76 0 1 301 1 107 Absence 8129
67 0 3 270 1 101 Absence 5592
30 1 4 347 0 202 Presence 2374
56 1 2 210 0 202 Presence 6006
30 0 1 225 0 162 Presence 8429
34 1 2 245 1 145 Presence 523
36 0 3 299 0 127 Presence 9618
32 1 3 147 1 195 Absence 618
74 0 3 282 1 206 Absence 3924
42 1 3 253 1 207 Presence 6612
64 0 1 205 1 114 Presence 5776
70 1 1 197 1 166 Absence 3724
48 1 3 213 1 144 Presence 8954
38 0 4 151 2 189 Presence 1362
40 1 2 226 2 81 Absence 9221
42 0 2 212 2 100 Absence 2061
32 1 4 243 1 209 Presence 5155
75 0 2 319 2 127 Presence 4115
59 1 1 121 0 179 Presence 6523
78 1 2 233 0 173 Absence 3404
31 0 3 299 1 162 Absence 2322
25 1 3 228 2 180 Absence 5720
38 1 1 259 1 126 Absence 2392
39 0 2 236 1 186 Absence 5486
66 0 2 167 0 117 Absence 1070
50 0 3 126 2 141 Presence 5293
31 0 4 335 0 115 Absence 1311
60 0 2 316 0 100 Presence 6665
46 1 4 269 0 118 Presence 246
64 0 3 289 1 89 Absence 7010
47 1 2 217 1 132 Presence 9210
64 0 1 132 2 154 Absence 2287
60 1 2 188 0 202 Presence 6431
43 1 3 257 0 93 Presence 8110
67 1 2 126 2 161 Absence 9409
71 0 3 318 2 204 Absence 2960
73 0 2 265 2 124 Presence 7983
61 0 3 185 0 158 Absence 3559
52 0 3 286 1 189 Presence 5305
39 1 2 258 0 111 Absence 8182
50 0 4 334 1 200 Absence 7909
60 0 3 319 1 156 Presence 5542
25 0 4 260 0 113 Presence 2850
62 1 2 300 0 146 Presence 7947
32 1 3 167 2 155 Presence 9018
58 0 3 189 0 182 Presence 4179
59 1 1 345 1 73 Absence 5306
37 0 4 331 0 210 Absence 954
30 0 3 342 2 114 Presence 9684
43 0 2 331 1 82 Presence 9033
65 1 1 262 0 167 Absence 2379
50 1 2 307 2 176 Presence 4774
48 0 4 349 1 165 Presence 1335
69 1 2 320 1 164 Presence 6549
63 0 1 292 1 202 Presence 3484
28 1 2 185 1 173 Absence 5913
53 0 4 148 2 151 Absence 435
49 0 1 287 2 143 Presence 3583
53 0 1 285 1 117 Presence 8834
75 1 4 134 0 175 Absence 3343
61 0 4 239 2 118 Presence 5526
44 0 4 187 2 108 Presence 7441
27 1 2 251 0 120 Absence 8951
28 0 1 199 2 156 Presence 5591
36 0 1 243 0 138 Presence 2577
72 1 2 147 1 135 Presence 2118
68 0 1 226 0 177 Absence 5963
75 1 4 259 0 150 Presence 8903
72 0 4 159 2 88 Presence 2917
78 0 1 248 0 137 Presence 5628
35 1 2 216 1 156 Presence 2759
55 1 3 221 0 197 Presence 4040
65 0 4 248 1 209 Presence 3284
32 1 4 187 0 124 Presence 7452
28 1 1 280 2 131 Absence 3513
51 1 3 157 2 132 Presence 9617
49 0 2 336 0 163 Absence 8086
44 0 1 349 0 129 Presence 336
28 1 1 206 0 90 Absence 682
42 1 2 326 1 173 Absence 8671
37 1 1 145 2 80 Presence 8247
61 1 2 208 1 179 Presence 1597
40 0 2 316 1 135 Presence 9934
26 0 2 143 2 160 Presence 7201
25 1 2 313 0 173 Presence 9784
70 1 1 228 2 87 Absence 8957
41 1 4 198 2 171 Presence 4185
78 0 3 216 0 132 Absence 5559
48 0 1 176 1 191 Absence 7376
29 1 2 129 2 136 Absence 5476
48 0 4 231 2 189 Absence 346
68 1 4 135 1 182 Presence 4270
68 0 3 330 2 151 Presence 9416
79 1 1 223 1 155 Presence 931
52 0 1 271 0 157 Presence 547
66 0 1 313 2 185 Presence 8355
32 0 4 328 0 148 Absence 8698
31 1 1 123 2 105 Presence 2613
57 1 4 195 1 150 Absence 2709
55 0 1 140 1 138 Presence 6658
55 1 2 199 1 96 Presence 9379
56 1 2 341 1 167 Presence 4992
52 0 2 182 2 208 Absence 2421
54 0 4 306 2 175 Absence 6998
60 1 1 142 1 91 Presence 3697
51 1 2 241 0 125 Presence 2081
75 1 3 344 0 93 Presence 6460
56 0 4 343 0 77 Presence 5041
44 1 1 229 0 157 Absence 687
52 1 2 188 1 132 Presence 8873
25 1 3 180 2 164 Absence 9265
58 1 2 145 2 124 Presence 5019
33 0 1 208 0 200 Absence 8585
27 0 1 120 2 210 Absence 3151
56 0 2 303 0 161 Presence 9208
76 0 1 192 0 126 Presence 9854
65 1 3 295 1 96 Presence 9070
55 0 3 319 2 115 Presence 2453
64 0 1 248 0 73 Presence 9404
36 0 2 199 0 104 Absence 2636
42 0 3 324 2 198 Absence 4477
65 1 3 163 2 91 Absence 3192
48 0 2 133 2 86 Presence 4092
47 0 1 200 1 165 Presence 5450
71 0 3 310 2 111 Presence 3673
58 1 3 148 2 72 Absence 9016
51 0 3 319 0 129 Absence 6930
26 0 1 219 2 145 Absence 1925
30 1 4 299 0 98 Presence 8766
74 1 1 242 2 122 Absence 6308
41 1 1 133 1 131 Presence 8615
28 1 2 213 0 185 Absence 3612
44 1 4 254 1 161 Absence 3277
25 0 3 312 1 184 Absence 6410
30 0 3 285 2 102 Absence 8545
56 0 2 219 0 113 Presence 5250
52 1 2 135 0 147 Presence 3458
64 1 4 124 2 82 Absence 3554
76 0 3 319 2 100 Absence 6477
25 0 1 245 2 160 Absence 5722
75 1 2 181 1 90 Presence 6705
26 0 1 337 0 70 Presence 463
56 1 2 180 0 174 Absence 1589
39 1 2 183 1 167 Absence 2202
39 0 4 206 0 192 Presence 8297
70 0 3 308 2 148 Absence 5149
68 1 1 326 2 171 Absence 3858
25 1 1 160 0 83 Presence 2360
77 0 3 335 2 179 Presence 5879
50 0 3 320 0 87 Presence 371
45 0 4 163 1 141 Presence 7139
59 1 4 201 2 145 Absence 863
29 1 2 266 1 199 Presence 6305
43 0 1 244 1 100 Absence 4674
53 0 3 218 0 151 Absence 9625
61 0 1 174 0 143 Absence 3462
57 1 2 337 0 130 Presence 1769
77 1 2 334 1 106 Presence 5203
68 1 4 320 2 190 Absence 9624
35 0 4 332 1 131 Presence 8842
53 0 2 231 1 80 Absence 1537
57 0 3 211 0 80 Absence 7200
36 0 1 205 0 200 Absence 49
46 0 1 178 0 94 Absence 122
59 0 4 267 1 72 Presence 895
37 1 3 269 2 193 Presence 4522
56 1 4 166 1 76 Absence 7037
63 1 2 236 2 112 Absence 1707
32 1 2 327 2 169 Absence 2226
31 0 2 204 1 70 Absence 5117
28 0 4 148 0 111 Presence 610
30 0 1 211 1 121 Presence 520
55 0 2 152 2 130 Presence 8087
63 1 4 309 2 206 Presence 94
65 1 3 202 2 165 Presence 1133
68 1 4 339 0 183 Absence 2642
34 1 4 270 0 198 Presence 7319
43 1 1 218 0 151 Presence 5966
63 1 4 269 2 100 Absence 390
73 1 3 133 0 94 Presence 2611
25 1 2 305 0 80 Absence 5992
71 0 4 348 0 151 Presence 3431
66 1 2 316 1 197 Absence 3957
48 0 3 198 0 131 Absence 8066
37 0 2 127 2 146 Presence 5716
68 0 1 240 0 88 Absence 1178
63 1 4 200 0 87 Presence 8801
71 1 3 167 0 199 Presence 9757
61 1 1 127 2 146 Presence 960
34 1 3 127 1 202 Presence 2941
30 1 2 305 0 78 Presence 3521
37 0 1 278 0 188 Presence 4533
55 1 4 134 0 130 Absence 2134
40 1 3 191 1 142 Presence 7638
54 0 2 140 0 175 Absence 6432
68 1 3 295 1 108 Presence 7806
75 1 2 249 0 167 Absence 2777
32 1 2 207 2 141 Presence 4401
62 1 3 333 0 75 Presence 9388
71 1 4 213 2 113 Absence 7147
55 1 2 295 1 93 Presence 5698
50 0 2 140 0 130 Absence 9888
76 1 4 312 2 131 Presence 8557
53 0 4 220 1 188 Presence 850
77 0 2 147 2 172 Presence 7790
51 1 3 157 2 207 Presence 5699
38 1 3 123 1 190 Absence 5441
73 0 4 132 2 129 Presence 4448
46 0 1 322 1 190 Presence 5784
76 0 3 120 0 98 Presence 3646
75 1 1 305 0 155 Presence 4971
32 1 2 295 0 206 Presence 9720
71 0 2 252 2 142 Presence 5005
47 1 2 339 0 116 Absence 4608
52 0 2 264 2 208 Presence 9586
38 1 3 131 2 149 Presence 8682
76 1 2 227 2 134 Absence 5327
29 0 2 167 2 146 Absence 8841
74 0 1 156 1 197 Presence 5107
76 1 2 179 2 150 Presence 6119
40 0 2 142 1 113 Absence 7812
28 1 2 198 0 93 Presence 7066
39 1 2 129 0 209 Presence 4677
38 1 4 348 2 135 Absence 8966
67 1 3 128 1 164 Presence 7277
56 0 3 179 1 198 Absence 5829
36 1 2 274 1 164 Presence 4541
64 0 4 236 1 139 Absence 6234
54 0 3 157 2 180 Presence 5557
34 0 3 310 2 95 Presence 4174
50 1 4 199 2 80 Absence 7570
59 1 3 294 2 95 Presence 9279
77 1 4 123 1 106 Absence 264
38 1 3 333 1 209 Presence 2705
77 0 1 349 1 194 Presence 4613
26 1 3 326 0 95 Presence 2239
30 1 3 144 0 191 Absence 3300
34 0 4 293 2 103 Presence 5548
38 0 2 221 0 145 Presence 7804
42 0 1 272 0 127 Presence 2868
29 1 4 199 2 118 Absence 7982
59 1 4 166 0 177 Presence 3868
61 1 4 200 1 100 Absence 2926
73 1 2 150 0 149 Absence 7246
44 0 2 175 0 174 Absence 7826
62 0 3 182 1 81 Absence 1875
70 0 4 206 0 151 Presence 7336
77 0 2 320 1 89 Presence 1238
37 0 4 294 2 70 Absence 6937
58 1 4 293 1 80 Presence 3706
75 1 2 171 1 166 Presence 7233
72 1 3 333 1 189 Presence 8417
30 0 3 239 2 82 Absence 7721
38 0 3 273 0 144 Absence 5414
37 1 2 258 0 132 Absence 7297
40 1 4 181 2 124 Presence 1845
30 1 4 322 2 141 Absence 6961
46 1 2 264 2 91 Presence 4596
63 1 4 165 0 152 Presence 1088
35 0 2 281 2 181 Absence 664
26 1 3 250 1 114 Presence 2968
59 1 4 173 2 186 Absence 8003
46 1 3 330 2 120 Absence 3350
61 0 4 293 1 197 Presence 6024
78 0 3 346 1 102 Absence 4145
32 0 4 246 0 200 Absence 8406
69 0 3 191 0 119 Absence 3299
43 0 3 184 1 159 Presence 2920
28 0 1 331 0 75 Presence 4260
41 1 4 192 0 158 Presence 1728
42 0 4 174 1 206 Presence 6604
70 0 2 286 0 167 Absence 1976
60 1 4 230 2 145 Presence 2727
35 0 3 304 0 199 Presence 2752
53 1 3 311 2 181 Presence 7536
39 1 1 331 2 185 Presence 3920
55 1 4 198 0 141 Presence 8511
52 1 4 238 2 110 Presence 7443
49 1 1 263 0 108 Absence 7117
27 1 1 139 2 111 Presence 2311
45 0 3 260 0 163 Absence 1978
65 1 2 315 1 102 Presence 3607
37 0 2 301 1 129 Presence 20
53 1 1 326 0 115 Absence 2133
78 1 4 163 1 121 Absence 1107
50 1 3 147 0 114 Absence 6818
29 1 3 255 1 142 Presence 8952
55 1 1 210 0 124 Absence 9106
48 1 2 282 0 169 Absence 2991
53 1 4 229 0 97 Absence 1544
58 0 4 143 2 100 Presence 5484
78 1 1 297 0 187 Absence 3529
34 1 1 261 0 160 Presence 100
75 0 4 158 2 160 Presence 1527
69 1 4 210 1 96 Presence 3640
71 0 2 283 2 128 Presence 2040
44 1 2 292 2 187 Absence 6946
39 1 1 303 0 70 Presence 9708
25 0 4 224 0 108 Presence 4059
69 1 4 160 1 154 Absence 3732
70 0 3 121 0 96 Absence 1781
52 0 1 125 1 199 Absence 9958
59 1 1 321 1 158 Presence 9414
57 1 4 287 0 76 Presence 380
33 0 2 267 1 113 Absence 5295
57 0 1 131 0 153 Presence 2293
39 0 3 327 2 133 Presence 2442
49 0 3 199 1 142 Absence 1432
49 0 2 199 1 188 Absence 7126
27 0 3 219 0 188 Absence 9609
25 1 3 331 1 112 Absence 8477
40 0 2 120 1 80 Absence 6380
34 1 1 246 2 186 Absence 9343
29 1 2 174 1 137 Presence 4882
35 0 2 226 2 185 Absence 1285
62 1 4 207 0 96 Absence 4668
77 1 4 290 2 162 Absence 505
29 0 4 320 2 150 Absence 9454
45 0 2 268 1 134 Absence 9632
70 0 2 264 1 123 Presence 2795
70 0 2 270 0 145 Presence 9750
33 1 4 165 1 74 Absence 6536
60 1 3 337 0 145 Presence 8580
61 0 2 256 0 110 Absence 6870
79 1 2 235 1 190 Presence 4570
77 1 2 141 2 139 Absence 3432
58 0 1 120 1 148 Absence 115
66 0 3 235 0 154 Presence 9766
31 0 2 349 0 70 Absence 333
33 0 4 203 1 188 Absence 8915
76 1 2 176 1 190 Absence 4922
74 0 1 334 1 93 Presence 684
45 0 2 242 2 127 Presence 2410
76 0 4 186 2 177 Absence 1890
29 1 4 177 0 173 Presence 2796
74 0 4 121 0 150 Presence 7839
77 0 3 120 0 166 Presence 5816
49 0 2 246 0 107 Presence 8181
37 0 3 153 0 184 Presence 4563
79 1 2 265 2 80 Absence 3169
48 1 4 255 1 111 Absence 4065
71 1 4 314 2 121 Presence 320
61 0 1 298 1 150 Absence 4320
63 1 1 177 1 201 Presence 1447
74 1 1 334 1 182 Presence 9317
56 0 4 232 2 71 Presence 7435
44 1 1 218 0 142 Absence 3000
54 0 4 252 2 99 Absence 2127
43 1 4 295 2 98 Absence 894
34 1 3 253 1 115 Presence 2454
59 1 3 145 0 122 Absence 9671
42 0 3 342 2 84 Presence 4868
70 1 1 288 2 129 Absence 614
67 0 3 309 1 89 Absence 914
28 1 2 151 2 165 Presence 694
30 0 1 279 0 140 Presence 91
57 0 1 309 1 73 Presence 2203
63 0 4 252 1 137 Absence 3199
34 1 1 277 2 108 Absence 2899
37 0 4 328 2 146 Absence 2985
34 0 1 223 0 137 Presence 5392
69 0 1 137 1 187 Presence 2210
46 0 4 347 1 144 Absence 3097
75 0 2 304 0 186 Absence 5794
79 1 3 123 1 131 Absence 6997
55 1 3 275 2 188 Absence 1021
66 1 3 292 0 139 Absence 6505
29 1 1 195 1 203 Presence 5937
44 0 4 309 1 170 Absence 5465
47 1 4 170 0 178 Absence 5025
34 0 1 120 2 172 Presence 1841
39 0 1 242 2 201 Presence 7225
52 0 1 128 2 114 Absence 9985
47 1 2 147 2 203 Absence 3771
25 1 1 166 0 98 Absence 6594
30 0 4 241 2 104 Absence 770
56 0 2 300 1 70 Presence 8506
38 0 4 182 0 161 Absence 4634
50 1 2 292 2 175 Presence 6212
77 1 2 275 0 204 Presence 9499
53 1 1 296 0 140 Presence 2782
56 0 3 132 1 168 Absence 5822
73 1 3 328 1 166 Absence 8681
47 1 3 334 2 203 Presence 165
41 0 2 229 1 103 Presence 3189
32 0 2 301 2 147 Presence 5191
50 0 4 333 1 133 Absence 8749
26 0 2 263 0 116 Absence 4666
79 0 2 120 0 98 Presence 3657
36 0 1 243 1 142 Presence 3793
52 0 4 287 0 99 Presence 5119
31 1 2 279 2 149 Absence 7960
79 0 1 336 2 167 Presence 9110
27 0 1 214 1 146 Presence 1800
26 1 1 156 1 176 Presence 7796
46 1 2 218 1 183 Absence 4806
50 1 4 335 2 191 Absence 6138
40 1 1 292 2 130 Absence 9566
75 1 1 307 0 174 Absence 6073
62 0 2 339 1 79 Absence 5090
41 1 4 224 0 148 Presence 2651
33 1 4 241 2 128 Presence 8002
37 1 3 331 1 133 Presence 6255
47 0 4 327 0 176 Presence 2781
76 1 2 312 1 116 Presence 6592
50 0 3 230 1 190 Absence 1953
39 1 1 308 0 76 Presence 9327
73 0 2 254 0 146 Absence 5383
58 1 2 143 0 127 Presence 7506
65 1 2 273 2 113 Absence 227
35 0 2 202 2 83 Absence 3708
29 1 1 137 2 151 Presence 8425
53 1 2 211 2 123 Absence 9355
31 0 1 336 0 110 Absence 6353
28 1 4 156 0 177 Presence 1457
59 1 2 235 2 173 Absence 6404
55 0 1 137 0 137 Absence 7280
61 1 3 252 0 123 Absence 305
56 1 3 236 0 107 Absence 9976
77 1 3 236 0 160 Presence 5834
56 1 4 189 1 92 Presence 3558
31 1 2 294 0 181 Absence 2701
53 1 3 129 2 115 Presence 8030
55 1 2 300 1 162 Absence 1426
79 1 4 344 2 146 Absence 1386
79 1 3 208 0 139 Presence 4617
79 0 1 338 0 163 Absence 6123
47 1 1 235 2 84 Absence 3651
25 1 1 148 2 181 Presence 6269
57 0 1 234 2 88 Absence 1718
51 1 2 121 0 73 Absence 6815
68 0 3 240 0 112 Presence 1959
31 1 2 126 0 92 Absence 6782
32 1 4 220 1 189 Absence 1966
59 1 4 207 1 164 Presence 7963
70 1 3 296 2 204 Presence 3419
60 1 1 324 1 182 Absence 4812
78 0 4 214 2 206 Presence 9166
63 1 4 178 1 201 Absence 212
27 0 1 249 1 90 Absence 6303
61 1 2 164 0 208 Presence 7022
68 1 1 207 2 118 Absence 9810
42 1 1 321 2 116 Presence 6866
35 0 2 269 0 134 Presence 1870
29 0 3 215 2 93 Absence 6159
77 1 2 269 0 182 Absence 6142
42 0 3 257 0 180 Presence 9215
29 1 3 270 2 183 Presence 5755
57 1 2 319 1 124 Absence 2980
52 1 4 145 0 86 Absence 6049
55 1 3 156 0 162 Absence 9503
40 0 3 339 1 106 Presence 3344
49 0 1 232 0 178 Absence 8271
44 1 4 230 1 113 Presence 5831
52 0 1 216 2 116 Absence 6825
56 1 1 290 0 112 Presence 1996
51 1 4 267 0 126 Absence 8634
32 0 4 295 0 154 Presence 6897
56 1 2 265 2 158 Absence 9735
41 1 1 239 0 124 Absence 1319
54 1 2 257 2 157 Presence 5589
79 1 4 157 0 150 Presence 7501
70 0 2 180 0 186 Presence 5933
45 0 3 254 1 91 Absence 3433
51 0 1 167 0 203 Absence 294
28 0 2 149 2 86 Absence 37
33 1 3 283 2 193 Absence 7689
70 0 3 326 0 208 Presence 9173
27 1 4 177 0 178 Presence 3215
37 1 4 192 2 207 Absence 2243
27 1 4 175 1 104 Absence 168
71 0 4 193 0 82 Presence 698
60 0 1 318 2 134 Presence 4025
55 0 1 147 2 195 Presence 6003
45 1 4 280 2 207 Presence 5780
64 1 3 258 2 143 Presence 1937
38 1 3 305 0 132 Absence 3882
32 1 1 238 2 138 Absence 513
78 1 3 216 0 209 Presence 2459
79 0 2 278 2 206 Absence 7401
66 0 3 164 2 138 Absence 8621
32 1 1 128 0 83 Presence 9107
64 1 1 327 1 88 Absence 7912
65 0 1 134 0 73 Absence 1668
42 1 1 209 2 100 Absence 4544
79 1 2 344 0 178 Absence 6884
26 1 3 175 2 115 Presence 3378
43 1 2 331 2 193 Absence 4974
74 0 4 272 2 72 Presence 2867
59 1 2 319 0 202 Absence 849
44 1 4 346 2 77 Absence 2222
54 0 1 201 2 95 Absence 1810
66 1 3 162 2 125 Presence 949
76 1 4 298 0 77 Presence 2672
28 0 2 149 2 75 Absence 2988
47 0 2 126 2 181 Absence 1443
64 1 4 203 2 83 Absence 47
66 0 2 143 1 140 Absence 9818
38 1 3 291 0 75 Absence 8489
31 0 2 328 2 117 Absence 6311
30 0 1 260 0 165 Absence 5893
64 1 4 127 0 191 Presence 1601
31 0 2 207 1 148 Presence 890
33 0 2 175 2 109 Absence 2059
48 0 3 286 1 195 Presence 3415
39 0 1 226 0 155 Presence 2916
37 0 3 280 2 198 Presence 847
77 1 4 311 1 205 Absence 3933
43 1 3 153 2 183 Absence 9298
63 0 1 173 2 87 Absence 7984
58 1 3 190 0 201 Presence 2358
28 0 1 163 1 179 Presence 2163
37 0 3 232 2 131 Presence 1774
40 1 3 250 1 185 Absence 7177
55 1 4 311 1 190 Absence 156
31 0 2 310 2 208 Absence 2375
33 1 2 229 1 196 Presence 7298
56 1 3 190 1 113 Presence 9047
76 0 3 308 1 141 Presence 730
27 1 3 145 1 134 Presence 6293
75 1 3 148 1 127 Presence 6883
49 1 3 137 0 208 Absence 6795
69 1 2 294 2 97 Absence 5409
46 1 2 256 2 82 Presence 2225
57 1 2 193 1 94 Absence 7353
64 0 1 232 1 86 Presence 8001
42 1 1 342 0 133 Absence 2738
41 1 1 234 0 109 Presence 8861
78 1 4 178 2 73 Presence 2951
73 1 2 181 1 205 Absence 7986
62 0 4 305 1 90 Absence 2778
43 1 4 244 2 169 Presence 5813
60 1 3 276 0 174 Absence 129
28 0 4 309 2 147 Absence 3181
29 0 2 170 1 114 Presence 6928
35 0 1 222 2 105 Presence 7759
51 0 3 154 0 95 Presence 7248
76 0 1 226 0 206 Presence 5976
51 0 4 275 1 201 Presence 5894
69 0 3 125 0 96 Absence 7819
38 1 4 250 0 76 Presence 8546
41 0 4 323 1 199 Absence 6412
31 0 3 187 1 206 Absence 2497
59 0 1 227 1 105 Presence 4784
38 1 2 186 2 117 Presence 5688
42 1 3 219 0 123 Absence 1002
51 1 4 271 0 94 Absence 5610
27 0 2 123 1 144 Absence 2084
40 0 2 238 2 181 Presence 6603
52 1 1 181 2 72 Absence 500
71 0 4 216 0 98 Absence 9239
45 0 1 145 0 103 Presence 8958
54 1 4 228 2 146 Presence 2381
76 0 4 318 0 100 Absence 3014
75 0 2 129 2 119 Presence 8936
70 0 3 211 1 179 Absence 117
65 0 3 313 0 152 Absence 4249
31 1 3 247 2 93 Absence 5210
45 0 2 146 0 111 Absence 9635
60 1 1 295 0 90 Absence 4574
29 1 3 122 0 74 Presence 6595
43 1 3 124 1 181 Absence 1495
35 1 3 167 2 157 Absence 415
64 0 2 142 1 181 Presence 9713
38 1 4 120 2 190 Absence 640
37 0 1 189 0 122 Absence 2250
43 1 2 301 0 163 Presence 7603
28 1 1 241 0 186 Presence 9761
38 0 4 215 1 116 Presence 9906
29 1 3 246 2 155 Presence 8700
46 0 4 336 1 131 Absence 1003
74 0 4 144 0 129 Presence 6615
79 1 4 248 2 115 Absence 4378
45 0 4 190 0 165 Presence 2617
77 1 2 150 2 121 Presence 3958
70 0 1 315 0 202 Presence 8480
40 0 2 208 1 115 Absence 8382
30 0 4 155 0 157 Absence 2235
72 1 1 224 1 200 Absence 4946
68 0 4 134 0 187 Absence 5
50 1 4 164 2 179 Absence 9261
45 0 2 263 1 75 Absence 8982
30 0 1 296 1 182 Presence 8577
44 0 2 215 2 88 Presence 6797
43 0 1 179 0 161 Presence 686
25 1 1 333 1 163 Presence 9733
75 1 3 224 1 152 Presence 9990
36 0 1 316 0 119 Absence 5877
78 0 2 301 1 78 Absence 1938
35 1 3 172 2 138 Absence 4491
77 1 4 227 2 142 Absence 7312
77 0 1 131 1 77 Presence 7681
40 1 3 134 1 129 Absence 6979
28 1 3 146 1 88 Presence 3625
59 0 4 313 1 114 Absence 2389
65 0 3 153 2 189 Presence 6454
53 1 3 317 0 108 Presence 3575
42 0 3 299 2 199 Absence 7503
76 0 3 190 1 165 Absence 3700
73 1 3 175 0 149 Absence 6707
49 1 2 230 0 88 Absence 6417
71 1 2 240 2 155 Presence 8420
28 1 4 196 1 112 Absence 6426
48 1 1 318 0 142 Absence 9350
33 0 2 325 1 84 Presence 991
46 0 4 226 0 70 Presence 9597
49 1 4 192 1 209 Absence 2027
45 1 1 291 1 207 Absence 4075
66 0 2 326 0 186 Presence 2352
39 0 3 143 1 209 Presence 6698
76 0 4 165 2 128 Presence 5873
40 0 2 231 2 139 Presence 193
50 1 2 205 2 198 Absence 1614
63 0 4 273 2 76 Presence 1998
51 1 4 344 0 189 Presence 8313
79 0 4 232 2 139 Presence 8261
46 0 4 275 1 89 Absence 3632
41 1 2 195 0 76 Absence 7112
46 0 4 328 2 79 Absence 612
65 1 2 251 0 198 Presence 52
35 1 1 200 2 168 Presence 7535
44 0 4 126 0 185 Absence 2019
69 0 4 216 2 156 Absence 1351
70 0 4 281 2 98 Absence 8703
51 1 2 306 1 100 Absence 8752
28 0 1 154 0 118 Presence 1038
25 0 1 250 1 139 Absence 8591
55 1 2 133 2 168 Presence 5710
59 0 1 346 0 177 Absence 803
30 1 4 254 1 114 Absence 7091
32 0 1 198 1 111 Absence 6734
28 0 3 213 0 89 Presence 888
59 1 1 243 1 140 Presence 3505
74 1 3 145 1 157 Presence 8639
31 0 3 140 2 192 Absence 8593
60 0 1 289 2 84 Absence 3049
54 1 2 304 0 194 Presence 6901
70 0 4 261 1 187 Absence 8701
67 1 1 206 2 127 Absence 438
28 1 2 204 1 90 Absence 9192
43 0 2 168 0 86 Absence 1851
50 1 4 257 2 117 Absence 7978
58 0 2 325 2 118 Presence 5631
72 0 3 217 2 80 Presence 5056
73 1 1 265 2 124 Presence 2622
77 1 1 340 2 184 Absence 7556
35 0 3 228 0 73 Absence 4515
78 0 2 172 1 192 Absence 502
40 1 1 341 1 101 Absence 1885
29 0 3 299 0 96 Presence 5818
31 1 4 275 0 78 Presence 6128
48 1 3 289 1 179 Absence 9915
33 0 1 267 0 164 Absence 1637
58 1 2 154 0 204 Presence 2893
67 0 4 306 0 74 Presence 5643
52 0 3 161 0 98 Presence 4365
26 1 2 226 2 100 Presence 113
43 0 3 323 1 128 Absence 7526
44 0 4 261 0 172 Presence 6218
78 0 4 178 2 145 Presence 8768
73 0 1 134 1 88 Presence 3527
38 1 4 247 1 108 Presence 6491
51 0 4 142 1 191 Presence 2610
28 1 4 156 0 128 Presence 6224
46 1 4 136 1 131 Presence 3258
51 1 2 317 1 203 Presence 2736
48 1 3 264 0 120 Absence 5255
49 1 1 314 2 101 Presence 9104
70 1 4 223 1 185 Absence 1686
29 1 3 282 2 180 Presence 6179
26 0 3 221 1 184 Absence 1374
38 1 1 310 2 190 Absence 528
67 0 4 236 2 110 Absence 2549
43 1 1 180 2 96 Absence 7903
26 1 3 182 0 79 Absence 8975
30 1 3 324 1 74 Presence 3931
66 0 2 220 1 71 Presence 4901
57 1 2 275 1 86 Absence 5797
65 1 2 342 0 129 Absence 2100
76 0 1 334 2 119 Absence 7515
58 1 4 192 1 190 Presence 4994
78 1 2 274 0 137 Absence 3494
75 1 3 155 1 196 Presence 5494
44 1 1 308 2 202 Absence 9225
53 1 2 200 2 188 Absence 1773
27 0 2 206 0 154 Absence 7219
49 1 1 326 0 139 Absence 9105
76 1 4 219 0 152 Presence 5016
58 1 3 264 0 144 Absence 9993
63 0 3 231 2 199 Presence 5374
27 0 4 303 2 137 Absence 679
57 1 1 273 1 150 Absence 6214
44 1 4 205 0 193 Presence 3749
55 0 2 304 0 193 Presence 4738
41 0 3 126 2 170 Presence 7919
73 0 1 137 2 102 Presence 2004
42 1 2 328 0 191 Absence 2107
50 0 3 138 1 187 Absence 7544
74 1 1 132 1 127 Absence 6384
37 0 2 250 1 158 Presence 7686
55 0 2 191 0 96 Presence 2865
38 1 2 284 1 99 Absence 8353
64 0 3 184 0 142 Presence 434
25 0 3 266 2 110 Presence 6091
61 1 2 223 0 74 Absence 2654
75 1 1 239 2 155 Presence 7416
76 0 3 215 0 116 Absence 9461
33 0 3 299 2 140 Absence 8912
30 1 1 325 2 104 Presence 2328
50 0 2 338 2 181 Absence 6661
59 1 4 285 0 198 Absence 3841
65 0 3 335 1 137 Absence 5094
31 1 4 257 1 202 Presence 518
48 1 4 145 1 92 Presence 132
59 0 2 248 0 95 Absence 9378
75 0 1 288 0 107 Presence 7484
36 0 1 260 2 106 Absence 2958
75 0 1 301 0 84 Absence 1990
65 0 3 344 2 112 Presence 5979
72 0 4 219 2 188 Presence 2343
41 1 2 268 2 204 Presence 3765
49 0 2 271 1 198 Absence 8569
33 0 3 294 1 113 Presence 8203
40 1 3 301 0 75 Absence 939
39 1 3 196 2 173 Absence 8236
47 0 3 296 0 191 Absence 2898
73 1 3 273 0 191 Presence 2875
35 0 4 129 2 208 Absence 3715
76 0 1 277 1 99 Absence 782
55 0 4 260 0 84 Presence 9788
35 1 4 225 0 205 Absence 5112
35 0 1 133 0 92 Absence 2625
79 0 1 170 2 168 Absence 1743
75 0 3 270 0 107 Presence 983
63 1 1 313 1 207 Presence 1087
30 0 1 181 0 197 Absence 2955
70 0 4 244 0 104 Absence 5767
67 1 1 228 0 177 Presence 9999
45 1 1 221 2 81 Presence 480
32 1 1 150 1 137 Presence 6267
73 0 3 228 0 111 Presence 8871
72 0 2 344 0 94 Absence 7674
69 0 3 240 0 113 Absence 160
63 1 2 163 1 160 Absence 482
54 1 1 299 1 129 Absence 8427
28 0 1 217 0 94 Presence 5928
58 1 1 260 2 123 Presence 8071
40 1 1 266 2 152 Presence 6987
76 1 1 285 0 169 Presence 6511
32 0 4 198 2 81 Presence 4629
35 0 3 312 0 144 Absence 8601
33 0 4 280 0 187 Absence 7861
46 0 4 165 1 178 Presence 1091
62 0 1 228 2 200 Absence 4987
51 0 1 201 1 192 Presence 9246
46 1 4 322 2 127 Absence 3313
56 0 3 142 0 73 Absence 4313
42 1 2 340 2 87 Presence 1821
78 1 3 223 2 150 Absence 9308
30 1 4 145 0 151 Presence 2402
50 0 2 191 0 109 Absence 1396
73 1 3 332 1 122 Presence 4837
60 1 4 280 1 93 Presence 4965
52 1 1 191 1 171 Presence 515
29 0 1 132 0 162 Presence 4305
30 0 4 155 2 206 Presence 545
30 1 1 133 0 166 Presence 2761
31 0 3 247 2 89 Absence 3986
71 0 2 191 2 108 Absence 3464
70 0 1 328 0 119 Presence 5194
29 1 3 347 2 156 Presence 8844
28 1 1 202 1 117 Absence 9143
74 0 1 185 1 88 Presence 5022
49 0 3 164 0 125 Presence 3856
28 0 4 207 2 176 Absence 8811
74 1 2 313 1 191 Absence 4719
53 1 2 158 1 208 Absence 3448
68 1 3 140 2 140 Presence 2206
55 1 4 273 2 120 Absence 6826
39 1 4 257 0 110 Absence 2387
74 1 1 288 1 172 Absence 9081
32 1 1 248 0 164 Absence 6764
77 1 2 348 0 107 Presence 1023
34 0 3 226 0 127 Absence 4733
78 0 3 347 2 191 Presence 7987
28 0 4 171 0 146 Presence 7033
74 0 2 251 2 191 Presence 2561
60 1 4 145 0 86 Presence 9824
35 1 4 241 2 70 Presence 653
61 0 1 262 1 158 Presence 63
25 0 1 203 0 207 Presence 1466
53 0 1 230 0 95 Presence 3698
55 1 1 276 2 132 Absence 2058
32 0 3 232 1 130 Absence 4760
74 1 2 198 1 138 Absence 699
32 1 1 336 2 147 Presence 8619
63 0 3 280 2 123 Absence 6096
60 0 4 252 2 78 Absence 356
39 0 4 324 2 123 Presence 7904
49 0 4 268 2 87 Absence 7669
44 1 1 259 1 84 Presence 7770
63 0 1 301 2 112 Absence 1268
42 1 3 263 1 71 Presence 6735
48 0 2 220 2 95 Presence 4432
48 1 2 157 1 107 Absence 5126
72 0 4 259 2 182 Presence 8026
47 0 2 251 1 98 Presence 8764
26 1 3 142 0 153 Presence 3197
50 0 4 139 0 186 Absence 3976
56 1 2 280 0 111 Absence 9855
55 1 2 135 0 137 Presence 3707
51 1 2 316 1 126 Presence 9131
75 1 3 127 0 75 Presence 2824
41 1 1 282 0 97 Absence 6817
60 1 1 126 1 83 Absence 4146
43 0 3 129 0 127 Absence 9305
69 0 4 252 0 121 Presence 1399
69 1 4 172 1 136 Presence 3985
57 1 2 298 2 194 Absence 1796
52 1 3 348 2 114 Absence 9918
62 0 2 276 1 193 Presence 772
50 1 1 251 0 175 Absence 1792
48 0 3 258 2 134 Presence 5110
66 0 4 144 0 110 Presence 2540
46 0 1 140 2 117 Presence 5276
38 1 1 145 0 71 Absence 9448
33 1 1 224 1 103 Presence 2409
72 0 2 350 1 205 Absence 1975
51 0 1 279 0 167 Presence 7424
40 0 1 132 0 165 Presence 2560
62 1 3 282 1 90 Absence 632
61 0 1 272 0 151 Presence 3330
51 0 2 330 0 110 Absence 4427
42 1 4 260 2 207 Presence 7421
70 1 3 294 2 162 Absence 7346
26 0 4 286 1 80 Absence 8249
67 0 1 265 0 180 Absence 2581
64 0 1 299 2 126 Presence 5700
49 1 1 277 1 174 Absence 2418
32 1 1 249 0 112 Presence 7908
67 1 4 213 2 170 Presence 583
37 1 4 263 2 187 Absence 662
59 0 4 174 1 193 Presence 31
33 1 3 241 1 175 Absence 9813
45 0 2 178 0 163 Presence 3604
77 1 4 184 2 97 Presence 8482
53 0 3 323 2 120 Absence 7136
72 0 4 207 0 193 Presence 5815
45 1 4 219 0 122 Absence 461
68 1 3 348 1 73 Presence 9445
35 1 1 155 0 79 Presence 3451
41 0 1 221 1 123 Presence 1254
30 1 1 143 0 73 Absence 2037
52 1 2 275 1 194 Presence 4073
74 1 4 211 1 174 Presence 1711
48 1 3 217 1 128 Absence 6541
50 0 1 176 0 162 Presence 4137
64 1 3 310 2 102 Presence 198
53 0 4 216 2 180 Presence 3250
26 1 3 333 1 194 Absence 3455
30 1 4 134 0 190 Presence 1400
68 0 4 272 0 159 Presence 7555
28 0 4 164 1 101 Presence 6754
37 0 2 249 1 198 Absence 1001
53 1 1 146 2 105 Absence 3429
78 0 4 285 0 184 Presence 5123
65 0 2 347 2 82 Presence 4844
41 0 2 283 2 91 Presence 2317
35 1 1 160 2 78 Presence 4588
58 0 3 180 2 107 Absence 2755
48 1 3 308 2 112 Presence 4158
63 1 3 193 1 177 Absence 805
67 1 2 301 0 126 Absence 3133
69 0 3 125 0 131 Presence 6317
72 0 2 265 1 172 Presence 3603
38 1 1 215 2 203 Presence 5912
42 1 4 217 0 140 Absence 343
58 0 3 153 1 161 Presence 3482
53 0 1 339 0 103 Absence 7324
64 0 1 300 1 174 Absence 8448
56 1 2 249 0 84 Presence 5660
41 1 1 144 1 97 Presence 3346
57 0 2 209 2 165 Absence 2137
63 0 2 180 1 159 Absence 6634
29 1 1 183 1 179 Presence 4003
79 1 4 307 2 140 Absence 3230
64 1 3 247 1 101 Presence 1738
47 1 1 135 0 95 Absence 2844
75 1 4 178 1 73 Presence 379
67 1 1 167 2 147 Presence 9652
40 0 4 122 2 96 Absence 5689
33 1 4 254 2 168 Absence 951
30 1 2 135 1 131 Absence 9803
35 0 1 179 1 148 Absence 1026
51 1 3 214 1 158 Presence 7034
40 0 1 273 2 87 Presence 2569
40 0 4 187 0 96 Presence 5220
76 0 3 348 2 170 Presence 1467
36 1 2 216 0 180 Presence 3644
38 0 4 285 2 182 Presence 4813
70 0 4 317 1 87 Presence 4175
54 0 2 128 0 187 Presence 2332
49 0 4 257 2 172 Presence 7907
54 0 4 346 0 83 Presence 6481
61 1 3 202 2 115 Presence 2006
47 1 1 172 0 135 Presence 6070
76 1 2 262 2 108 Presence 4465
32 0 4 339 0 177 Presence 7970
72 0 4 247 2 209 Absence 9804
45 1 4 165 2 139 Absence 7328
70 1 3 334 2 197 Presence 2923
27 1 3 309 2 143 Presence 1660
59 1 4 318 2 157 Absence 6022
45 0 2 168 2 105 Presence 9068
32 1 4 168 2 107 Presence 2348
74 0 3 147 2 167 Absence 2302
53 1 3 302 1 138 Presence 702
38 1 3 185 0 146 Absence 2195
48 1 1 162 2 166 Presence 815
34 0 1 161 2 137 Absence 335
37 1 1 200 0 192 Absence 2405
38 1 4 267 0 88 Presence 5905
29 0 2 343 0 195 Presence 896
48 0 2 241 1 106 Absence 9272
48 1 3 179 1 108 Absence 85
39 1 1 317 2 79 Absence 6486
32 1 3 225 2 159 Presence 4187
27 0 3 297 0 112 Presence 5583
51 0 2 308 2 208 Presence 9497
54 0 2 332 0 94 Absence 5989
69 0 2 172 2 165 Absence 6676
48 0 1 181 2 72 Presence 139
53 0 2 172 1 149 Presence 634
52 0 1 253 1 143 Presence 477
58 1 3 179 1 153 Absence 708
66 0 1 179 0 139 Presence 4162
70 0 3 202 0 170 Presence 1276
37 0 3 334 1 128 Presence 5972
70 1 3 168 1 100 Presence 4532
30 1 3 317 0 113 Presence 1906
44 1 4 331 0 148 Absence 993
41 1 2 247 2 152 Absence 5103
64 1 1 303 0 182 Presence 1497
35 0 2 347 0 177 Presence 178
64 1 4 344 1 156 Absence 1532
51 1 1 207 2 96 Presence 403
51 0 2 245 2 73 Absence 3895
48 1 2 216 0 93 Absence 8307
49 1 4 161 1 181 Presence 4199
62 1 3 133 0 137 Absence 4304
43 0 2 146 0 70 Presence 5606
71 1 2 332 0 115 Presence 6761
29 0 4 131 0 73 Presence 239
35 1 2 249 0 142 Absence 7856
34 1 3 344 0 141 Presence 2079
54 1 2 202 0 87 Presence 8872
75 1 3 238 2 155 Absence 313
38 1 1 120 1 206 Presence 7765
74 1 1 252 0 109 Absence 2594
50 1 3 172 1 161 Presence 6273
74 0 2 316 0 188 Absence 5863
74 1 4 283 2 185 Presence 4508
63 1 4 232 2 133 Absence 4385
62 0 1 302 2 170 Absence 9872
58 0 4 191 2 90 Absence 7762
46 1 1 200 1 121 Absence 9340
56 1 4 334 1 189 Presence 4892
70 1 4 281 0 142 Presence 7962
51 1 1 192 1 166 Presence 8186
67 1 4 307 1 200 Absence 7014
50 1 1 153 1 152 Absence 4206
44 0 3 137 0 171 Presence 6767
74 0 2 187 1 205 Absence 9914
58 1 3 315 0 178 Presence 6071
25 0 4 176 0 104 Presence 6018
49 1 1 334 2 91 Absence 5712
71 1 4 136 2 92 Absence 7726
30 0 4 305 2 92 Presence 4103
34 0 3 222 2 202 Absence 9667
41 1 2 131 1 204 Absence 6448
31 1 1 165 1 192 Presence 9283
47 0 2 157 0 110 Absence 8239
61 0 1 251 0 127 Absence 9058
33 0 2 229 0 206 Absence 4654
57 1 2 327 2 127 Absence 8124
34 0 4 137 1 154 Presence 7584
30 1 3 289 2 188 Absence 4722
27 1 2 289 1 98 Absence 5084
29 1 4 249 1 73 Absence 5823
72 0 4 144 2 76 Presence 3416
50 1 2 295 1 117 Presence 5066
69 1 3 271 2 85 Absence 3064
30 1 2 337 2 197 Absence 6333
41 1 2 268 0 96 Absence 7332
28 0 4 321 1 73 Absence 6666
64 0 1 161 0 184 Absence 3122
37 0 4 130 1 180 Absence 4468
52 1 1 346 2 156 Absence 2385
45 1 1 271 1 96 Absence 3398
69 1 2 347 2 174 Absence 5841
31 0 3 164 1 137 Presence 4296
57 0 3 306 0 95 Presence 999
29 1 4 142 1 159 Absence 4877
35 1 4 227 2 165 Absence 4961
70 0 2 188 1 179 Presence 9922
55 0 1 124 0 101 Absence 5670
79 1 1 219 1 119 Absence 8980
78 0 1 133 2 100 Absence 4948
78 0 4 271 2 120 Presence 8180
73 0 1 348 1 205 Absence 296
29 0 4 313 2 210 Absence 1189
79 0 1 182 1 159 Presence 840
74 1 1 316 0 191 Absence 1313
58 1 4 151 1 103 Presence 7884
39 1 2 148 0 200 Absence 4224
48 1 1 198 0 159 Absence 3307
31 0 1 307 2 78 Absence 1772
69 1 4 285 1 168 Presence 8371
79 0 3 215 1 200 Absence 9195
25 0 4 346 1 145 Presence 3544
57 0 2 242 2 82 Presence 6139
58 0 1 267 1 91 Presence 3645
63 0 2 185 1 150 Presence 7345
44 1 2 291 0 129 Absence 4086
66 0 3 217 2 84 Presence 4767
27 0 3 312 0 111 Presence 6300
28 1 4 276 2 145 Absence 6725
32 0 2 204 0 88 Presence 8047
33 0 4 350 1 129 Presence 7260
39 1 4 239 2 155 Presence 3951
29 1 1 343 1 111 Presence 1784
61 0 1 213 2 141 Presence 6861
42 1 1 298 1 199 Presence 5678
32 1 4 296 0 114 Presence 3808
40 0 3 316 0 137 Presence 2266
59 0 2 225 2 81 Absence 384
72 0 3 177 0 121 Presence 652
53 1 1 333 2 208 Presence 3079
65 1 3 326 0 133 Presence 5570
79 1 4 296 0 190 Presence 7910
45 1 2 322 1 125 Absence 4181
41 1 2 285 0 188 Presence 2097
32 1 2 239 2 192 Absence 1009
39 0 1 273 1 114 Presence 861
31 1 1 179 0 210 Presence 3052
28 1 2 121 2 200 Absence 1105
54 1 3 237 0 82 Absence 6026
71 1 4 295 2 89 Presence 9439
67 0 1 189 2 141 Presence 318
58 0 4 258 0 168 Presence 7792
69 1 2 239 0 143 Absence 3227
41 1 4 175 1 189 Presence 436
31 0 4 348 1 189 Absence 3835
28 0 3 134 2 174 Presence 1394
47 0 2 121 1 86 Presence 2391
74 0 2 275 2 120 Absence 475
69 1 2 253 1 144 Absence 9846
57 1 4 160 0 82 Presence 729
37 1 4 343 2 155 Presence 4744
52 0 1 346 1 178 Absence 7664
39 0 3 260 1 170 Presence 4875
47 0 1 251 1 75 Absence 2264
60 0 4 140 2 117 Presence 8057
65 1 3 206 1 98 Presence 4271
58 0 2 338 2 165 Presence 7687
54 0 1 319 0 101 Absence 7193
74 1 1 272 2 162 Absence 5891
66 1 1 250 0 116 Presence 2212
28 0 1 241 0 149 Presence 2001
70 0 4 233 0 88 Presence 9003
50 0 1 139 0 176 Presence 4004
36 1 2 287 2 110 Absence 6637
60 0 2 309 2 188 Presence 7309
48 0 3 274 2 155 Absence 674
31 1 1 343 1 171 Presence 3831
58 1 1 206 0 82 Presence 1983
46 1 2 166 0 82 Absence 5384
62 1 3 194 2 82 Presence 6383
29 0 3 336 2 135 Presence 7406
68 1 4 281 0 125 Presence 1658
25 0 3 225 0 173 Presence 1576
41 0 4 317 2 144 Absence 5081
49 1 1 316 0 157 Absence 2463
31 0 2 218 2 165 Presence 3376
35 1 2 252 2 182 Presence 1541
58 0 2 279 1 88 Presence 8265
52 1 2 249 1 106 Presence 8589
43 1 3 144 0 181 Presence 4979
36 1 4 162 2 154 Presence 1282
74 0 4 149 2 88 Presence 1794
36 1 3 245 1 113 Absence 408
33 1 1 313 0 106 Absence 2692
36 0 2 195 0 162 Absence 6036
71 1 2 302 1 178 Presence 4967
58 1 4 310 1 177 Absence 5254
25 1 2 159 2 210 Presence 8651
63 1 1 133 0 199 Presence 3362
38 0 3 181 1 121 Absence 5731
57 0 4 317 0 149 Absence 5380
42 1 1 350 2 86 Presence 1453
33 0 4 268 0 178 Presence 7613
26 0 4 252 2 170 Presence 7409
62 1 4 156 0 103 Presence 8645
53 0 3 230 2 74 Absence 388
31 1 4 340 1 104 Presence 6476
54 1 1 312 2 176 Presence 416
57 0 2 289 2 175 Presence 7053
53 0 1 284 0 125 Presence 9590
34 0 1 279 1 178 Absence 407
53 1 4 304 0 119 Presence 8895
26 1 2 264 0 70 Presence 5781
47 0 4 211 2 191 Absence 3780
64 1 3 236 2 123 Absence 1206
46 0 2 129 1 138 Absence 5381
26 0 1 201 2 88 Presence 6518
61 1 4 139 0 175 Presence 833
53 0 3 337 2 149 Absence 1100
74 0 3 251 2 74 Presence 7404
42 0 2 167 2 101 Presence 4008
73 0 3 167 1 153 Presence 7614
42 0 3 295 1 154 Presence 9152
72 1 2 255 1 207 Absence 6755
74 0 2 120 0 201 Presence 5485
47 0 3 127 2 187 Presence 5360
75 0 4 194 0 176 Presence 9802
72 1 4 278 1 102 Presence 204
63 1 2 149 0 121 Absence 4630
39 0 2 124 0 87 Presence 4899
52 0 2 312 1 169 Absence 8116
57 0 1 251 0 76 Absence 996
57 1 3 336 2 193 Presence 1859
61 0 3 219 1 178 Absence 2770
46 0 2 168 0 182 Absence 8421
37 1 1 192 1 182 Presence 5335
40 1 1 227 1 80 Absence 1069
43 1 2 218 1 137 Absence 7002
55 1 2 290 0 82 Presence 2400
73 1 3 282 2 151 Presence 7788
48 1 4 237 1 88 Absence 9938
54 0 3 164 0 121 Absence 9614
65 0 4 331 2 181 Absence 7455
52 0 2 185 0 137 Absence 9737
67 0 2 298 2 155 Absence 8927
76 1 4 308 2 76 Absence 968
65 1 3 211 2 160 Absence 2507
37 1 4 331 1 122 Presence 1025
76 0 2 349 1 193 Presence 9061
59 1 2 341 1 156 Absence 4942
51 0 4 278 0 120 Presence 5498
55 1 2 284 1 140 Presence 8937
73 1 3 172 0 82 Presence 6054
76 0 3 266 0 130 Presence 3799
41 1 3 284 2 114 Absence 3352
67 0 4 222 1 171 Absence 7646
77 0 2 190 1 130 Absence 1915
75 0 2 318 1 196 Presence 9390
27 0 1 227 1 154 Presence 7498
43 0 3 185 1 114 Presence 4094
50 1 1 222 0 209 Absence 7325
25 1 2 183 1 205 Presence 7007
68 1 4 341 1 109 Absence 22
54 0 4 222 0 73 Absence 2769
27 1 4 203 2 205 Presence 2620
41 1 1 134 2 119 Absence 7490
49 0 4 285 1 99 Presence 3459
32 1 2 299 2 98 Absence 7713
70 0 1 225 1 110 Presence 3305
77 0 1 214 1 149 Presence 9136
27 1 2 130 1 122 Absence 274
64 0 4 125 2 161 Absence 2337
68 0 2 221 0 202 Presence 2076
73 0 1 286 0 194 Presence 881
34 0 1 193 0 194 Presence 544
68 0 3 153 2 89 Presence 9393
55 1 4 285 2 171 Presence 4383
70 1 4 133 0 192 Presence 9267
73 1 2 228 1 82 Absence 989
53 1 1 346 1 178 Presence 7688
70 0 4 299 2 132 Presence 1194
56 0 3 259 2 128 Presence 9939
31 0 2 137 0 102 Presence 3790
31 0 4 139 1 135 Absence 1129
68 0 2 241 2 154 Presence 8269
32 1 1 254 1 172 Absence 4435
52 1 3 188 1 193 Absence 5849
58 1 3 293 2 122 Presence 2902
59 0 3 274 0 163 Presence 4512
26 1 3 228 1 149 Absence 1152
39 0 4 144 2 209 Presence 1169
55 1 3 305 0 123 Presence 8404
71 1 1 299 1 151 Absence 9740
79 1 1 338 1 71 Presence 58
38 1 3 182 0 98 Absence 1636
56 0 2 300 0 174 Presence 2878
39 1 3 163 0 85 Absence 4795
30 0 3 276 2 108 Presence 4537
52 1 3 288 1 127 Presence 1525
42 0 4 234 0 209 Presence 1271
61 1 4 143 2 138 Absence 1932
40 0 2 266 0 92 Presence 5092
46 1 1 311 1 185 Absence 8012
45 1 2 283 2 170 Absence 5136
62 0 4 175 1 175 Absence 8963
26 0 3 181 2 189 Presence 6016
77 1 2 262 2 121 Absence 9655
63 0 1 199 0 101 Absence 2514
66 1 2 214 0 127 Absence 1195
33 1 2 308 0 168 Absence 8662
77 1 1 304 0 155 Absence 9494
65 0 1 248 0 117 Absence 4276
43 1 2 254 2 174 Absence 1968
45 1 3 174 0 86 Absence 1861
42 1 4 121 1 91 Presence 5828
27 0 2 250 0 91 Absence 7834
45 1 3 123 1 91 Presence 5028
52 0 4 205 0 80 Absence 7186
31 0 3 304 0 104 Absence 9685
78 0 3 190 2 189 Absence 8654
44 1 1 298 1 183 Absence 9307
72 0 1 342 2 170 Presence 5280
29 0 1 309 2 150 Absence 4707
66 0 4 136 0 155 Presence 3729
36 1 1 139 2 115 Presence 9562
75 0 3 203 1 121 Presence 6420
48 1 3 136 1 177 Absence 3823
31 1 2 232 1 89 Presence 147
31 1 3 120 1 192 Presence 5217
47 0 1 133 1 94 Absence 4278
53 1 4 183 0 188 Presence 7367
65 0 2 205 0 171 Presence 3090
66 1 4 340 0 156 Absence 4786
68 0 4 278 1 206 Presence 6981
61 0 4 202 2 122 Absence 8885
33 0 4 252 0 123 Presence 1412
78 0 3 258 0 172 Absence 8694
42 1 4 187 0 153 Absence 7994
68 1 4 186 2 137 Presence 5659
59 0 4 184 0 74 Presence 4560
57 1 4 286 2 124 Presence 369
44 0 3 310 2 145 Presence 1963
31 1 2 165 0 71 Absence 7955
50 1 3 336 1 163 Presence 3396
72 0 2 158 0 83 Absence 3969
32 0 1 249 0 130 Absence 4116
68 1 1 149 0 209 Absence 4602
27 0 3 283 0 129 Presence 7494
70 0 4 149 0 90 Absence 21
60 1 1 284 2 71 Presence 9675
71 0 2 211 0 180 Presence 3210
71 0 2 301 1 91 Absence 7695
32 0 1 187 0 143 Presence 248
67 0 1 310 0 197 Presence 5502
31 0 4 222 2 70 Presence 8295
40 0 3 134 1 100 Absence 3268
68 1 2 151 1 141 Presence 5724
71 0 2 286 1 94 Absence 9193
48 0 3 210 1 174 Presence 128
72 1 1 219 0 148 Absence 7973
64 0 4 247 1 112 Absence 6465
51 1 3 187 2 115 Absence 2836
59 0 3 327 2 111 Presence 5200
67 0 3 175 0 194 Absence 340
77 1 3 139 0 172 Presence 1329
28 0 3 196 2 109 Presence 1917
30 0 2 228 1 112 Presence 9071
45 0 3 188 1 95 Presence 7137
40 0 1 337 0 201 Absence 8256
25 0 1 331 0 174 Absence 4855
31 0 3 196 0 161 Presence 5085
65 1 1 236 0 145 Presence 3586
49 1 3 327 2 145 Presence 5010
58 0 1 168 1 133 Presence 7148
79 1 1 350 1 157 Absence 3569
50 0 4 304 1 112 Absence 2647
56 1 2 343 0 131 Absence 8725
62 0 2 158 0 155 Absence 8074
72 0 1 134 1 144 Absence 8969
77 1 1 247 0 172 Presence 4740
77 1 1 151 0 126 Absence 8369
50 1 1 182 1 196 Presence 9991
62 0 3 182 0 178 Absence 9338
65 0 3 350 0 210 Presence 4594
51 1 2 223 0 78 Presence 7220
69 1 3 222 0 114 Presence 3940
64 0 2 179 1 150 Absence 5170
31 0 1 324 1 93 Absence 1022
35 1 4 273 1 72 Presence 9927
75 0 1 302 0 106 Absence 65
30 0 1 341 2 89 Absence 4981
74 0 3 239 1 88 Absence 1082
72 1 2 262 0 197 Presence 981
48 1 3 333 0 106 Absence 2009
34 0 2 285 2 95 Presence 3954
25 1 3 332 1 146 Presence 2467
49 1 1 197 0 129 Presence 3083
46 1 1 131 1 90 Presence 7113
60 1 3 293 0 116 Presence 7906
33 0 1 240 2 149 Absence 8665
33 0 2 198 2 101 Presence 979
54 1 1 163 0 92 Absence 5766
74 1 4 241 2 93 Presence 8243
48 1 4 130 1 173 Absence 1516
49 1 3 319 1 163 Presence 8147
74 1 2 347 0 141 Presence 3051
42 1 1 303 1 149 Absence 8200
46 0 3 123 0 187 Presence 1380
77 1 1 153 2 196 Absence 2345
60 0 4 133 0 81 Absence 4373
41 1 1 248 0 202 Absence 9637
29 1 3 267 2 132 Absence 3193
32 0 2 167 0 101 Presence 6122
72 0 1 315 1 145 Absence 7294
74 1 2 293 1 199 Absence 3528
46 0 1 227 2 134 Presence 616
29 1 3 350 2 205 Absence 7952
27 0 2 325 0 152 Presence 8520
60 0 1 306 2 194 Absence 3968
64 0 3 290 1 163 Absence 7995
76 0 1 129 1 202 Presence 2073
78 0 3 272 2 166 Absence 4888
78 1 4 307 1 165 Absence 84
66 1 1 273 1 115 Absence 976
79 0 3 245 0 184 Absence 6812
60 1 4 231 2 138 Presence 2580
58 0 1 201 1 156 Absence 6329
39 1 3 200 2 186 Presence 6542
43 0 2 276 0 177 Presence 3811
42 1 3 333 1 115 Absence 257
62 0 3 286 0 138 Absence 6934
46 0 2 328 2 128 Absence 7354
40 1 3 223 2 171 Presence 3720
62 1 1 134 0 129 Presence 1752
71 1 2 130 1 209 Presence 5032
68 0 2 185 0 194 Presence 6613
55 0 3 154 0 128 Absence 5508
39 0 3 327 1 107 Presence 8874
31 1 2 147 1 135 Presence 9453
61 1 1 328 2 149 Presence 9961
37 0 4 272 1 136 Presence 5339
38 0 4 322 2 183 Presence 7719
49 1 3 208 1 126 Absence 549
55 0 2 148 2 206 Absence 4835
43 0 4 228 2 106 Absence 898
67 1 4 195 1 181 Presence 2482
58 1 3 202 1 70 Absence 5130
27 1 3 210 2 136 Absence 1899
51 1 1 207 0 114 Presence 9459
53 1 4 291 2 202 Presence 5892
57 0 4 214 0 110 Presence 6107
25 0 2 323 2 81 Presence 9345
51 1 3 311 0 80 Absence 2743
42 0 3 296 0 210 Absence 9758
36 1 2 348 0 101 Absence 9328
59 0 1 212 2 146 Presence 8790
46 0 4 144 2 122 Absence 9290
38 1 1 243 2 166 Presence 8025
71 0 1 203 1 156 Absence 6881
74 0 3 270 2 93 Presence 7991
51 0 4 238 1 70 Presence 578
78 0 1 188 0 210 Presence 936
65 0 4 274 0 127 Absence 4155
72 0 3 133 2 168 Absence 400
66 1 3 205 0 185 Presence 5098
75 0 1 238 1 142 Presence 8438
37 1 2 155 1 139 Presence 9680
58 1 4 258 0 187 Absence 282
48 0 4 147 2 111 Absence 7953
46 0 4 231 0 154 Absence 7532
27 1 2 171 2 161 Absence 2200
51 0 3 305 1 183 Absence 5281
67 0 1 129 0 176 Presence 6425
41 1 4 189 0 159 Absence 4236
60 0 3 215 0 153 Presence 4903
45 0 3 201 0 131 Absence 7366
79 0 2 230 2 182 Presence 1627
73 0 4 239 0 134 Presence 7282
64 0 3 266 0 126 Absence 755
55 1 4 266 0 190 Presence 9683
72 1 1 123 1 159 Absence 8943
69 0 1 301 2 115 Presence 801
41 1 1 165 2 168 Presence 727
35 0 3 271 2 82 Absence 2838
37 1 3 289 1 74 Absence 7039
49 0 3 344 1 123 Absence 8892
56 1 4 300 2 149 Presence 3178
57 1 2 136 1 71 Presence 6352
65 0 2 347 1 134 Presence 5313
69 0 1 204 1 152 Presence 3991
67 1 1 179 1 94 Presence 8560
54 1 4 256 0 162 Absence 4854
35 0 2 277 1 162 Absence 7372
77 1 1 214 1 73 Absence 4480
65 0 4 276 1 210 Absence 9325
35 0 2 346 1 178 Absence 104
77 0 2 259 0 138 Presence 5866
58 0 3 178 1 102 Presence 9082
67 1 1 280 0 135 Absence 8739
41 0 4 304 0 174 Absence 1470
71 1 2 338 2 151 Absence 2548
74 1 2 294 0 70 Absence 6515
54 0 1 321 1 160 Presence 9610
53 0 3 160 0 78 Absence 7981
37 1 2 122 0 145 Presence 4906
43 1 3 328 1 165 Presence 8144
48 1 2 150 1 201 Absence 4483
60 1 3 170 1 203 Absence 6033
69 0 2 311 2 209 Absence 6089
37 1 4 179 2 206 Presence 1872
32 1 4 129 0 159 Presence 3287
35 1 4 283 1 208 Absence 4295
68 1 2 267 2 99 Absence 1413
63 0 4 123 1 115 Presence 3987
34 0 1 143 1 204 Presence 7386
38 1 3 167 1 205 Absence 6135
78 0 3 265 2 143 Presence 6581
72 1 2 146 0 133 Presence 6562
61 1 1 146 1 209 Presence 7554
74 0 3 252 0 196 Presence 7055
74 1 4 165 2 208 Presence 9974
49 1 2 306 1 204 Presence 3849
27 0 4 234 2 96 Presence 7783
32 0 4 323 2 152 Absence 1602
67 0 1 185 2 129 Absence 2939
47 1 3 287 0 90 Presence 2799
38 1 4 261 2 179 Absence 3836
34 0 3 329 1 84 Presence 5411
60 0 3 201 1 105 Presence 1442
65 0 3 149 1 88 Absence 3414
45 1 4 131 2 123 Presence 680
29 0 1 126 2 193 Presence 7875
29 0 1 337 1 188 Absence 70
44 0 2 311 1 190 Presence 5020
54 0 4 232 0 145 Presence 1619
72 0 3 263 0 156 Presence 6015
27 1 4 285 0 83 Presence 4853
37 1 2 286 0 149 Absence 4543
70 0 1 203 2 189 Presence 3509
61 1 1 344 0 187 Presence 2823
58 1 4 194 2 189 Presence 5826
32 0 3 262 0 97 Presence 8268
39 1 3 332 0 193 Absence 3709
66 1 4 332 1 121 Absence 8408
57 0 1 125 2 82 Absence 7742
78 0 1 169 1 114 Presence 130
79 0 1 137 2 107 Presence 714
67 0 3 295 2 122 Presence 4748
63 0 4 219 0 84 Absence 5517
73 1 1 243 1 198 Absence 1420
69 1 2 278 1 168 Presence 6136
27 0 2 304 2 203 Absence 3354
78 1 1 334 1 186 Absence 1836
79 1 4 271 0 148 Absence 1767
41 0 2 339 1 155 Presence 1513
52 0 2 250 0 99 Absence 8605
45 1 2 342 0 70 Presence 4890
27 0 2 267 0 206 Presence 7125
70 0 2 225 2 84 Presence 7358
28 1 4 309 1 131 Presence 1877
54 1 3 161 2 126 Presence 5595
76 0 2 217 1 118 Absence 3536
40 1 2 270 0 73 Presence 972
42 0 3 258 2 71 Absence 7855
68 0 4 218 2 160 Presence 9668
27 1 4 236 1 157 Presence 7757
75 1 4 310 2 94 Absence 1586
76 1 1 133 2 87 Absence 7330
40 0 2 127 2 122 Absence 8042
32 0 4 289 1 104 Presence 4940
79 0 4 187 0 136 Presence 995
75 0 2 277 0 147 Absence 7399
31 1 1 232 1 85 Absence 1316
27 1 2 268 2 200 Presence 7717
58 1 1 199 0 173 Absence 4250
37 1 1 124 0 123 Presence 5529
57 0 4 244 1 142 Absence 8816
53 0 3 227 2 75 Presence 1422
30 1 2 323 2 103 Presence 6798
58 1 4 270 2 111 Presence 6912
44 0 4 206 2 133 Absence 5299
51 1 1 177 2 167 Absence 1103
57 0 1 213 0 183 Presence 5412
64 0 3 295 0 190 Absence 2797
66 1 2 248 2 112 Absence 7316
53 0 1 236 0 134 Absence 7154
27 0 3 298 0 208 Presence 8378
42 0 4 216 1 153 Presence 8904
69 1 3 164 1 123 Absence 5373
49 1 2 155 2 185 Absence 1485
49 0 2 222 2 73 Absence 8412
30 1 4 339 0 168 Absence 1644
27 0 2 294 1 122 Absence 3904
65 1 4 264 2 155 Absence 1187
36 0 2 132 2 97 Presence 7063
44 1 1 210 2 179 Absence 8293
47 1 1 205 1 76 Presence 7518
27 1 1 155 0 83 Absence 9584
60 0 3 247 1 146 Absence 5004
55 0 4 126 1 111 Presence 7262
75 1 2 287 2 162 Absence 5788
52 1 4 293 0 155 Presence 4428
30 0 4 174 2 208 Presence 9539
55 1 3 261 2 95 Presence 6530
62 1 3 233 1 123 Presence 6786
79 0 4 190 2 95 Absence 4737
61 0 4 197 0 187 Presence 1584
31 0 2 179 1 152 Absence 8664
69 0 1 275 2 73 Absence 5487
66 0 3 262 1 130 Absence 8527
66 0 3 242 2 205 Absence 1896
50 1 2 245 0 89 Presence 2377
71 0 2 275 1 81 Presence 3337
58 1 3 130 0 92 Presence 8677
42 0 4 307 0 178 Presence 7447
72 0 4 240 2 85 Presence 242
31 0 1 129 2 135 Presence 7115
66 0 3 228 0 108 Presence 6537
49 0 4 185 2 191 Presence 6662
51 0 2 124 1 156 Presence 12
75 0 4 284 2 153 Absence 4367
40 1 2 296 0 135 Presence 8653
53 1 3 173 1 109 Absence 1984
78 0 2 135 1 117 Absence 1275
64 1 4 191 0 133 Absence 8582
47 1 4 151 0 80 Absence 9245
67 0 2 232 0 76 Absence 4246
66 0 3 177 0 193 Presence 3979
44 1 2 270 1 165 Absence 6032
32 0 4 289 1 74 Absence 6279
38 0 4 128 0 109 Absence 7380
45 1 4 214 2 82 Presence 9482
75 1 4 169 2 107 Absence 2912
35 1 4 134 1 180 Absence 2205
75 0 4 209 2 72 Absence 9473
28 0 3 250 2 199 Absence 8055
76 1 1 270 0 100 Presence 7837
37 1 1 140 1 187 Presence 7951
55 0 2 316 1 80 Presence 8403
59 0 2 188 0 196 Absence 2918
29 1 2 135 2 164 Presence 9981
28 0 1 255 2 200 Absence 8028
32 1 3 323 1 88 Presence 7966
75 1 3 337 0 149 Absence 2274
68 1 3 162 1 175 Absence 8430
62 0 3 157 1 129 Absence 4394
46 1 2 213 0 100 Absence 7143
41 0 1 334 0 133 Absence 3755
76 1 3 164 0 159 Presence 6756
40 1 4 274 2 91 Presence 5599
38 1 3 343 2 152 Presence 8686
56 0 1 142 1 123 Absence 2716
55 1 4 296 0 73 Presence 9072
38 0 4 291 2 155 Presence 1679
28 0 1 229 1 74 Presence 4319
40 0 3 237 0 116 Absence 1233
29 1 3 265 0 168 Presence 7134
73 1 1 131 0 172 Presence 8434
43 0 2 175 2 165 Presence 8287
52 1 3 152 0 164 Presence 3806
27 1 3 199 1 129 Presence 4538
55 1 3 235 1 85 Absence 6633
51 0 2 191 0 207 Presence 9311
78 0 1 217 0 111 Absence 2719
70 1 3 349 2 74 Presence 4312
37 1 1 144 2 114 Absence 2365
69 1 4 151 1 169 Absence 6031
56 0 4 246 0 120 Absence 329
73 0 2 208 0 106 Presence 7261
72 1 3 247 2 125 Absence 4361
79 0 1 269 2 140 Presence 5941
62 1 2 186 1 86 Presence 6414
62 0 2 218 2 206 Absence 2732
75 0 3 260 2 191 Presence 5571
28 1 4 262 0 132 Absence 591
33 1 4 218 1 179 Presence 2270
28 0 1 271 2 196 Presence 4261
31 1 4 322 2 170 Absence 3557
47 1 2 211 2 77 Absence 5882
27 1 1 213 0 175 Presence 9666
54 0 3 296 0 83 Presence 2713
37 1 3 149 1 154 Absence 5422
59 0 1 227 2 95 Presence 8326
40 0 4 318 1 105 Absence 2945
65 0 1 303 2 171 Presence 7176
44 1 1 249 2 154 Absence 2407
56 1 1 340 0 110 Presence 3339
56 0 2 198 0 189 Presence 64
55 1 4 235 2 82 Presence 3005
70 0 2 252 2 209 Presence 2194
68 1 3 176 2 174 Absence 9357
73 0 3 292 2 188 Presence 8648
68 1 1 226 0 191 Presence 6887
58 1 3 247 0 147 Presence 2758
53 0 2 134 2 180 Presence 1051
58 1 4 256 0 70 Presence 5666
28 0 2 207 2 156 Absence 2699
76 0 1 201 1 184 Absence 1615
78 1 4 287 1 148 Presence 7862
34 0 1 249 2 78 Absence 5012
32 1 3 276 0 76 Presence 7586
53 1 4 253 0 155 Presence 9746
37 0 1 235 0 94 Presence 425
33 0 4 258 2 93 Absence 9851
57 0 2 136 2 87 Absence 2696
74 1 2 122 2 163 Presence 2683
52 1 2 120 2 149 Absence 2890
38 0 2 307 1 171 Absence 7031
57 0 3 169 2 180 Absence 5268
37 1 1 281 1 210 Presence 2599
37 0 3 264 1 121 Absence 6038
37 1 2 128 1 159 Presence 8350
35 0 4 260 2 178 Presence 6863
45 0 4 332 1 72 Presence 3117
57 1 2 350 1 125 Absence 8509
66 0 4 265 0 189 Presence 8189
58 1 1 267 0 152 Absence 7593
39 0 4 228 0 199 Absence 5560
73 1 4 329 2 105 Absence 3867
78 1 1 165 1 187 Presence 3731
55 1 2 251 2 188 Presence 6950
68 1 1 297 1 164 Absence 6037
53 1 1 157 1 204 Absence 6578
37 0 2 172 0 105 Absence 4331
38 0 3 319 1 170 Presence 6213
46 0 3 211 2 103 Absence 9600
27 1 2 247 2 156 Absence 7738
73 0 4 139 1 121 Presence 445
67 1 4 207 2 173 Presence 8863
71 0 4 315 0 128 Absence 3859
44 1 4 277 0 206 Presence 1791
50 0 4 124 1 85 Presence 293
25 1 2 330 1 202 Presence 6219
30 1 3 293 0 78 Absence 5387
78 0 3 280 0 123 Presence 4392
27 0 1 147 0 163 Presence 9380
60 0 4 324 1 144 Presence 5932
72 1 3 308 0 148 Absence 2604
37 1 2 201 1 182 Presence 8
27 1 2 162 2 70 Presence 6199
69 0 2 187 1 197 Presence 9078
73 1 1 187 0 176 Presence 1723
42 0 2 185 1 156 Presence 7228
42 1 1 345 2 149 Absence 8616
58 1 2 285 1 154 Presence 3353
31 1 1 137 0 71 Absence 8232
44 0 4 264 1 70 Absence 9020
78 1 2 140 1 205 Presence 7244
73 1 2 297 1 175 Presence 9165
75 1 4 329 2 106 Absence 7229
41 1 1 233 1 164 Absence 4290
62 0 3 149 2 123 Presence 8280
29 1 1 124 0 182 Presence 9477
67 0 4 313 1 99 Absence 8222
44 0 3 218 2 158 Absence 637
27 0 4 331 1 107 Absence 5886
73 1 3 314 1 122 Presence 5233
79 1 3 262 2 138 Absence 2907
30 0 1 253 1 143 Absence 4360
61 0 2 265 1 123 Presence 8575
50 1 3 220 2 150 Absence 8635
38 0 1 302 2 179 Absence 4947
31 0 3 226 2 131 Presence 5286
76 0 4 221 2 92 Presence 7523
64 1 3 162 2 116 Absence 5796
37 0 4 196 2 200 Absence 1898
47 0 2 291 1 160 Absence 8537
44 1 4 208 1 168 Absence 1611
35 0 1 261 0 74 Presence 8862
65 1 3 208 1 154 Presence 3474
70 1 3 156 2 141 Absence 5312
50 1 1 287 0 114 Presence 2820
35 0 1 290 2 167 Presence 4228
27 1 2 243 2 95 Absence 1257
78 0 1 178 0 174 Absence 9850
68 0 2 270 2 118 Absence 7924
75 1 1 197 2 184 Absence 507
41 0 4 283 1 175 Presence 2871
39 1 1 177 0 122 Presence 4259
59 0 4 339 1 142 Absence 9202
45 1 4 267 2 110 Absence 1046
68 0 4 280 1 131 Absence 6833
76 0 2 176 1 118 Presence 4402
37 0 4 124 1 191 Presence 9794
41 1 3 122 2 130 Presence 862
36 1 2 205 0 138 Absence 5821
50 0 3 138 1 123 Presence 747
28 1 1 195 1 157 Presence 6030
44 1 2 222 0 189 Absence 3939
34 1 2 154 2 83 Presence 8207
26 1 1 234 0 197 Absence 8457
61 1 1 185 1 199 Absence 2969
75 1 1 214 0 189 Absence 5470
27 1 1 253 2 207 Absence 3046
34 0 3 298 1 202 Presence 5410
50 1 1 295 2 92 Presence 8496
53 1 4 201 2 138 Presence 1740
53 1 2 242 2 133 Presence 837
28 1 1 270 0 86 Absence 6566
52 1 1 204 2 109 Absence 5918
62 0 1 244 1 149 Absence 1364
29 1 2 335 0 120 Absence 1140
67 1 4 333 0 182 Presence 9118
71 0 4 277 0 85 Presence 9395
39 0 4 177 1 142 Absence 9699
73 0 4 171 0 132 Presence 2534
71 1 3 200 2 74 Presence 2840
37 0 2 273 1 210 Presence 7415
46 1 3 163 1 186 Absence 8984
37 0 3 204 0 70 Presence 2882
47 1 1 342 0 125 Absence 2555
70 1 4 160 1 120 Absence 7159
78 1 3 292 2 114 Absence 6766
58 1 1 295 1 177 Absence 9569
63 1 4 301 1 149 Absence 3436
50 1 4 235 0 201 Presence 1748
25 1 2 175 0 149 Absence 3291
74 1 3 179 2 140 Presence 6694
76 1 1 282 1 102 Absence 9122
65 0 2 332 1 196 Presence 6499
66 0 4 247 0 80 Absence 8095
67 0 4 163 1 116 Absence 3795
66 0 2 132 0 87 Absence 1138
25 1 4 289 0 180 Presence 2339
55 0 4 132 1 182 Absence 6483
69 0 1 264 1 199 Presence 8063
35 1 1 285 0 116 Absence 4364
60 0 4 271 1 71 Presence 508
28 1 4 346 1 107 Absence 6086
71 1 1 197 1 134 Presence 225
79 1 1 257 2 112 Presence 2680
68 0 3 311 0 146 Presence 9226
79 0 4 344 2 177 Presence 4531
54 1 3 295 0 157 Absence 1207
25 0 3 154 1 128 Presence 3891
50 0 2 276 2 154 Presence 2545
27 0 3 218 1 101 Absence 9240
68 0 3 272 1 162 Absence 8692
50 0 2 239 1 179 Absence 3948
69 1 4 223 0 139 Presence 4685
32 0 3 140 2 110 Presence 1303
79 1 4 129 1 138 Absence 5640
47 1 1 144 1 167 Absence 3967
52 1 4 122 2 70 Presence 613
55 1 2 149 2 125 Absence 3443
69 0 3 310 1 179 Absence 6196
76 0 3 334 0 117 Presence 1115
44 0 3 300 2 116 Absence 162
51 1 1 332 2 199 Presence 5046
40 1 1 330 1 93 Presence 1670
65 1 1 340 1 147 Presence 3010
25 1 1 214 0 191 Absence 8626
68 0 1 239 2 124 Absence 3460
58 1 1 281 0 115 Presence 7118
44 0 3 322 0 190 Presence 312
58 1 1 164 2 146 Presence 5806
32 1 2 198 0 88 Presence 1284
72 1 4 199 2 127 Absence 6478
49 0 1 264 1 132 Presence 7572
28 1 4 157 1 139 Presence 8298
74 0 4 297 2 185 Absence 7816
79 0 3 330 2 129 Presence 5944
77 0 4 166 2 162 Absence 9893
65 1 1 328 2 114 Absence 883
28 0 2 246 2 142 Absence 3148
63 1 4 295 2 91 Absence 2973
71 0 2 271 2 161 Absence 7292
50 0 1 299 0 175 Presence 6334
27 0 2 172 0 71 Presence 6181
68 1 2 214 1 113 Absence 5269
25 0 3 246 0 114 Presence 3341
66 0 1 323 1 182 Absence 7595
27 1 3 185 0 97 Absence 7708
45 0 4 229 1 197 Presence 1662
57 0 3 239 2 72 Presence 3827
68 1 3 260 1 99 Presence 4925
59 0 2 319 1 142 Presence 1365
56 1 2 125 2 168 Presence 3970
53 0 1 249 2 172 Presence 7823
31 0 2 262 1 71 Presence 1256
73 1 4 162 1 169 Presence 1700
36 1 3 236 1 143 Presence 2943
53 1 2 200 1 113 Presence 7170
65 0 2 155 1 100 Absence 1889
60 0 2 228 1 204 Absence 8335
53 1 3 313 2 100 Absence 1367
40 0 3 203 2 87 Presence 3512
38 0 4 177 2 98 Absence 4699
72 0 1 335 2 118 Presence 8617
28 0 4 324 2 107 Presence 855
34 1 4 214 2 105 Absence 1156
69 0 1 218 2 75 Absence 7152
49 1 4 278 0 127 Absence 4323
67 1 2 261 0 169 Absence 9604
26 0 1 272 2 183 Presence 6627
62 1 3 251 1 199 Absence 1697
68 1 1 182 0 152 Absence 7242
64 1 3 251 1 116 Presence 7003
77 0 1 333 0 144 Absence 6913
79 1 3 225 0 144 Absence 4220
76 0 4 260 1 205 Presence 8134
55 0 1 344 2 184 Absence 3506
73 1 3 180 0 139 Presence 3884
44 1 3 197 0 195 Presence 8728
71 0 1 324 0 204 Presence 958
25 0 4 159 2 158 Absence 1240
79 1 3 198 2 119 Presence 7425
63 0 1 244 1 112 Absence 2065
55 1 4 291 2 86 Presence 9205
37 1 4 318 1 178 Presence 579
29 1 4 299 2 197 Presence 401
48 0 1 320 1 81 Absence 8838
50 0 4 153 1 199 Absence 1674
34 1 3 170 1 209 Presence 5620
53 1 1 199 1 137 Absence 4374
27 1 2 236 1 149 Absence 6564
78 0 2 125 1 174 Presence 5350
52 0 3 313 2 125 Absence 6951
49 1 2 275 0 111 Presence 8830
53 1 3 228 2 141 Presence 4500
34 1 1 293 1 194 Absence 8260
52 1 2 306 1 149 Presence 1556
53 0 3 235 0 141 Presence 3643
71 0 3 277 0 139 Presence 980
50 0 1 328 2 208 Presence 7381
78 1 3 191 0 132 Absence 3576
43 0 2 314 1 196 Presence 4396
37 0 4 264 1 195 Absence 3248
55 0 4 330 1 137 Presence 5352
78 0 3 187 2 182 Absence 7057
74 1 1 332 2 100 Presence 836
37 0 1 315 2 199 Presence 9806
77 1 3 278 0 143 Absence 7737
30 0 2 305 1 135 Presence 884
40 0 1 243 0 174 Absence 6801
75 0 2 158 2 87 Absence 3966
67 1 3 268 0 88 Presence 1854
54 1 1 198 2 168 Absence 5850
79 0 1 327 0 159 Absence 743
26 1 2 182 2 194 Presence 808
39 0 1 349 1 161 Presence 4380
60 1 1 251 1 106 Absence 7596
79 1 3 233 2 78 Absence 2685
55 0 3 139 0 108 Presence 5080
75 1 4 285 2 172 Presence 7141
45 0 3 214 2 181 Presence 4950
48 0 2 239 1 175 Absence 6246
76 0 2 298 1 161 Absence 3516
36 1 1 290 0 72 Absence 6563
26 0 4 331 1 89 Presence 5162
40 1 1 145 2 208 Absence 6143
61 1 3 212 2 125 Presence 7574
38 0 1 200 1 113 Presence 494
56 1 2 168 1 160 Presence 4029
71 1 1 128 2 134 Presence 1361
54 0 4 185 0 201 Presence 1834
79 1 1 350 1 84 Presence 9289
67 1 2 190 2 122 Absence 6309
47 1 1 224 2 195 Absence 3624
39 1 3 190 1 158 Absence 3375
78 1 2 249 1 106 Presence 8389
66 1 1 337 1 191 Presence 9967
71 1 4 245 1 73 Presence 6377
60 0 1 137 1 176 Absence 5385
26 0 4 128 1 70 Presence 5854
47 1 2 160 0 136 Absence 9605
71 1 1 221 0 186 Presence 2645
42 0 1 272 0 181 Absence 5878
58 0 2 223 0 109 Presence 9368
69 0 4 191 1 145 Presence 2372
69 1 1 133 0 72 Absence 7615
32 0 2 128 0 178 Presence 9470
62 0 3 261 0 78 Presence 2821
73 0 1 131 1 101 Presence 8487
75 0 1 310 0 153 Presence 6737
42 1 3 344 1 95 Absence 8630
27 1 1 246 0 187 Presence 9834
73 0 3 131 0 150 Presence 7729
59 1 2 221 2 115 Presence 9288
68 1 1 219 2 90 Absence 6290
58 1 1 284 2 103 Presence 6325
42 1 3 298 0 108 Absence 9450
63 0 2 234 2 108 Presence 221
41 1 1 289 1 94 Presence 5225
56 0 4 219 0 189 Presence 6450
72 0 4 268 2 168 Presence 648
76 1 1 273 1 204 Presence 1487
64 0 1 214 1 97 Presence 7722
72 0 4 322 0 107 Absence 484
37 1 4 350 1 86 Absence 8204
74 1 3 347 1 93 Absence 6880
54 0 3 190 2 72 Presence 2810
72 0 3 298 2 105 Absence 6547
36 0 1 284 2 146 Presence 149
57 1 4 277 2 102 Absence 1077
63 0 3 130 2 131 Absence 9040
64 0 4 243 2 185 Presence 8476
60 0 4 262 0 92 Absence 987
36 0 1 121 2 195 Absence 4615
75 1 3 222 0 175 Presence 8625
59 1 1 129 1 88 Absence 3045
63 1 1 179 1 79 Absence 1074
65 1 2 236 0 151 Absence 6631
73 0 3 347 0 106 Presence 6609
70 0 3 302 2 190 Absence 8922
58 1 2 348 0 78 Absence 6944
53 0 3 346 2 96 Absence 1358
71 1 4 156 2 136 Absence 2007
51 0 2 207 0 165 Presence 2155
54 0 1 280 2 153 Absence 7395
50 0 2 123 2 159 Absence 5163
42 0 2 336 0 182 Presence 2399
46 1 1 166 2 78 Presence 7777
38 0 2 273 0 99 Presence 6651
63 1 1 260 2 128 Absence 4618
32 0 1 191 0 87 Absence 81
71 0 3 254 0 196 Absence 7487
30 0 3 292 1 74 Absence 3511
67 1 1 152 1 141 Presence 5513
44 0 4 269 2 127 Presence 8870
49 1 3 260 1 132 Absence 7821
46 0 3 296 0 117 Presence 1578
56 1 1 258 2 177 Presence 754
64 0 1 143 1 196 Presence 1553
27 1 2 155 1 140 Absence 4516
43 1 1 241 0 108 Absence 3685
47 0 3 260 1 134 Presence 2273
72 0 2 249 2 76 Presence 9980
71 1 1 185 0 128 Presence 3567
39 1 4 138 1 197 Absence 6141
72 0 2 276 0 107 Presence 6728
64 0 3 183 0 182 Presence 9399
35 0 2 150 2 152 Presence 8813
66 1 4 313 2 164 Presence 5451
69 0 3 151 1 90 Presence 102
34 0 3 281 0 86 Absence 2731
76 0 4 314 1 85 Presence 6553
40 1 2 321 1 122 Presence 1204
30 1 4 137 1 157 Absence 1682
30 1 4 234 0 87 Absence 2106
59 0 2 193 1 210 Absence 8282
60 1 3 280 0 118 Presence 4191
59 0 4 258 1 104 Absence 9410
32 1 4 306 0 125 Absence 2818
78 1 1 243 0 174 Presence 4239
46 0 1 333 0 126 Presence 8785
59 1 3 241 1 161 Absence 6589
70 0 1 269 0 81 Absence 785
60 0 1 122 1 133 Absence 3075
41 1 1 143 1 126 Presence 9894
61 1 3 160 1 75 Absence 7935
62 1 1 224 0 87 Absence 2922
43 0 1 270 2 86 Absence 3767
45 1 4 232 0 124 Absence 8747
42 1 3 279 2 172 Presence 4679
49 1 1 232 2 101 Absence 4847
69 1 4 260 0 114 Presence 7223
45 1 3 284 1 200 Absence 9458
79 0 1 274 1 187 Absence 9354
29 1 3 274 1 210 Absence 8959
40 0 2 195 2 83 Absence 8173
52 1 2 181 1 74 Presence 2853
39 0 2 346 2 207 Presence 3059
66 1 2 285 1 203 Absence 8149
45 0 1 183 0 98 Absence 4788
41 1 2 298 2 83 Absence 4466
78 0 4 340 1 149 Presence 9904
76 0 2 289 2 151 Presence 3787
27 0 2 163 2 115 Presence 2129
55 1 3 125 2 144 Absence 1712
56 0 1 281 0 146 Absence 3591
54 1 2 121 0 122 Absence 8735
31 1 1 250 0 158 Presence 9217
71 1 1 231 1 106 Absence 7677
56 0 4 135 0 153 Presence 1345
44 0 4 168 1 91 Absence 6962
52 1 2 254 2 142 Absence 6259
32 1 4 271 0 147 Absence 4207
52 0 2 332 2 198 Presence 3383
76 1 2 252 2 176 Absence 7883
72 1 2 183 0 156 Absence 1483
78 1 3 154 2 87 Presence 2279
62 1 1 275 2 75 Presence 8192
54 0 2 285 0 107 Presence 791
37 1 4 221 2 157 Absence 7519
62 1 2 175 2 75 Absence 3725
31 0 1 148 0 78 Absence 8146
57 0 1 253 1 194 Absence 9228
25 0 1 339 0 139 Presence 4976
34 1 2 199 2 159 Presence 5499
69 1 4 202 1 158 Absence 8017
27 0 1 188 0 137 Absence 3597
47 1 3 137 2 206 Absence 2141
46 1 3 293 0 176 Absence 4229
33 0 1 224 1 144 Absence 4426
44 1 1 132 1 188 Presence 4644
75 1 3 131 0 144 Absence 7950
56 0 2 155 2 132 Absence 9876
74 0 1 127 0 148 Absence 2055
30 1 3 192 0 190 Presence 2854
74 0 2 220 2 138 Presence 3438
47 0 2 296 0 153 Absence 1745
75 0 1 311 2 91 Presence 6085
74 0 3 327 1 79 Presence 324
55 0 1 204 0 169 Absence 757
76 1 1 195 2 145 Presence 9665
69 1 1 315 1 128 Presence 7314
41 0 2 283 2 82 Absence 6977
61 1 3 164 1 189 Presence 8422
48 1 3 266 1 197 Absence 9730
76 0 1 192 1 153 Absence 6492
32 0 3 143 0 109 Presence 7622
52 0 2 170 1 127 Absence 9524
38 0 3 249 0 167 Absence 2591
39 0 4 122 1 203 Absence 2979
77 1 2 182 0 90 Presence 8036
29 1 3 200 0 182 Absence 4011
65 0 1 212 0 104 Presence 8079
76 1 3 236 0 200 Absence 2371
57 1 3 204 1 135 Absence 8450
32 1 2 133 1 102 Absence 2587
36 1 2 324 2 158 Absence 9194
65 0 3 274 0 171 Presence 8231
38 1 2 308 0 156 Presence 3073
57 1 4 184 2 75 Presence 8744
60 0 2 177 1 191 Absence 9401
46 1 2 171 0 114 Absence 1749
63 0 4 153 2 158 Presence 2993
44 1 1 308 2 146 Presence 270
33 1 4 272 0 133 Presence 6358
53 1 1 163 1 191 Presence 1612
41 1 3 152 1 157 Presence 9253
53 0 2 196 1 195 Absence 187
71 1 2 241 2 138 Presence 9638
52 0 3 168 2 88 Presence 5667
64 0 1 315 2 89 Absence 9462
29 0 3 324 2 92 Absence 1488
68 0 1 290 1 134 Presence 5483
68 0 2 184 1 93 Absence 8037
40 1 4 171 1 72 Absence 1652
52 1 4 312 0 163 Absence 6472
34 0 4 184 2 185 Presence 9149
76 0 2 297 1 209 Presence 5138
46 0 3 138 1 130 Presence 6002
69 0 4 214 2 180 Presence 1965
37 1 1 248 2 105 Presence 2437
48 1 3 288 2 168 Absence 2050
30 1 1 150 0 185 Presence 9772
46 1 2 313 1 169 Presence 9677
42 1 2 240 2 126 Presence 5702
73 1 4 263 1 131 Presence 631
74 0 3 339 2 155 Absence 430
53 1 4 199 0 157 Absence 3623
70 1 2 126 2 189 Absence 6722
52 1 2 252 1 183 Absence 8327
32 0 4 259 2 162 Presence 7802
32 0 2 129 1 153 Presence 5353
48 1 1 346 1 104 Presence 7736
54 1 1 195 2 134 Absence 3256
32 1 4 135 1 173 Absence 9633
41 1 2 235 2 119 Absence 8723
75 0 3 217 1 89 Absence 7780
46 0 1 326 2 98 Presence 3342
57 1 3 159 1 72 Absence 9015
70 0 2 286 2 145 Presence 6215
69 1 4 182 1 163 Absence 9091
72 1 4 319 2 197 Absence 2306
35 1 4 328 2 87 Presence 4306
34 1 2 267 0 165 Presence 6265
67 0 1 202 1 83 Absence 8284
55 0 1 325 1 202 Absence 3308
37 1 3 344 0 84 Presence 2238
37 1 3 151 0 108 Presence 7724
55 0 1 259 1 126 Absence 8106
56 1 3 310 2 86 Absence 8514
41 1 3 260 1 129 Absence 219
60 1 4 214 2 162 Absence 756
51 0 1 269 1 164 Absence 7601
38 1 4 344 2 204 Absence 7120
53 1 2 155 1 85 Absence 8187
68 0 3 233 1 133 Absence 792
29 1 3 245 0 156 Absence 9932
40 1 2 124 1 115 Presence 6608
42 1 1 267 1 169 Presence 4852
30 0 1 326 0 182 Absence 1113
33 1 2 204 0 188 Presence 7818
46 0 1 168 2 86 Presence 9055
33 1 3 237 0 126 Presence 988
27 1 2 180 2 81 Absence 4472
58 1 3 121 2 149 Presence 2028
38 0 3 237 2 165 Absence 9120
67 1 3 300 1 171 Presence 5627
28 1 3 152 2 87 Absence 3235
44 0 3 152 1 199 Absence 1344
59 0 3 251 1 83 Presence 4698
75 1 3 127 1 80 Presence 3040
47 1 1 201 0 173 Absence 8062
67 1 3 177 2 191 Absence 7979
32 0 2 245 2 208 Absence 8188
68 1 2 350 1 82 Absence 7480
34 1 1 323 0 158 Absence 7025
54 0 1 199 0 160 Presence 4117
38 1 2 210 2 110 Presence 827
75 1 3 178 2 117 Presence 3223
27 0 2 256 2 191 Presence 2298
30 0 2 275 0 158 Absence 1405
37 1 4 304 2 72 Absence 1863
54 0 3 257 0 108 Presence 1255
59 0 2 268 1 143 Absence 8451
63 1 2 201 2 210 Absence 8990
31 1 3 226 1 206 Presence 3078
31 1 4 141 1 124 Absence 4787
72 0 4 158 0 173 Absence 9324
42 0 2 252 0 82 Presence 8704
27 0 2 205 0 189 Presence 3659
58 1 1 252 1 179 Absence 7943
37 0 2 306 1 143 Presence 965
46 1 3 189 1 93 Absence 7448
47 0 4 244 0 168 Absence 2165
44 1 3 231 1 127 Absence 6330
26 1 1 230 2 181 Presence 2008
44 0 4 127 0 204 Absence 9674
26 0 3 226 1 108 Presence 2986
75 0 3 132 2 103 Presence 8676
78 1 3 167 0 148 Absence 1197
51 1 4 263 1 85 Absence 9235
68 1 4 198 0 205 Absence 704
52 1 1 188 1 134 Presence 109
26 0 3 228 0 74 Absence 7466
64 0 3 192 1 118 Presence 9440
79 1 1 201 1 72 Presence 9861
56 0 4 270 0 106 Absence 2245
48 0 3 307 0 83 Presence 9792
36 0 4 155 0 81 Absence 6042
61 0 2 247 1 96 Absence 5300
50 0 2 274 1 122 Absence 2384
44 1 3 189 2 176 Presence 3932
25 0 2 340 1 137 Presence 2338
79 1 1 314 2 192 Presence 29
35 0 4 181 0 86 Presence 9127
76 0 2 219 2 137 Presence 8157
31 0 2 294 0 138 Presence 6739
69 0 1 314 2 117 Presence 6792
43 1 3 348 0 133 Presence 1884
25 1 3 259 2 168 Absence 3174
58 1 1 180 0 85 Absence 6164
78 1 3 239 1 91 Absence 3011
62 0 1 292 1 112 Absence 5174
41 1 2 279 1 135 Absence 3842
45 1 1 187 0 82 Absence 5980
43 1 3 231 1 201 Absence 5859
69 1 3 276 0 172 Presence 2148
74 0 1 126 1 113 Absence 1628
32 0 1 296 2 80 Absence 4450
66 0 3 184 0 101 Absence 6697
34 0 1 315 2 170 Presence 1390
38 0 2 348 1 192 Absence 1650
63 1 3 251 0 199 Presence 574
73 1 2 165 1 71 Presence 8257
28 1 1 213 1 131 Presence 8947
46 1 1 311 0 140 Presence 2532
67 0 4 226 0 163 Presence 851
66 1 1 260 2 200 Presence 6781
72 0 3 197 1 130 Presence 5538
45 0 1 147 0 208 Presence 3452
45 0 1 195 2 80 Absence 5271
31 0 4 333 2 126 Presence 9994
75 0 1 288 1 151 Presence 9627
66 0 4 289 0 140 Absence 565
58 1 4 316 0 160 Presence 2154
58 0 2 241 1 94 Absence 874
38 1 4 299 1 92 Presence 3381
44 1 1 197 0 101 Presence 9549
46 1 3 280 0 115 Presence 2530
48 1 2 146 2 107 Absence 2841
67 1 4 245 0 150 Presence 2029
41 0 2 237 2 137 Presence 9580
30 1 3 127 0 77 Presence 4856
73 0 4 174 1 170 Absence 1385
34 0 3 247 2 181 Presence 942
77 1 4 269 2 138 Presence 8032
33 1 1 130 1 70 Presence 8805
38 1 2 259 0 167 Presence 4803
58 0 3 249 1 87 Absence 3173
77 0 3 217 0 151 Presence 1616
70 0 2 348 2 138 Absence 8330
71 1 4 320 2 176 Presence 9189
63 0 4 316 0 137 Absence 6151
60 0 1 335 2 96 Absence 8114
63 0 4 220 1 202 Presence 9546
44 0 2 140 1 84 Presence 8317
31 1 4 174 0 206 Absence 3922
49 1 3 156 0 196 Absence 5543
53 0 1 258 1 154 Absence 2146
55 1 2 252 1 176 Absence 3332
58 1 3 206 1 126 Absence 6497
31 0 4 203 0 176 Presence 9206
34 1 2 264 0 127 Presence 9485
76 1 2 215 2 201 Absence 2272
55 1 1 329 1 176 Absence 4123
39 1 1 193 0 183 Presence 2406
42 1 3 122 1 73 Presence 8244
53 1 2 275 0 120 Absence 35
31 0 3 150 0 102 Presence 1521
39 1 2 306 2 184 Presence 2730
58 0 1 198 0 194 Absence 4227
74 1 3 151 1 163 Presence 2962
37 1 4 145 0 183 Absence 6230
40 1 3 242 0 90 Absence 8274
36 0 3 215 1 208 Absence 5748
43 0 2 245 0 75 Absence 5257
54 0 1 292 2 107 Presence 1010
38 0 1 123 2 186 Absence 8515
35 0 2 131 2 194 Presence 7278
46 1 3 176 0 188 Absence 5461
47 1 2 155 0 175 Absence 1456
41 0 3 162 1 198 Absence 1356
30 1 3 159 2 114 Presence 4506
28 1 3 334 2 209 Presence 4192
56 1 1 341 0 114 Absence 8120
29 0 2 130 0 110 Absence 9512
44 1 3 321 2 141 Absence 6610
39 1 2 273 1 81 Absence 3450
43 1 1 333 0 173 Presence 5208
41 1 4 191 1 129 Presence 2557
69 0 3 121 0 71 Presence 1059
52 1 1 122 0 133 Presence 8884
67 1 3 329 2 210 Absence 2901
37 0 1 163 1 83 Presence 9346
44 1 1 128 2 132 Absence 1387
49 1 3 229 2 143 Presence 8565
60 0 4 234 2 116 Presence 604
69 0 1 123 1 107 Presence 5318
79 1 4 242 2 130 Absence 4085
26 0 4 218 2 85 Presence 1669
79 1 3 293 1 147 Absence 2383
31 1 2 254 0 155 Presence 4315
26 0 4 208 1 150 Presence 2286
72 1 1 132 1 134 Presence 8696
55 0 3 344 0 187 Absence 9561
43 1 3 238 2 100 Presence 1144
72 1 3 199 1 208 Absence 4676
29 1 1 132 0 183 Presence 8956
74 0 3 344 2 187 Presence 4113
71 0 3 225 2 108 Presence 5574
57 0 3 138 0 72 Absence 2018
76 0 1 293 1 168 Presence 6451
70 1 2 226 1 133 Presence 8967
72 0 3 202 0 72 Absence 9314
29 0 4 150 0 175 Absence 1546
28 1 3 244 2 167 Presence 1122
41 0 4 264 1 136 Absence 2881
57 1 2 132 2 135 Presence 813
29 0 4 237 0 164 Absence 4200
41 1 4 233 2 178 Presence 8939
69 0 2 339 1 96 Presence 961
26 0 4 143 2 159 Absence 519
74 1 1 157 2 205 Absence 7197
53 1 1 243 1 95 Absence 7374
69 0 4 328 0 120 Absence 1411
33 0 3 234 0 88 Absence 5370
38 0 1 253 2 140 Absence 6648
36 0 2 280 1 146 Presence 5417
61 1 4 162 0 145 Absence 6436
61 1 4 212 0 124 Absence 6095
57 0 2 265 2 123 Absence 7827
62 1 3 249 1 207 Absence 3832
51 1 3 248 0 155 Absence 9123
76 0 4 327 1 151 Absence 1299
27 1 4 286 0 91 Presence 7967
71 1 1 168 1 141 Absence 3294
69 0 4 256 0 173 Absence 5213
38 1 1 329 0 113 Absence 2086
34 1 3 272 1 200 Absence 4721
69 0 4 234 2 84 Absence 7422
74 1 2 212 1 156 Absence 7880
57 1 2 174 1 149 Presence 9375
32 0 3 241 0 171 Presence 9022
77 1 3 271 0 195 Absence 2412
59 1 4 209 1 132 Presence 3007
68 1 4 226 0 170 Absence 6970
71 1 2 184 0 118 Presence 5997
28 1 3 202 1 206 Presence 1243
78 1 2 253 2 187 Presence 4969
62 1 3 200 0 161 Presence 2103
56 1 2 239 2 191 Presence 584
77 0 4 323 0 94 Presence 9402
37 1 1 138 2 111 Absence 1425
42 1 3 184 0 197 Absence 6842
44 0 2 336 1 109 Presence 6903
62 1 2 202 2 135 Presence 5035
28 0 2 287 0 135 Presence 5376
67 0 4 341 0 76 Absence 1839
47 0 1 170 0 75 Presence 4126
26 0 1 230 1 165 Absence 1696
38 1 2 336 1 177 Absence 1471
72 1 4 229 2 156 Presence 7789
40 0 1 253 1 136 Presence 4151
32 0 4 275 2 161 Absence 6165
47 1 1 123 2 136 Absence 2739
56 0 3 218 2 141 Absence 4530
27 0 2 164 0 109 Presence 6799
37 0 4 175 2 181 Presence 2069
50 0 1 141 2 134 Presence 1509
72 1 2 342 0 200 Presence 9660
32 1 2 176 2 142 Presence 6936
28 1 4 297 2 194 Absence 1802
46 0 3 121 1 111 Absence 4935
49 0 2 194 2 127 Presence 9487
61 0 4 205 2 170 Presence 1684
28 1 1 306 1 156 Absence 1072
64 0 3 350 0 99 Presence 8098
33 1 2 194 1 124 Presence 5962
57 1 1 223 0 100 Presence 9111
49 0 1 195 1 128 Absence 9236
38 0 1 234 2 95 Absence 5833
72 1 3 197 1 155 Absence 3424
70 0 3 191 0 141 Presence 6408
60 1 2 184 0 181 Presence 4502
67 0 3 130 0 192 Absence 3084
66 1 2 147 2 153 Presence 9366
27 1 4 184 0 168 Absence 7473
41 1 4 197 0 185 Absence 5042
53 0 3 228 1 124 Absence 953
72 1 2 168 0 156 Presence 1237
68 1 3 146 1 72 Presence 2026
42 0 1 233 0 108 Absence 4592
75 0 1 148 2 150 Presence 5183
69 0 2 234 1 176 Presence 3540
45 1 2 273 0 124 Absence 935
54 1 4 222 0 144 Presence 5237
41 1 2 124 0 128 Presence 8657
33 0 4 128 2 161 Presence 249
53 0 4 210 0 105 Presence 5065
65 0 1 331 0 128 Absence 4735
66 1 4 316 0 83 Absence 303
46 0 1 239 1 175 Presence 6118
43 1 2 323 0 203 Presence 3734
54 1 4 278 0 94 Absence 1852
29 1 4 185 1 92 Absence 3792
27 1 2 192 2 113 Presence 3972
71 0 2 256 1 210 Presence 4407
47 0 4 336 0 85 Absence 5181
61 0 3 327 2 106 Presence 7846
70 0 3 272 2 117 Presence 811
25 0 1 333 0 122 Absence 106
73 1 2 184 0 140 Absence 4301
64 0 4 279 1 154 Presence 6418
29 0 4 185 2 179 Absence 8336
77 0 4 331 1 99 Presence 4256
34 1 1 193 1 165 Presence 9044
46 1 1 155 0 145 Absence 9773
78 1 4 229 1 116 Presence 2765
64 1 1 145 1 95 Absence 8855
78 0 2 342 2 106 Presence 4231
71 0 2 222 0 103 Presence 4905
28 0 2 141 0 162 Presence 3802
65 0 2 154 0 173 Absence 1671
35 0 4 132 1 185 Presence 9724
40 1 3 230 1 144 Presence 1259
48 1 1 327 1 179 Presence 7463
60 0 1 347 1 152 Presence 3139
30 1 3 224 0 153 Presence 2289
42 0 4 154 1 120 Absence 7891
63 1 2 320 2 179 Presence 7041
25 1 4 275 2 126 Presence 8112
79 1 1 292 2 184 Absence 8315
69 0 1 298 1 191 Presence 3336
52 1 3 155 0 106 Presence 2149
74 0 4 135 2 121 Absence 4881
57 1 3 286 2 78 Absence 2596
57 1 4 131 2 189 Presence 2014
45 1 3 333 2 136 Absence 9782
48 1 1 137 2 186 Presence 1936
61 0 2 205 1 189 Absence 6256
76 1 4 169 0 82 Presence 7896
72 0 1 140 0 179 Absence 7400
31 1 2 315 0 173 Presence 7373
69 0 4 286 1 156 Presence 7616
61 0 2 201 0 109 Presence 5442
61 0 3 135 2 151 Absence 2145
31 0 4 288 1 180 Presence 6858
40 0 2 308 2 209 Presence 9148
77 1 1 147 2 145 Absence 2609
43 1 4 259 1 189 Presence 3207
35 0 4 339 1 81 Presence 3983
56 1 4 142 1 151 Absence 9929
37 0 4 238 1 85 Absence 176
71 1 1 292 0 196 Presence 3547
67 0 2 240 0 139 Absence 2888
45 0 1 137 1 141 Absence 7093
48 1 3 225 0 124 Absence 4479
59 1 1 330 0 144 Presence 5805
49 1 2 250 0 120 Absence 1205
77 1 2 316 1 83 Absence 8155
54 1 4 221 1 85 Absence 3372
65 0 3 310 2 172 Absence 5791
58 0 2 337 2 147 Absence 9183
46 0 3 175 1 133 Absence 2443
41 1 2 135 1 100 Presence 5598
47 0 4 284 0 171 Presence 8866
61 0 4 271 0 74 Presence 922
63 0 4 313 1 92 Absence 9571
56 1 2 317 1 148 Absence 718
69 0 3 319 0 140 Absence 3938
50 0 2 304 0 135 Absence 6340
50 0 3 141 0 120 Presence 1642
43 1 3 282 1 140 Presence 7507
50 0 4 234 0 204 Presence 8023
43 0 3 160 0 164 Absence 8193
44 0 2 181 1 85 Presence 6502
62 0 4 196 2 199 Presence 2944
74 0 1 143 2 79 Absence 5683
53 0 1 277 0 102 Presence 3573
70 1 1 336 1 144 Presence 4412
75 0 1 248 1 125 Presence 8462
28 1 2 321 2 154 Absence 4136
43 1 2 215 1 134 Presence 277
33 1 3 293 0 177 Absence 9555
30 0 3 263 2 87 Absence 222
36 0 1 238 2 210 Absence 8919
72 0 4 238 1 203 Presence 6493
66 0 3 182 1 173 Absence 7075
72 0 4 294 0 137 Presence 6916
32 0 3 290 0 138 Presence 5790
33 0 1 232 0 131 Absence 7764
48 1 2 146 1 102 Presence 4154
64 1 2 174 2 139 Absence 4375
75 0 3 216 0 117 Absence 3205
75 1 4 267 1 181 Presence 8099
32 0 4 177 1 209 Absence 5808
74 1 3 278 0 96 Presence 8362
38 1 3 241 2 107 Presence 8004
61 0 2 244 0 162 Absence 4204
58 1 3 292 1 210 Presence 2819
34 0 2 337 1 148 Absence 9973
28 0 1 337 1 187 Absence 3162
67 1 3 325 2 139 Absence 5378
25 1 3 321 2 76 Presence 6688
56 1 4 310 0 115 Presence 6406
55 1 3 209 2 161 Presence 8727
76 0 1 189 2 187 Absence 706
43 0 2 290 0 84 Presence 8583
27 0 2 154 2 148 Presence 4962
29 1 4 152 2 126 Presence 2590
43 0 2 293 2 70 Presence 3176
64 0 4 165 2 96 Absence 7342
75 1 2 316 2 178 Absence 7250
64 0 2 269 2 104 Absence 155
27 0 1 263 2 155 Presence 7124
45 1 3 190 1 196 Presence 2196
40 1 2 347 1 158 Presence 4598
51 1 2 325 1 151 Presence 4299
29 0 2 284 2 144 Presence 6976
59 0 2 287 0 86 Absence 9201
52 1 2 252 2 127 Absence 7194
72 0 3 224 0 195 Absence 9312
54 0 2 286 2 165 Presence 9197
74 1 1 153 2 139 Absence 5754
35 1 1 125 2 190 Presence 3437
79 0 4 136 2 73 Absence 3380
34 1 3 121 0 109 Absence 5289
60 0 2 197 1 176 Absence 2351
25 1 2 139 0 114 Presence 3435
64 1 4 210 1 102 Absence 8978
37 1 2 305 1 121 Absence 8223
39 0 3 152 1 123 Presence 8578
46 1 2 190 1 151 Absence 5059
68 1 1 216 2 165 Absence 266
67 0 2 313 2 189 Absence 5128
71 0 1 291 2 168 Presence 2766
44 0 1 309 1 155 Absence 426
49 1 3 191 2 76 Absence 3309
57 1 4 186 1 101 Presence 6673
48 1 4 183 0 108 Absence 7252
70 1 2 304 2 124 Absence 1957
46 1 3 265 0 147 Presence 4016
31 0 4 159 0 99 Absence 8996
31 1 4 199 2 70 Presence 4891
63 1 1 279 0 197 Absence 9706
73 0 2 141 0 133 Absence 7635
43 0 2 265 2 103 Absence 9952
73 1 1 214 1 127 Absence 4930
45 0 2 316 2 206 Absence 4351
28 0 3 328 1 147 Absence 9252
27 1 4 175 2 165 Presence 9949
56 1 1 153 0 96 Presence 3843
63 0 4 131 0 77 Presence 3107
31 1 1 237 0 111 Presence 8136
56 0 4 349 2 130 Absence 8416
61 0 1 219 0 72 Absence 8401
55 0 1 256 2 109 Absence 4791
61 0 1 296 2 166 Presence 7156
68 0 1 126 2 108 Absence 9729
75 0 2 345 0 197 Presence 9948
36 1 4 253 1 72 Presence 1844
71 0 1 161 0 112 Presence 626
26 0 2 292 0 176 Presence 1295
60 0 3 218 0 96 Absence 9931
45 1 4 180 0 93 Absence 5727
37 0 4 346 2 174 Absence 7329
65 0 4 327 1 111 Presence 4437
58 0 4 256 1 100 Presence 6921
35 1 1 157 2 173 Presence 5087
38 1 4 347 1 154 Absence 6370
61 1 2 249 2 197 Absence 4921
53 0 3 157 0 144 Absence 649
50 0 3 196 2 174 Presence 1039
69 0 2 255 1 168 Absence 3946
48 0 1 240 1 210 Absence 5298
76 0 2 150 1 139 Presence 4584
52 1 3 323 0 141 Presence 4732
78 1 4 337 0 147 Presence 4441
79 0 3 265 2 149 Presence 7239
32 1 4 334 1 140 Presence 3301
70 1 3 158 2 203 Absence 9065
38 0 2 266 1 73 Presence 3772
79 1 2 198 0 88 Presence 7486
41 0 1 212 2 77 Presence 5160
73 0 3 225 2 176 Presence 6419
53 0 3 342 1 70 Absence 9689
44 0 3 128 0 199 Absence 8152
54 0 4 254 2 108 Presence 2753
25 1 3 300 0 106 Absence 6596
28 1 1 123 0 107 Presence 8769
34 0 2 161 1 85 Absence 7173
76 1 2 293 2 159 Absence 8714
36 0 3 226 2 171 Absence 3803
68 0 1 137 0 108 Presence 8541
76 1 4 225 2 148 Absence 209
68 0 3 273 0 159 Presence 276
78 0 4 298 1 205 Absence 3085
60 0 4 168 2 171 Presence 7542
62 1 2 216 0 105 Absence 1157
48 1 1 181 1 84 Absence 3537
29 1 3 175 1 123 Absence 2218
50 0 4 123 1 153 Presence 5531
69 0 3 279 0 177 Presence 6540
67 0 4 319 2 193 Absence 5118
36 1 2 271 0 197 Absence 9478
44 1 3 278 0 207 Absence 6656
65 1 3 204 0 200 Absence 716
69 1 3 273 2 199 Presence 6093
27 0 3 253 1 165 Absence 1687
28 1 2 350 2 103 Presence 3763
68 1 4 154 1 138 Absence 3365
54 0 3 204 2 174 Absence 2285
33 0 3 197 0 122 Absence 6130
45 1 1 240 0 206 Presence 1958
65 1 2 151 2 198 Absence 1232
40 1 2 145 0 153 Absence 9896
47 0 1 178 2 120 Absence 2614
47 0 4 250 2 146 Absence 5251
77 1 2 171 1 206 Absence 9372
73 1 2 123 2 117 Presence 2486
41 0 3 334 0 168 Absence 3562
28 1 2 347 1 104 Presence 6310
31 0 3 207 2 180 Absence 5753
66 1 4 308 1 93 Presence 9636
39 0 1 132 0 137 Absence 1778
77 0 2 310 2 83 Absence 2677
73 0 3 136 2 194 Absence 330
52 1 4 149 1 186 Absence 6435
27 0 4 254 0 182 Absence 2873
57 1 3 271 2 111 Absence 655
36 0 2 290 1 157 Absence 1061
74 0 4 239 0 77 Absence 2473
67 1 2 149 0 188 Presence 9842
65 1 4 293 0 73 Absence 488
49 1 1 240 1 132 Presence 3590
35 0 4 307 2 181 Absence 7212
71 1 2 330 0 157 Presence 1502
64 0 1 283 2 94 Presence 3518
68 1 4 257 1 151 Presence 2300
74 1 4 224 2 206 Presence 788
72 0 2 305 2 188 Presence 3410
38 0 3 148 2 134 Presence 4838
72 1 2 348 1 152 Absence 4462
37 0 4 241 1 135 Presence 8586
75 1 4 234 2 109 Absence 3759
48 0 1 147 2 78 Presence 6777
54 1 3 220 1 127 Absence 5116
27 1 3 286 1 129 Absence 316
63 1 2 309 0 148 Presence 6657
52 0 3 267 2 90 Presence 8075
75 1 3 295 0 74 Absence 6641
61 1 4 209 0 148 Presence 4366
39 1 1 224 2 132 Presence 7362
56 1 2 258 1 167 Absence 4723
28 0 4 265 0 209 Presence 5987
29 1 1 274 2 179 Absence 8888
37 1 4 297 2 201 Absence 7942
72 1 1 262 2 72 Presence 8652
72 0 1 291 1 129 Absence 4986
28 1 2 272 1 79 Presence 1640
54 1 1 278 0 163 Absence 2329
71 0 1 129 1 133 Absence 7092
67 0 1 268 0 178 Absence 8303
75 1 4 272 2 161 Absence 1270
76 1 3 235 1 165 Presence 6931
37 0 1 317 1 124 Presence 2276
78 1 4 242 1 170 Absence 7931
47 0 1 231 2 98 Absence 6532
62 0 3 172 1 100 Absence 4728
69 1 1 160 2 156 Absence 1339
79 0 1 319 1 110 Absence 3224
33 1 1 222 2 81 Absence 6875
44 1 2 122 0 188 Absence 2269
30 1 4 232 2 135 Presence 4586
74 1 3 167 0 198 Absence 9903
52 0 1 239 1 125 Presence 2353
29 1 3 341 1 172 Presence 442
72 1 4 125 1 134 Presence 6337
60 1 2 191 2 203 Absence 7483
46 0 1 146 0 81 Absence 3110
69 1 2 279 2 190 Absence 7431
29 0 3 129 1 160 Presence 2175
48 0 1 319 1 157 Absence 9146
63 1 1 298 2 166 Absence 9423
50 0 1 302 2 193 Absence 3196
75 0 2 309 2 70 Absence 1721
35 0 2 214 2 129 Absence 9515
77 1 4 277 0 112 Absence 5995
28 0 4 143 1 75 Absence 3271
33 0 1 270 0 168 Absence 7698
30 0 3 306 0 130 Absence 4142
63 0 1 323 2 122 Presence 289
42 1 4 149 0 111 Absence 6392
76 1 1 123 0 71 Presence 4176
44 0 2 257 0 119 Absence 2292
28 0 1 126 0 165 Presence 5054
76 1 1 315 2 137 Absence 2408
39 1 3 245 2 178 Absence 8184
74 0 1 158 2 164 Presence 1408
43 1 3 210 1 139 Presence 7932
75 0 1 340 0 78 Absence 6227
70 0 4 227 0 133 Absence 8400
60 0 1 227 1 156 Presence 7479
74 1 4 347 1 118 Presence 3770
41 1 1 136 2 190 Presence 1691
42 0 4 228 2 169 Presence 8424
74 1 4 165 0 129 Presence 292
55 0 3 214 1 77 Presence 7617
62 0 3 267 2 170 Absence 118
37 1 4 256 1 187 Presence 3810
75 0 4 218 2 192 Absence 8566
35 1 4 173 1 103 Presence 3743
43 0 4 225 0 166 Presence 2798
72 1 3 172 2 96 Presence 9408
35 1 1 288 2 168 Presence 6132
25 1 2 257 0 197 Absence 2877
46 1 3 139 2 80 Presence 1018
65 1 3 208 2 128 Presence 2783
51 0 2 220 2 198 Presence 1458
53 0 1 251 2 100 Absence 510
74 1 3 187 2 133 Presence 1045
37 1 2 331 1 79 Presence 7972
50 0 1 283 0 194 Presence 2461
69 0 3 166 2 84 Absence 7171
66 1 4 291 0 145 Presence 1359
71 1 3 310 2 172 Presence 6361
42 1 2 224 1 99 Absence 8667
48 0 2 266 2 102 Absence 7589
64 1 1 125 1 73 Presence 6011
66 0 4 237 1 93 Absence 2024
71 1 3 233 0 208 Presence 2966
52 0 4 208 1 141 Presence 2632
36 1 2 172 0 73 Presence 8331
74 0 3 213 2 101 Presence 3944
39 0 2 349 1 80 Presence 4639
36 1 1 317 1 125 Presence 2712
32 0 1 217 1 81 Presence 952
50 0 2 228 0 98 Absence 7266
76 0 4 166 0 78 Presence 172
26 0 2 271 2 160 Presence 8656
38 1 4 138 1 76 Presence 6356
53 0 1 340 2 112 Absence 9615
68 1 1 123 2 132 Presence 3088
32 0 3 145 1 198 Presence 4670
71 0 3 318 0 166 Absence 5011
51 0 1 126 0 169 Presence 2553
75 0 4 324 0 120 Absence 2978
48 0 1 150 2 90 Presence 6019
68 1 1 281 2 165 Presence 3798
46 0 2 142 2 133 Absence 872
34 0 3 242 0 167 Presence 8879
70 1 3 177 1 177 Absence 1078
71 1 2 166 0 202 Absence 8567
68 0 4 301 2 86 Presence 5500
38 1 4 321 1 130 Presence 3980
26 0 3 323 0 146 Absence 6461
38 1 3 281 1 182 Absence 7080
63 1 4 162 1 84 Presence 789
44 0 3 248 2 83 Presence 9268
54 1 3 187 0 153 Presence 4102
57 1 3 338 0 76 Absence 1634
44 0 4 163 0 97 Presence 3776
77 0 2 201 1 142 Presence 6403
25 1 3 273 1 186 Presence 1131
40 0 1 319 0 140 Presence 5425
25 1 3 200 0 117 Presence 7496
72 1 4 133 1 148 Absence 3312
52 1 2 206 0 162 Absence 3912
76 1 3 171 1 179 Absence 6864
43 0 2 152 2 88 Presence 3486
48 0 2 124 1 78 Absence 3525
72 0 2 342 0 135 Absence 4599
56 1 4 271 1 155 Presence 1043
36 1 2 232 0 153 Presence 5490
50 0 1 200 0 79 Absence 5522
45 1 2 320 2 85 Absence 6629
65 0 3 169 2 119 Absence 5975
66 1 1 152 0 109 Presence 678
78 0 2 301 0 182 Absence 1183
32 1 4 134 1 208 Absence 4170
63 0 1 261 2 94 Absence 8474
69 1 1 340 0 159 Absence 8195
51 0 2 173 1 180 Presence 7716
78 0 2 254 0 120 Absence 5751
74 1 4 251 2 96 Absence 7096
44 1 2 170 2 194 Absence 5176
52 0 1 176 2 156 Presence 7461
50 1 3 206 1 87 Absence 787
43 0 4 242 0 179 Presence 9765
28 1 1 323 2 76 Absence 6647
32 1 2 339 0 182 Absence 6407
64 1 3 126 2 153 Absence 5612
72 0 2 242 0 160 Absence 845
51 1 1 144 0 113 Absence 7179
52 0 2 185 0 201 Absence 328
29 1 1 320 2 171 Presence 6315
73 1 4 249 0 75 Presence 3399
47 1 4 134 1 123 Absence 1108
75 0 1 230 0 210 Presence 137
73 0 3 286 0 98 Absence 3067
29 1 2 162 1 79 Absence 8419
29 0 1 251 2 114 Presence 6442
35 1 1 220 1 124 Absence 6097
46 0 2 253 0 150 Absence 3467
31 0 3 178 0 137 Absence 6087
34 0 2 127 1 156 Absence 9780
25 0 2 144 2 144 Presence 6099
31 1 2 229 0 191 Presence 7009
54 1 3 323 2 142 Absence 1695
34 1 4 262 1 136 Absence 8721
64 0 1 161 1 110 Absence 8670
64 0 3 210 0 95 Absence 2887
38 1 3 282 0 129 Presence 560
28 0 3 215 1 199 Absence 9063
72 0 1 265 0 209 Presence 4475
55 0 1 216 1 149 Presence 3722
58 1 1 175 2 199 Absence 9144
39 1 3 335 1 155 Presence 5252
37 1 1 244 0 201 Absence 1931
74 1 4 349 1 73 Presence 3446
69 1 2 291 0 72 Absence 5069
62 1 4 343 0 143 Absence 1498
53 0 1 203 2 136 Presence 164
38 0 1 156 2 149 Presence 6061
52 0 1 272 2 157 Absence 4408
70 1 3 144 1 87 Presence 8846
67 1 2 350 2 133 Presence 9042
68 0 2 220 2 103 Presence 3296
55 1 2 319 0 112 Absence 2847
60 1 1 130 2 116 Absence 6172
36 1 1 210 2 209 Presence 6959
30 0 1 141 2 87 Absence 5311
43 1 1 337 2 134 Absence 7082
61 0 3 293 1 147 Absence 7086
52 0 3 165 2 142 Presence 4689
47 1 2 136 2 115 Presence 2663
79 1 4 306 2 140 Presence 5205
59 1 2 234 0 81 Presence 8684
27 1 1 311 1 145 Presence 114
42 1 3 286 1 207 Presence 6846
65 0 1 237 2 76 Absence 9361
55 0 4 229 0 137 Absence 7472
64 1 3 284 1 153 Absence 1477
50 0 4 146 2 81 Absence 6041
34 0 4 210 1 167 Absence 927
42 0 4 312 0 192 Absence 8323
77 1 2 214 1 77 Presence 4640
72 0 2 124 0 167 Absence 5140
55 0 1 289 2 174 Absence 4486
41 0 3 312 0 160 Absence 4959
70 1 2 283 2 116 Absence 2224
65 0 3 257 1 88 Presence 9124
28 1 1 347 1 156 Presence 5704
62 0 1 180 0 198 Absence 2570
79 0 1 258 1 172 Absence 1886
33 1 2 318 2 163 Presence 5803
74 0 1 175 1 189 Absence 5362
77 0 3 160 1 167 Absence 1027
64 0 2 275 2 182 Absence 4578
40 1 3 271 1 197 Absence 2722
30 1 4 293 2 144 Absence 5848
73 0 4 217 2 101 Presence 9799
61 1 4 123 0 189 Presence 742
57 1 1 215 1 183 Absence 1908
53 1 2 331 0 142 Presence 4746
41 1 1 303 2 74 Presence 26
69 0 3 243 2 173 Absence 3387
47 1 3 122 0 72 Absence 4064
28 0 1 346 1 150 Absence 5798
47 1 3 208 1 137 Absence 4493
45 0 4 140 1 145 Presence 4572
27 0 4 213 0 132 Presence 5224
54 0 1 148 0 175 Absence 672
76 0 1 228 2 165 Absence 3349
64 0 2 158 2 133 Absence 6363
65 1 1 323 1 191 Presence 120
31 0 2 146 2 189 Presence 8672
31 0 4 188 0 168 Absence 1406
77 0 3 251 2 151 Absence 5792
33 1 1 120 0 172 Presence 7089
52 1 1 272 0 203 Absence 2723
31 1 4 236 1 209 Absence 7573
60 0 2 235 1 118 Presence 6521
52 1 1 283 2 138 Absence 5814
75 0 2 156 1 184 Absence 5260
41 1 1 262 0 79 Absence 4419
75 1 4 161 1 155 Absence 1020
60 0 3 213 0 209 Absence 6512
79 1 4 289 2 73 Presence 4734
39 0 1 198 0 98 Presence 6322
25 1 2 313 1 199 Absence 9332
55 1 2 257 0 152 Absence 5549
43 0 3 323 2 127 Presence 7998
36 0 2 213 2 71 Presence 5900
35 1 3 308 2 118 Absence 3574
73 1 2 277 1 102 Presence 4745
62 0 4 157 1 151 Absence 6919
35 1 1 180 2 161 Presence 8171
30 1 2 226 0 119 Absence 2537
59 1 2 186 0 116 Presence 18
37 1 4 348 1 92 Presence 6933
40 1 1 188 0 120 Presence 2318
44 1 3 152 2 128 Presence 1201
29 0 4 187 1 111 Absence 5950
61 1 2 148 1 97 Presence 2670
51 1 4 333 1 162 Presence 7786
26 1 1 319 1 157 Absence 4619
73 0 1 254 1 152 Presence 9865
36 1 1 191 2 83 Presence 1075
32 1 3 283 2 153 Absence 3471
44 0 3 291 2 81 Absence 9753
30 1 2 202 2 112 Presence 5488
50 0 3 184 0 107 Presence 9075
69 1 2 171 1 115 Absence 1574
59 1 4 129 0 83 Presence 9762
45 1 1 313 0 137 Presence 3754
44 0 3 273 2 122 Absence 4671
30 1 2 190 1 80 Presence 479
31 0 2 218 0 138 Presence 8847
31 0 2 266 2 195 Absence 1689
29 0 3 211 1 78 Presence 7322
45 1 4 341 0 194 Absence 2305
72 1 4 157 1 129 Presence 55
39 0 2 163 2 106 Absence 504
32 1 1 203 2 179 Presence 8602
32 0 4 211 1 105 Presence 9982
58 0 2 193 0 165 Absence 832
33 1 3 204 0 82 Presence 5331
68 0 1 133 1 132 Presence 666
48 1 3 260 1 144 Presence 8230
46 0 1 297 2 72 Absence 4552
73 1 3 135 2 93 Presence 9626
43 0 1 178 2 179 Presence 2748
33 0 3 239 2 131 Presence 3996
68 1 1 320 0 161 Presence 7276
76 0 2 200 1 147 Absence 9944
50 0 1 165 1 169 Absence 8169
34 0 4 182 1 167 Absence 5424
68 1 4 285 1 120 Absence 8559
44 1 3 348 0 207 Absence 3629
44 1 3 298 1 134 Presence 5675
74 1 3 206 1 161 Absence 8534
34 1 3 310 1 166 Presence 62
37 0 3 339 0 167 Presence 6237
72 0 1 181 1 175 Absence 5379
41 0 4 266 2 138 Presence 6724
59 0 4 350 0 206 Presence 5558
56 1 3 264 1 106 Absence 7918
62 0 4 172 2 132 Absence 1900
26 0 2 334 1 205 Absence 8492
70 0 4 349 0 78 Presence 1517
41 0 4 253 2 195 Presence 3888
56 1 1 268 1 165 Presence 2380
65 1 4 328 0 93 Absence 5705
58 0 1 278 2 145 Presence 7902
26 1 1 166 1 138 Presence 4190
60 1 3 332 1 169 Presence 6150
56 0 2 243 1 83 Presence 4091
41 0 4 236 2 168 Absence 723
55 1 2 330 1 109 Absence 2241
76 0 3 164 1 195 Presence 9651
56 1 4 178 0 98 Presence 6729
77 1 2 343 0 200 Presence 5945
79 0 4 154 0 169 Presence 7464
38 0 4 315 0 140 Absence 4281
51 1 2 345 1 126 Presence 6644
68 0 4 251 2 87 Absence 9807
50 0 3 167 1 187 Absence 286
78 0 4 283 0 183 Presence 7521
56 0 4 142 2 122 Presence 5402
47 1 4 334 0 160 Absence 2603
33 0 3 234 0 170 Absence 8901
52 1 2 268 2 160 Absence 5626
62 1 2 129 0 95 Presence 6649
57 0 2 125 0 127 Absence 1419
56 1 2 321 2 185 Presence 2475
36 1 2 178 1 205 Presence 7625
27 1 2 150 1 117 Absence 5147
68 0 2 343 0 100 Absence 5349
54 0 4 229 0 131 Presence 5541
61 0 1 293 2 188 Presence 986
70 0 4 290 1 153 Absence 8854
39 1 3 259 2 112 Presence 3926
31 0 1 145 2 150 Presence 347
40 1 2 248 0 81 Absence 9069
30 1 1 144 0 112 Presence 1979
78 0 1 292 0 163 Presence 6719
73 0 1 131 0 191 Presence 603
62 0 2 311 0 112 Absence 5838
59 0 4 201 1 155 Absence 1809
38 1 1 323 1 82 Presence 5971
66 1 1 166 1 139 Presence 4494
79 0 2 150 1 207 Presence 4382
66 0 3 216 0 197 Absence 7730
37 1 2 146 2 102 Presence 3760
62 0 2 239 2 161 Presence 6720
26 0 1 163 0 206 Presence 3618
46 0 1 345 0 116 Presence 5405
71 1 1 330 0 159 Absence 4215
36 1 2 295 1 71 Absence 7732
35 1 1 174 1 109 Absence 711
57 1 2 226 1 167 Presence 3345
69 0 3 281 0 110 Absence 6623
57 0 1 161 1 196 Presence 1228
51 1 2 260 1 104 Absence 5835
71 1 1 313 0 73 Absence 8093
40 0 4 171 0 157 Absence 4446
47 0 4 163 1 204 Absence 2261
63 0 1 231 0 117 Absence 8775
25 0 4 272 1 156 Absence 6551
60 1 1 224 2 95 Presence 9942
44 1 4 322 0 90 Absence 9726
28 0 1 191 2 75 Absence 2911
70 1 1 163 2 126 Presence 557
79 1 1 251 2 160 Presence 6638
50 0 1 265 2 90 Presence 3662
32 0 3 306 1 75 Presence 9096
52 1 4 164 1 118 Absence 7720
76 1 1 246 2 143 Absence 1688
54 1 1 309 1 161 Presence 4693
26 0 3 256 0 159 Presence 5940
71 1 1 270 2 171 Presence 4350
58 1 2 291 1 133 Absence 5481
57 0 3 230 1 189 Absence 8902
27 0 3 303 2 141 Absence 5093
39 0 2 175 2 198 Absence 2574
52 1 2 170 0 177 Absence 3566
27 0 1 326 2 100 Presence 8022
76 0 2 198 1 200 Absence 1484
75 1 4 199 0 164 Presence 7704
32 1 1 145 0 152 Absence 2971
62 1 4 196 1 92 Presence 1135
39 0 4 182 1 75 Presence 4955
74 1 2 210 1 106 Presence 1846
35 1 4 257 2 198 Absence 6025
36 0 2 172 1 71 Presence 5168
36 0 1 194 1 148 Presence 6683
52 1 2 318 0 160 Absence 8638
74 0 1 153 2 200 Absence 6342
57 1 3 145 1 150 Presence 4641
36 0 4 138 2 132 Presence 4433
70 1 1 317 1 128 Presence 9822
67 0 2 265 0 114 Absence 3318
61 0 2 246 2 110 Presence 7189
62 0 4 328 2 206 Presence 7495
35 0 4 249 0 177 Presence 8540
55 1 3 259 2 172 Absence 2054
36 0 3 340 0 128 Presence 6779
50 1 2 207 1 162 Absence 1438
34 0 4 303 1 117 Presence 8302
69 1 4 218 0 100 Presence 3335
66 0 3 254 2 174 Absence 3245
51 1 2 250 0 141 Absence 9227
59 1 2 324 1 172 Absence 8159
41 0 3 221 1 139 Presence 9946
71 0 3 128 2 153 Presence 6178
51 1 2 155 2 135 Presence 8431
31 1 1 191 0 185 Presence 8194
75 0 4 346 1 170 Presence 4403
36 0 1 211 0 135 Presence 6229
65 1 1 300 2 113 Presence 9827
25 0 4 314 0 200 Presence 4030
71 1 4 130 1 191 Presence 7273
52 0 3 278 1 122 Absence 4741
79 0 4 279 2 113 Presence 7988
74 0 4 315 0 177 Absence 3469
53 0 4 339 2 78 Presence 1341
34 1 2 261 1 168 Presence 6701
49 0 4 268 1 178 Presence 7375
37 0 1 213 1 156 Presence 6197
36 0 3 313 2 102 Absence 9951
29 0 2 161 1 158 Absence 6241
58 0 2 218 0 153 Presence 9612
41 1 2 329 2 204 Absence 9241
63 0 1 131 1 196 Absence 7628
41 0 2 218 2 84 Absence 1296
43 0 2 183 1 80 Absence 1029
70 0 1 133 0 79 Presence 5934
59 0 1 166 2 122 Presence 1582
74 0 2 238 0 152 Absence 7867
49 0 1 320 1 163 Absence 1549
51 0 3 138 2 141 Absence 8288
57 1 4 238 0 73 Absence 2790
27 1 2 324 1 90 Presence 2104
33 0 3 321 1 200 Presence 3739
63 1 3 214 1 102 Presence 8655
71 1 3 345 2 84 Absence 969
41 1 1 288 0 176 Absence 7334
30 1 4 264 2 110 Absence 638
29 1 1 124 0 127 Absence 3879
71 0 2 164 2 72 Presence 6284
77 1 1 164 0 200 Presence 7049
37 0 4 178 0 205 Absence 2952
77 0 1 213 0 77 Absence 3514
60 0 2 169 0 172 Presence 1918
59 1 4 198 1 97 Absence 4998
28 0 3 227 0 180 Absence 9815
58 0 2 143 2 71 Presence 5206
47 0 1 125 0 101 Absence 2115
70 0 2 248 2 167 Presence 8394
31 1 1 126 1 173 Absence 8530
47 1 3 249 2 202 Absence 8770
39 0 1 322 0 118 Absence 4859
39 0 2 176 0 124 Presence 1643
26 0 1 247 0 173 Presence 1638
32 1 2 161 1 142 Absence 3316
50 1 1 251 1 79 Absence 8649
50 0 4 273 0 165 Presence 6573
31 0 1 206 1 132 Presence 7841
43 0 3 190 1 140 Absence 6750
66 1 3 178 1 126 Presence 8992
37 1 3 134 1 73 Presence 8483
65 0 4 190 1 185 Absence 6952
46 1 4 231 0 81 Presence 7715
45 0 2 230 0 114 Absence 3829
34 0 1 137 2 120 Presence 4911
50 0 4 329 0 113 Presence 9112
28 0 4 180 1 100 Absence 2802
66 0 2 245 0 161 Absence 4754
39 1 3 285 0 144 Presence 4829
73 1 1 188 2 192 Presence 399
49 1 2 170 2 117 Presence 3146
63 1 4 312 1 183 Absence 7019
25 1 2 224 1 106 Presence 1524
45 1 1 140 1 72 Absence 2456
38 0 1 247 2 132 Absence 4141
59 0 3 295 1 151 Absence 8338
28 1 4 243 0 193 Absence 7241
35 0 2 213 1 118 Presence 5594
27 0 1 261 1 208 Presence 5952
64 0 3 220 2 166 Presence 6277
31 0 2 325 1 81 Absence 9778
64 0 1 217 1 91 Absence 2927
63 1 1 314 1 176 Absence 8631
62 1 4 219 1 123 Presence 4802
68 0 4 255 2 165 Presence 3423
47 0 1 161 1 87 Presence 6702
42 0 1 204 1 171 Absence 8060
63 1 3 136 2 79 Presence 5471
54 0 4 234 0 125 Absence 92
64 1 3 194 1 139 Absence 6341
49 1 4 190 0 132 Presence 9853
69 0 2 211 1 115 Presence 3517
38 0 1 137 1 75 Presence 1141
25 1 2 186 0 160 Presence 6778
31 0 2 344 0 96 Presence 2586
78 1 2 151 0 159 Presence 359
26 0 1 336 2 76 Presence 752
28 1 2 158 1 86 Presence 9488
43 0 4 144 2 158 Absence 8343
36 1 3 288 1 159 Absence 7069
76 1 3 215 1 135 Absence 6679
67 1 3 262 1 208 Presence 709
59 1 1 235 0 123 Absence 8321
37 1 2 346 1 168 Absence 134
57 1 3 307 2 172 Absence 3677
32 1 3 153 1 163 Absence 2845
40 1 2 240 1 106 Absence 8391
52 0 1 167 2 70 Presence 1431
32 1 1 310 0 126 Absence 2080
46 0 2 309 0 155 Presence 5291
56 1 1 248 0 116 Absence 3026
29 0 2 195 0 133 Absence 7166
44 0 2 149 1 204 Absence 1934
45 0 2 349 2 81 Absence 4817
60 1 3 211 2 81 Presence 2864
31 1 4 290 1 151 Absence 9920
79 1 4 270 0 94 Presence 5258
68 1 2 120 0 132 Absence 8356
78 0 1 350 1 134 Absence 9828
56 1 3 320 0 92 Absence 1086
66 0 4 245 2 201 Presence 7725
27 0 3 250 1 77 Absence 5624
46 0 2 184 1 165 Presence 5185
73 1 1 238 0 92 Presence 3170
35 0 3 144 2 122 Presence 2830
78 0 4 257 2 132 Absence 8925
68 1 4 256 0 189 Presence 6405
37 1 2 288 1 162 Presence 7043
30 0 3 164 0 124 Absence 2464
63 0 2 250 2 200 Presence 5898
67 1 2 327 0 130 Absence 4134
70 0 4 307 2 169 Absence 8178
50 0 3 124 2 137 Presence 2394
49 0 2 265 2 113 Absence 3120
67 0 3 208 1 188 Absence 525
57 1 3 218 1 70 Absence 6635
49 1 2 231 0 143 Presence 3184
48 0 3 223 0 109 Absence 7750
73 0 3 180 1 191 Absence 8423
27 1 4 149 2 131 Presence 4601
73 1 1 159 2 208 Presence 4797
67 1 3 134 0 177 Absence 4082
65 0 4 291 2 70 Absence 3260
35 0 4 184 0 137 Presence 5865
56 0 3 216 2 104 Absence 8339
62 0 3 213 2 120 Presence 4747
44 0 4 216 0 124 Presence 1790
30 0 2 334 0 172 Presence 6715
57 0 1 281 0 129 Absence 5761
61 0 4 153 1 73 Presence 476
70 0 3 304 1 108 Presence 738
79 0 4 214 0 81 Presence 3102
51 1 1 174 0 169 Absence 8452
27 1 3 221 1 148 Presence 3910
68 0 1 171 0 191 Absence 2012
66 1 3 253 0 120 Presence 1215
51 1 4 196 0 198 Presence 6449
47 0 1 284 1 90 Absence 2316
33 1 3 158 1 114 Absence 3048
54 1 3 147 2 161 Presence 8024
28 1 3 202 0 110 Absence 302
63 0 3 199 2 70 Absence 7776
78 1 4 343 1 141 Absence 8612
41 1 2 165 0 136 Presence 9184
59 1 3 173 2 192 Absence 9028
43 1 2 143 0 90 Absence 1343
53 0 1 322 0 124 Absence 6270
78 0 4 124 2 87 Absence 966
25 1 2 120 1 96 Presence 4647
46 1 1 148 0 185 Absence 5148
59 1 4 137 2 154 Absence 6193
73 1 1 157 0 120 Presence 372
33 1 4 147 0 148 Presence 9318
77 1 2 250 0 186 Absence 696
45 1 1 229 1 204 Presence 3037
33 1 4 343 1 91 Absence 3042
77 0 4 127 2 116 Absence 2119
70 0 4 249 0 123 Absence 9513
56 0 2 138 2 193 Absence 2431
36 0 2 141 1 80 Absence 2691
37 0 3 189 1 133 Presence 2904
71 1 1 249 2 185 Presence 5958
65 1 4 256 1 202 Presence 1787
73 0 4 174 2 125 Absence 5232
72 0 4 215 1 76 Presence 261
76 1 1 127 1 137 Presence 1171
64 0 4 159 1 135 Presence 994
31 0 3 304 0 72 Absence 4166
50 1 1 129 0 164 Absence 2471
63 0 1 189 0 197 Absence 6746
62 1 3 308 1 165 Absence 3555
26 0 4 148 2 149 Presence 3911
75 1 4 334 0 84 Presence 1657
56 0 2 260 1 184 Presence 486
60 1 3 130 0 157 Absence 1645
62 0 2 301 0 122 Absence 8778
42 1 3 184 2 100 Presence 8349
61 0 1 126 2 209 Absence 9955
71 1 4 166 1 173 Presence 2479
36 0 3 134 1 198 Presence 6834
31 0 3 309 0 152 Absence 9474
77 1 2 266 0 168 Presence 8731
25 1 1 284 2 204 Presence 1161
73 1 4 211 0 139 Absence 4558
76 0 4 204 0 111 Presence 107
61 0 3 138 0 87 Presence 9933
72 1 2 332 0 153 Absence 4379
38 1 4 208 1 207 Absence 7169
25 1 3 275 2 107 Absence 8174
79 1 1 212 1 106 Presence 5782
32 0 4 284 1 189 Absence 6840
58 0 2 155 1 130 Presence 5852
69 1 3 194 1 88 Presence 2152
59 0 2 333 2 191 Absence 3663
45 1 3 145 2 152 Presence 7923
33 0 2 324 2 89 Presence 7182
42 0 1 138 2 199 Presence 5419
65 1 4 217 0 150 Presence 5446
53 1 2 343 0 188 Presence 2481
34 0 2 214 2 101 Absence 2734
61 0 1 335 2 153 Presence 6488
56 1 3 156 0 118 Absence 4222
29 1 1 251 2 107 Presence 7538
45 1 2 319 0 195 Presence 5075
25 0 2 204 0 196 Presence 4267
64 1 2 121 0 190 Absence 5609
60 1 3 302 0 109 Absence 635
59 1 1 305 0 77 Absence 7652
69 0 2 287 2 98 Absence 2434
29 0 1 196 1 116 Absence 7805
56 0 2 187 2 149 Absence 433
54 1 1 153 1 117 Presence 2879
77 1 2 166 1 73 Presence 2236
33 0 2 214 1 203 Presence 7036
56 0 2 242 1 164 Absence 1393
62 1 1 240 2 104 Presence 3058
59 0 4 331 1 90 Absence 5091
58 1 2 220 1 91 Absence 9687
34 0 1 252 2 106 Absence 2280
66 1 4 207 0 95 Presence 7489
48 1 4 198 2 160 Absence 6464
64 1 1 194 0 106 Absence 5469
63 0 2 157 1 186 Absence 6047
46 1 4 217 0 124 Presence 5802
57 0 1 160 1 103 Presence 9791
43 1 2 264 2 140 Absence 5430
78 1 1 336 2 128 Absence 5021
67 1 3 331 0 159 Presence 2576
37 0 1 125 1 126 Absence 306
70 1 2 311 2 105 Presence 4292
38 1 1 192 2 106 Absence 3225
38 1 1 145 2 141 Absence 3960
63 0 1 336 0 88 Presence 2862
73 0 2 153 0 170 Absence 6896
75 1 3 123 1 98 Presence 9196
47 1 1 225 0 122 Presence 6908
49 0 1 344 1 131 Presence 2213
49 0 4 241 1 154 Presence 7640
71 0 3 316 2 147 Absence 4764
29 1 4 142 0 193 Absence 8792
36 1 1 326 0 101 Presence 2023
30 1 4 232 0 152 Presence 8007
38 1 1 349 2 199 Absence 4415
36 1 1 148 0 186 Absence 6009
42 1 3 157 0 169 Presence 4110
56 1 4 230 2 149 Absence 6706
71 0 2 275 2 85 Absence 8898
67 1 3 215 2 75 Absence 2249
56 0 4 171 1 131 Absence 6043
35 0 4 194 0 116 Absence 7915
73 1 2 231 0 132 Absence 9153
39 0 1 135 0 137 Presence 6452
57 1 2 336 2 72 Presence 4421
47 1 3 142 0 72 Presence 892
43 1 3 343 1 72 Presence 8299
30 0 4 228 0 161 Absence 9274
44 1 2 281 1 174 Presence 30
29 0 4 131 1 127 Presence 9009
47 1 1 223 2 93 Presence 3845
66 0 1 140 1 88 Absence 7433
71 0 3 245 0 153 Absence 9719
41 0 3 234 1 86 Absence 6459
33 0 1 164 0 183 Presence 8405
58 1 2 183 2 162 Absence 4242
45 1 2 136 2 73 Absence 7103
38 0 4 296 2 82 Absence 1247
41 0 1 179 1 185 Presence 1812
73 0 2 290 0 162 Absence 7929
64 0 3 201 2 114 Absence 3599
73 0 4 277 1 85 Absence 6560
44 0 4 246 1 133 Absence 4101
56 1 4 306 1 77 Absence 1083
58 0 2 328 2 114 Absence 9041
26 0 4 141 1 91 Absence 8985
74 1 2 349 1 173 Presence 9211
70 1 2 306 1 108 Presence 3106
53 1 4 144 2 210 Absence 5947
59 1 4 215 2 103 Presence 8518
61 1 3 147 0 124 Presence 8275
54 0 4 271 1 178 Presence 2653
34 1 4 224 1 108 Absence 6824
67 0 1 303 2 171 Absence 3855
76 0 3 135 0 89 Presence 3204
73 0 2 236 2 105 Absence 6235
41 0 2 325 1 202 Absence 4219
77 1 3 133 2 196 Absence 9008
38 0 4 193 1 185 Absence 3180
63 0 1 166 0 72 Absence 6060
29 0 2 307 0 201 Absence 5721
64 1 4 277 2 93 Absence 213
55 0 3 127 0 119 Presence 9250
47 1 4 124 0 167 Presence 7577
73 1 1 278 2 139 Absence 3428
69 1 1 261 2 77 Absence 3876
54 1 4 270 2 204 Presence 1085
74 1 2 136 2 70 Presence 8968
54 1 1 229 0 138 Absence 3758
66 0 4 153 0 183 Presence 2983
26 0 3 201 0 76 Absence 2629
51 0 1 231 1 185 Absence 8965
75 1 3 281 1 187 Absence 7803
57 1 3 337 1 94 Absence 7529
75 0 3 236 0 203 Absence 6304
76 0 1 142 2 134 Presence 1306
77 1 2 154 0 187 Presence 2883
68 0 4 338 0 146 Presence 9286
37 1 1 212 0 146 Absence 1068
35 1 1 261 2 85 Presence 5908
38 1 1 177 2 169 Presence 1555
30 0 1 294 2 166 Absence 8926
32 0 3 195 1 203 Presence 5334
32 0 1 214 0 77 Presence 8248
60 1 3 134 0 113 Presence 5165
46 0 3 232 0 90 Absence 4230
63 1 3 225 1 144 Absence 7997
27 0 2 239 2 145 Absence 2635
50 1 4 233 1 131 Absence 1761
72 0 3 305 2 84 Absence 1594
55 0 2 275 2 117 Presence 7221
55 0 4 234 1 78 Presence 7238
62 0 1 224 0 117 Presence 5396
42 0 4 219 0 111 Presence 2518
26 1 4 296 1 144 Absence 3686
36 1 2 160 2 161 Presence 2094
79 0 1 242 2 105 Presence 4902
66 1 2 267 1 192 Presence 1006
45 0 1 161 1 116 Presence 4238
69 1 1 346 2 176 Absence 670
70 1 4 244 2 205 Absence 5855
43 0 2 286 2 74 Absence 8732
75 0 1 232 0 121 Presence 8953
43 0 4 198 1 127 Presence 3379
50 1 4 256 2 194 Absence 1782
39 1 1 290 0 150 Presence 4789
46 1 1 277 1 198 Absence 5713
46 1 4 239 2 196 Presence 9467
63 0 2 218 2 167 Presence 4999
26 1 3 123 1 99 Absence 9264
35 1 2 200 0 116 Absence 1840
68 0 2 276 0 148 Absence 9500
30 1 4 148 0 104 Absence 4678
52 1 4 177 2 98 Absence 797
32 1 3 146 2 194 Presence 7199
48 1 4 294 0 92 Absence 1868
39 1 4 239 1 129 Presence 3584
57 0 1 340 1 133 Presence 3032
70 1 3 312 2 160 Presence 5970
33 0 4 233 1 118 Absence 3800
72 0 2 197 0 71 Presence 9351
27 0 1 346 1 196 Presence 8880
48 0 3 279 1 86 Absence 6590
48 1 3 179 2 71 Presence 3804
54 0 1 209 1 184 Presence 7525
63 1 3 176 0 124 Absence 719
75 1 1 174 2 126 Absence 2095
42 1 4 201 2 173 Presence 337
71 1 1 280 0 151 Absence 5495
40 0 3 205 0 163 Presence 2582
37 1 2 198 0 90 Absence 2260
52 1 3 350 2 141 Absence 1826
67 0 1 239 2 159 Absence 5578
70 1 1 289 1 92 Absence 5646
40 0 3 348 1 113 Absence 1583
77 1 1 123 2 209 Absence 7061
60 0 3 197 2 165 Absence 8736
64 0 3 131 1 140 Absence 7874
26 1 2 125 1 202 Absence 9489
55 0 4 156 1 122 Presence 7830
72 1 2 288 1 187 Absence 6920
28 1 2 256 1 84 Absence 3263
29 0 1 151 2 205 Absence 1515
68 1 3 330 2 126 Absence 5955
53 1 4 338 1 160 Presence 4328
77 1 1 340 2 188 Absence 9640
40 0 1 262 1 77 Absence 1124
51 0 2 350 1 202 Absence 9836
40 0 2 298 2 135 Presence 6326
73 0 2 332 0 117 Presence 6714
43 0 4 135 1 95 Presence 237
47 1 2 129 1 196 Presence 2690
60 1 3 319 0 161 Presence 9460
57 0 4 184 0 199 Absence 6760
72 0 3 288 2 99 Absence 8923
65 1 2 242 1 92 Presence 5007
38 0 4 216 0 159 Absence 7132
70 1 4 140 2 188 Presence 4964
49 0 3 212 1 174 Presence 3746
37 0 1 318 2 73 Absence 3995
78 1 4 258 0 123 Absence 1928
41 0 4 323 1 158 Presence 4511
67 0 3 155 0 124 Presence 7504
59 1 3 187 0 111 Presence 1445
27 0 3 149 0 82 Absence 3631
42 1 4 163 0 130 Presence 450
59 1 3 143 0 81 Absence 9979
70 0 1 287 2 149 Absence 8033
34 1 3 273 2 113 Presence 9363
43 1 3 185 0 101 Absence 2476
53 1 3 282 0 95 Presence 1337
42 0 3 185 2 156 Presence 7444
64 1 3 303 0 125 Absence 4765
79 1 4 289 1 109 Presence 9530
53 0 2 228 1 101 Absence 3477
27 1 3 300 2 134 Absence 1871
27 1 1 258 2 176 Absence 8776
27 1 2 248 1 79 Presence 1604
57 1 4 346 0 80 Presence 6023
32 0 4 149 1 143 Presence 6771
72 1 3 171 1 85 Presence 3242
59 0 3 309 0 196 Presence 912
73 0 1 279 1 136 Presence 1056
39 1 3 191 0 182 Absence 5800
79 0 2 283 0 115 Presence 2060
69 0 2 226 2 86 Absence 1811
68 0 2 132 1 114 Absence 9905
35 1 2 173 0 144 Presence 315
59 0 3 318 1 203 Presence 5106
60 0 3 336 0 126 Presence 4265
31 0 2 236 2 204 Presence 6865
43 0 4 348 2 150 Absence 3293
54 0 3 134 1 161 Presence 4929
53 1 4 207 2 91 Presence 7815
54 0 4 150 2 160 Absence 2228
43 0 1 161 1 78 Absence 2283
39 0 1 230 0 76 Absence 8921
37 0 3 290 2 96 Absence 3861
56 0 1 217 0 152 Absence 2435
31 1 4 210 0 133 Presence 4160
75 0 2 182 0 101 Absence 9435
34 1 4 120 1 201 Absence 8706
68 1 2 138 0 123 Absence 4352
61 0 3 281 1 97 Absence 5390
74 1 1 345 1 102 Presence 6000
70 0 1 131 0 141 Absence 829
76 0 3 278 0 142 Absence 1395
71 0 4 293 2 167 Presence 7237
56 0 3 336 0 105 Absence 2550
30 0 1 333 2 90 Absence 9490
60 1 3 279 1 173 Presence 8539
30 0 2 175 2 183 Presence 6447
58 1 4 305 1 100 Absence 4418
30 0 4 185 2 186 Presence 2914
76 1 2 253 1 81 Absence 2445
69 0 1 164 1 90 Presence 8600
57 0 4 323 2 79 Absence 6730
44 0 2 330 2 169 Absence 171
52 1 1 306 1 202 Presence 3897
60 1 1 244 0 151 Absence 1291
58 1 2 269 2 87 Presence 9718
53 1 4 234 2 175 Presence 4808
40 1 1 310 0 147 Absence 256
50 1 4 316 2 165 Absence 5830
78 1 1 127 0 147 Presence 1807
33 1 4 181 1 201 Presence 5655
45 0 3 193 2 206 Presence 1148
54 1 3 349 0 141 Presence 838
27 1 2 240 1 151 Presence 211
35 1 1 272 2 101 Absence 5166
75 0 2 246 1 178 Absence 5637
59 1 2 178 1 99 Absence 2310
41 1 4 326 1 89 Absence 9585
35 0 1 177 0 155 Presence 7288
50 1 3 201 1 138 Presence 8564
44 1 1 312 2 152 Presence 910
69 0 2 196 2 189 Presence 2354
51 0 1 141 0 101 Presence 7558
61 1 2 319 2 123 Presence 1703
72 0 2 242 1 107 Absence 9360
71 1 1 127 0 177 Absence 5614
48 0 4 189 2 199 Presence 3615
35 0 3 228 1 117 Absence 5730
72 1 1 142 1 99 Absence 8688
43 0 1 181 2 82 Presence 9613
26 1 3 296 0 118 Absence 9128
39 0 1 237 1 135 Presence 9299
61 1 4 134 2 101 Presence 6158
78 0 4 234 2 117 Presence 3719
66 0 2 312 1 180 Absence 620
73 0 3 206 1 201 Presence 5746
52 1 1 145 1 140 Absence 9273
29 1 2 148 0 96 Absence 1058
70 0 1 120 1 148 Presence 8221
64 1 1 247 1 165 Absence 4039
39 0 4 136 0 136 Absence 8020
67 0 4 297 0 104 Absence 9432
61 0 4 323 1 190 Absence 7934
32 1 4 328 0 107 Presence 6221
43 1 4 239 2 103 Absence 8532
78 1 4 309 1 189 Absence 2595
52 1 3 252 1 124 Absence 5960
30 0 3 181 2 176 Presence 6301
60 0 2 294 0 138 Absence 1310
58 1 3 257 2 186 Absence 4931
39 0 3 154 2 80 Presence 4870
41 0 3 227 1 170 Presence 1775
61 1 3 282 0 155 Presence 6671
31 0 4 164 1 97 Presence 6343
73 0 2 173 0 158 Presence 2220
46 0 1 172 0 182 Presence 8771
64 0 3 185 0 113 Presence 3400
28 1 2 150 0 200 Presence 1019
59 0 1 238 0 137 Presence 1403
70 0 1 304 0 191 Absence 5455
32 1 2 238 0 167 Absence 611
64 0 1 344 1 126 Absence 8217
51 1 1 286 2 121 Absence 5278
62 1 3 216 2 188 Presence 2189
58 0 1 249 0 162 Absence 7779
47 1 2 125 2 147 Absence 1563
44 1 2 299 2 136 Presence 7204
38 0 3 301 2 163 Absence 9039
49 1 4 274 1 120 Absence 429
48 0 3 252 0 121 Presence 6264
60 1 3 350 2 80 Absence 6312
53 1 2 295 1 87 Presence 9928
77 1 3 296 0 147 Presence 9547
44 0 2 336 2 154 Absence 4109
66 1 1 308 1 104 Presence 3407
52 1 3 326 2 86 Absence 2735
57 0 2 182 2 169 Presence 2110
75 1 2 220 2 133 Presence 4739
71 0 2 179 0 153 Absence 4807
46 1 3 219 1 185 Absence 2173
37 0 1 155 1 71 Presence 7474
44 1 2 314 1 197 Presence 3664
67 0 1 240 1 73 Presence 8368
32 0 2 174 2 132 Presence 8889
56 1 3 205 2 88 Presence 3093
59 1 4 293 2 70 Absence 1530
60 0 2 256 0 204 Absence 3955
70 1 4 255 2 70 Presence 5195
39 1 3 256 1 112 Absence 2177
54 0 4 248 0 145 Absence 4009
71 1 3 253 2 195 Absence 571
44 0 2 171 1 148 Absence 7524
56 0 3 248 1 204 Absence 9356
54 1 1 257 2 200 Absence 2478
56 0 4 305 1 158 Absence 5999
27 0 2 206 0 99 Absence 4332
65 0 1 208 2 86 Absence 8470
63 0 2 263 1 205 Absence 9420
58 1 2 131 1 191 Presence 205
70 0 2 325 0 189 Presence 2733
59 0 1 345 1 174 Absence 5142
27 1 4 205 2 78 Absence 2764
51 0 3 282 1 88 Absence 1901
31 0 2 345 1 85 Presence 3071
30 1 4 258 2 164 Presence 2859
66 1 1 168 0 75 Presence 8013
70 1 4 213 2 141 Absence 9657
47 0 1 326 1 88 Presence 4591
43 0 1 243 0 129 Presence 4139
47 1 3 226 1 191 Absence 605
28 0 2 337 2 150 Absence 3737
29 0 1 342 1 191 Presence 901
52 1 3 324 0 153 Presence 4811
61 0 4 137 0 86 Presence 3533
71 0 2 274 1 152 Absence 3907
68 0 4 125 2 75 Presence 1245
71 1 3 205 0 185 Presence 2900
65 1 2 277 0 147 Absence 6236
70 1 1 337 2 206 Presence 2600
65 0 2 245 0 194 Presence 1780
38 0 1 244 2 186 Presence 9282
60 0 2 258 0 80 Presence 7101
79 0 4 121 0 194 Presence 794
60 0 4 129 1 85 Absence 357
58 1 3 147 2 208 Absence 3360
48 1 2 325 1 171 Presence 2424
25 1 2 217 2 204 Presence 6986
37 1 3 296 0 127 Absence 6591
25 1 2 338 1 160 Absence 7430
51 1 1 215 0 98 Absence 4736
70 1 1 143 0 149 Absence 3132
25 0 4 234 0 84 Absence 1381
67 0 2 217 2 139 Absence 3693
31 0 3 336 1 121 Presence 4203
73 0 2 147 2 166 Presence 9523
70 0 1 287 1 203 Absence 6243
37 0 2 244 2 180 Absence 7142
63 1 2 341 2 75 Presence 1130
59 0 1 198 1 132 Presence 6373
36 1 3 135 2 128 Presence 4420
61 0 1 308 0 198 Presence 9599
37 0 2 199 2 183 Absence 8107
62 0 3 308 0 202 Absence 2458
75 1 3 186 1 119 Presence 1598
67 0 2 232 2 148 Absence 4469
51 1 4 268 2 106 Absence 9396
37 0 1 255 0 126 Absence 7146
33 0 2 274 2 119 Presence 9179
31 1 2 150 0 130 Absence 3035
47 0 4 219 2 183 Presence 6238
72 1 1 346 1 137 Presence 9224
64 0 2 238 1 78 Presence 196
75 0 3 243 0 183 Presence 4232
25 0 1 165 1 75 Absence 8270
59 1 1 226 2 176 Presence 4792
25 1 3 214 1 107 Absence 1719
78 1 2 314 2 188 Absence 9911
72 0 3 347 0 84 Absence 2556
43 1 2 256 1 161 Absence 4273
63 0 1 251 0 201 Presence 5261
57 1 3 277 2 209 Presence 9181
37 1 4 197 0 113 Absence 2162
27 1 1 168 0 159 Presence 4884
28 0 1 203 2 198 Presence 541
36 0 3 219 0 155 Presence 7174
32 1 3 338 2 83 Presence 7606
41 0 2 344 2 194 Presence 4652
62 0 2 322 1 88 Absence 6254
33 0 1 175 0 73 Presence 5707
27 0 3 129 0 193 Presence 2855
62 0 3 199 0 178 Absence 4850
28 0 2 347 1 182 Absence 4026
79 0 3 341 1 151 Absence 889
71 0 2 314 1 182 Presence 9080
51 1 2 184 2 84 Absence 1540
32 0 3 296 2 170 Absence 9672
69 1 2 270 0 170 Presence 8101
46 1 3 237 1 176 Absence 9972
61 1 3 336 2 112 Absence 7590
49 1 1 160 2 105 Presence 2742
63 1 1 253 2 118 Absence 4519
34 0 4 129 1 170 Absence 3179
71 0 2 150 1 165 Absence 2304
71 0 2 196 2 202 Absence 3329
78 1 1 342 0 194 Absence 7840
71 0 3 321 1 175 Presence 110
77 0 3 224 2 126 Absence 2515
55 1 3 184 1 90 Presence 4120
28 0 1 292 1 161 Presence 4920
31 0 1 179 2 150 Absence 4957
60 1 1 231 1 138 Presence 9292
51 1 2 137 1 106 Presence 2536
68 1 1 305 2 191 Presence 9717
31 0 4 339 0 197 Absence 5674
43 1 4 181 0 102 Presence 3862
34 1 2 312 2 146 Absence 3761
57 0 2 304 1 164 Presence 8397
57 1 2 289 2 176 Absence 2822
26 1 1 201 2 175 Presence 793
59 1 1 179 2 126 Presence 2382
29 0 3 187 1 116 Presence 2641
51 1 2 122 2 84 Absence 4709
45 1 4 286 0 200 Presence 1962
44 0 3 231 1 80 Absence 2503
66 1 4 312 2 108 Absence 9930
51 0 4 221 0 175 Absence 2935
50 0 2 161 2 85 Presence 5793
57 0 2 249 2 85 Absence 6153
78 0 1 121 2 103 Absence 4244
52 0 1 325 2 186 Absence 2109
65 1 2 327 0 165 Absence 8989
49 0 4 193 1 178 Presence 4346
74 0 3 193 1 114 Absence 4076
50 0 4 269 0 132 Presence 7886
53 0 2 250 0 111 Presence 5226
43 1 1 125 1 139 Presence 4438
50 1 4 138 1 133 Absence 3773
58 1 3 175 1 119 Presence 8377
32 0 3 331 1 205 Presence 3279
42 1 3 207 0 86 Presence 5916
78 1 4 268 0 85 Presence 2174
67 0 3 295 0 132 Absence 3805
66 0 4 152 1 135 Presence 556
47 1 3 157 0 72 Presence 4628
32 0 3 309 0 172 Presence 5895
45 1 1 274 2 90 Absence 1587
30 0 2 310 0 107 Presence 7211
65 0 2 256 0 75 Presence 7382
75 0 4 266 2 210 Absence 8365
33 0 3 235 0 78 Presence 4627
73 1 2 311 1 108 Absence 7058
68 1 3 251 0 98 Absence 4697
45 0 3 136 2 191 Presence 9541
27 1 4 192 0 146 Presence 2780
43 0 1 229 2 86 Absence 3844
30 1 4 142 0 145 Presence 8793
27 1 2 332 0 76 Absence 7205
45 1 1 299 1 109 Presence 6565
42 1 3 176 1 103 Absence 6806
74 1 1 212 2 80 Presence 8016
68 1 2 194 2 99 Absence 6717
44 0 2 240 2 116 Presence 5242
25 0 3 332 2 106 Absence 5324
49 1 1 146 2 186 Presence 326
64 1 1 195 0 111 Absence 7813
76 1 1 217 2 118 Absence 2866
42 0 2 154 0 167 Presence 8276
52 1 4 251 1 114 Absence 9997
58 0 3 166 2 188 Presence 7751
57 1 2 218 0 176 Absence 8730
31 0 3 220 1 114 Absence 4909
41 0 3 222 2 80 Presence 8753
62 1 3 300 1 190 Presence 8971
62 0 3 257 0 164 Presence 7263
40 1 1 345 1 149 Presence 6496
68 1 1 282 0 185 Absence 4255
60 1 4 326 1 123 Presence 2825
48 0 2 350 1 180 Presence 6593
71 0 4 182 1 208 Absence 1843
71 0 2 212 1 152 Presence 4340
44 1 2 208 2 104 Absence 3434
67 0 3 350 1 184 Absence 971
70 0 1 176 1 195 Presence 9220
74 0 2 298 0 140 Presence 5368
40 1 4 264 2 180 Absence 8133
49 0 2 318 0 159 Absence 4893
75 0 2 178 2 71 Absence 7844
60 0 2 321 0 99 Presence 158
60 0 3 159 0 163 Presence 74
66 0 2 304 1 83 Absence 5915
52 0 3 207 0 136 Absence 7001
32 1 2 255 1 126 Presence 9242
33 1 4 302 0 88 Presence 8103
42 0 1 323 2 142 Absence 9275
40 0 1 190 2 77 Absence 4535
54 0 4 134 0 180 Absence 8374
39 1 2 180 0 164 Presence 2710
47 1 4 332 0 140 Presence 3539
39 0 4 219 2 163 Presence 1964
51 1 3 162 1 191 Presence 2088
39 1 4 288 1 155 Absence 4524
54 0 2 338 1 102 Presence 1225
41 0 2 210 0 171 Absence 6194
58 1 4 218 0 92 Absence 9333
75 0 3 140 2 204 Presence 5115
30 1 3 328 2 192 Presence 2852
75 0 4 263 2 210 Presence 3475
65 1 2 177 0 140 Presence 3149
27 1 3 317 0 187 Presence 3366
76 1 4 132 2 130 Presence 5497
42 0 1 197 1 109 Absence 1881
46 1 4 303 0 74 Absence 1473
70 0 3 274 0 201 Absence 501
60 0 2 215 0 207 Presence 9592
63 1 4 179 2 143 Presence 1423
46 1 2 236 2 152 Presence 8162
76 1 3 236 1 84 Presence 2936
57 0 3 283 0 102 Absence 7642
27 1 4 292 0 208 Absence 2528
47 1 3 127 2 80 Presence 8712
31 1 4 280 0 133 Presence 3490
60 0 3 177 0 172 Absence 5537
65 1 4 157 2 155 Absence 9722
57 0 2 143 0 87 Absence 3175
49 1 1 232 0 137 Absence 2423
60 0 3 198 0 99 Presence 4370
50 1 4 201 0 85 Absence 6360
74 1 1 243 1 156 Absence 2728
45 0 4 143 2 181 Presence 540
70 0 3 211 1 175 Presence 5006
32 0 1 181 2 98 Absence 6376
25 1 2 289 0 92 Presence 4805
39 1 4 128 1 131 Absence 3190
62 0 4 325 2 90 Presence 5229
34 1 1 261 1 207 Absence 9277
43 0 2 215 0 174 Absence 6146
74 0 3 172 1 70 Presence 48
37 1 2 301 2 105 Absence 6083
73 1 1 273 1 162 Absence 4336
67 1 2 257 2 137 Presence 725
31 0 4 217 0 113 Presence 3304
36 1 4 149 2 199 Absence 1304
51 0 3 203 1 116 Absence 2524
32 0 2 264 0 145 Absence 4879
27 1 1 343 0 190 Presence 1127
69 1 2 199 1 89 Absence 9419
77 1 1 233 1 203 Absence 138
40 0 2 318 2 199 Presence 9862
37 1 1 202 2 78 Presence 5463
67 0 1 282 2 106 Presence 6871
67 1 3 206 0 114 Presence 2771
42 1 2 251 0 107 Absence 6175
72 1 1 191 1 139 Absence 5680
50 1 4 120 1 97 Absence 1508
57 0 1 144 1 72 Presence 1708
42 0 3 183 2 88 Absence 8875
27 1 2 190 1 146 Absence 7270
31 0 4 200 2 161 Presence 4202
35 1 2 139 1 207 Presence 6062
78 0 1 212 2 101 Absence 2291
39 0 1 306 0 87 Absence 3159
78 1 3 225 1 134 Presence 9032
77 0 3 260 2 104 Presence 3371
79 0 1 335 0 162 Absence 7560
55 1 2 291 1 78 Presence 2552
47 1 3 191 1 85 Absence 2499
43 1 2 206 2 87 Presence 8097
55 1 1 212 1 104 Absence 3104
30 1 4 120 0 127 Absence 6287
51 1 1 152 2 201 Presence 1557
34 1 4 191 2 152 Presence 4330
64 0 4 245 2 165 Absence 1264
71 0 1 262 2 181 Absence 6517
68 1 3 122 2 109 Presence 8277
68 0 3 301 0 152 Absence 7925
65 1 3 288 1 76 Presence 8787
33 0 4 349 1 94 Absence 2219
51 1 4 135 0 99 Presence 2075
47 0 4 196 1 163 Presence 493
38 1 4 155 0 192 Absence 4035
74 1 4 162 2 126 Presence 9575
33 0 3 241 2 135 Presence 8440
49 1 2 168 2 111 Absence 7785
45 0 3 257 2 80 Absence 6323
42 1 2 191 1 150 Presence 7361
45 0 2 245 1 130 Presence 5556
43 0 1 252 1 199 Absence 607
44 0 3 313 0 180 Presence 2240
68 1 2 197 0 197 Presence 1342
33 1 1 333 1 184 Presence 8767
76 0 1 327 1 203 Presence 3747
39 0 3 220 2 164 Absence 207
57 0 2 318 0 85 Presence 7258
48 1 1 350 1 176 Absence 8599
49 0 4 168 0 136 Absence 8472
40 1 1 210 1 131 Presence 5973
54 1 1 130 1 91 Absence 9995
63 1 1 141 0 196 Absence 677
39 0 1 252 2 170 Presence 9847
68 1 4 120 1 115 Absence 581
57 0 3 259 0 100 Absence 3880
55 0 1 128 2 81 Absence 6272
36 1 4 151 0 197 Presence 1372
25 1 1 335 1 150 Absence 5765
43 0 1 266 2 133 Presence 9924
53 0 1 167 0 135 Presence 8551
49 1 3 260 2 87 Absence 3186
51 0 1 320 2 136 Absence 8080
72 1 4 216 2 102 Presence 6072
41 1 2 228 2 187 Presence 701
68 1 1 125 2 107 Presence 7028
51 1 3 288 0 198 Presence 6622
34 1 2 340 0 208 Presence 4212
48 0 2 322 1 84 Absence 908
39 1 1 227 2 181 Presence 9983
68 1 4 122 2 192 Absence 2207
30 0 4 157 2 131 Presence 6899
62 0 2 182 2 79 Presence 3103
42 0 2 211 0 157 Presence 4221
37 1 3 201 1 174 Absence 4042
73 1 2 331 1 95 Presence 9301
32 0 3 149 2 201 Absence 5453
44 0 1 131 1 185 Presence 6942
32 0 4 318 2 166 Absence 1092
77 0 3 175 2 120 Absence 236
55 1 3 319 1 170 Absence 1716
49 1 1 160 0 75 Absence 2373
65 0 4 238 1 200 Presence 8917
53 0 3 265 0 92 Presence 8437
31 1 4 247 2 75 Absence 8832
52 1 2 308 2 161 Presence 6749
55 1 2 346 1 198 Absence 7013
31 1 1 176 0 89 Presence 2543
30 1 4 199 0 72 Presence 2811
47 0 4 252 2 178 Presence 3502
61 1 2 226 2 190 Presence 6114
47 0 4 256 2 172 Absence 804
25 0 2 301 0 157 Presence 3998
55 1 4 156 0 136 Absence 6654
25 0 3 244 2 146 Presence 2495
29 1 3 217 1 110 Absence 5296
66 1 3 276 2 73 Absence 2151
68 1 1 178 1 124 Presence 8549
48 0 1 320 1 115 Absence 955
36 1 3 315 0 169 Absence 6045
33 0 3 313 2 111 Presence 2725
66 0 4 128 0 98 Presence 15
44 0 4 191 0 106 Presence 6924
35 1 2 138 0 173 Absence 5889
37 0 4 278 2 86 Absence 5938
61 1 2 170 1 73 Presence 6874
29 1 3 349 0 129 Presence 705
50 1 4 277 1 108 Presence 4452
41 0 2 209 1 73 Presence 8689
40 1 3 330 0 97 Absence 6696
68 0 3 349 2 73 Absence 6027
74 0 1 128 0 168 Absence 409
33 1 4 279 1 112 Absence 9960
48 1 2 136 0 130 Presence 5924
44 0 3 248 1 95 Absence 4182
73 1 2 170 1 206 Absence 4941
74 0 2 121 0 163 Absence 7094
34 0 3 340 2 82 Presence 9158
56 0 1 189 0 193 Absence 7105
75 0 1 257 2 203 Absence 353
59 1 4 161 1 102 Presence 224
32 1 2 239 0 87 Absence 9751
54 1 1 277 1 159 Absence 6514
36 1 1 205 0 86 Presence 6807
45 1 4 328 1 186 Presence 3395
34 0 2 333 2 142 Absence 1620
32 1 4 317 1 121 Absence 6374
31 1 1 200 2 100 Absence 6890
47 1 1 242 2 153 Presence 6286
68 1 1 346 2 165 Absence 4391
56 1 2 237 0 138 Presence 749
28 0 2 193 2 193 Absence 9935
36 1 2 165 0 100 Absence 7795
56 0 2 291 0 208 Absence 4751
40 1 3 338 2 178 Presence 7598
67 0 3 299 0 183 Absence 9704
54 1 4 334 1 185 Absence 1350
73 0 3 225 0 164 Presence 3551
75 1 1 260 1 160 Presence 6386
28 1 2 298 1 93 Absence 3441
34 1 3 283 2 185 Absence 8456
36 1 4 209 0 85 Presence 7657
47 0 4 120 2 110 Presence 4680
66 1 4 263 1 144 Presence 4079
39 1 3 156 0 148 Presence 4429
44 0 3 323 0 130 Absence 7563
77 0 1 325 0 127 Absence 8598
41 1 1 222 1 113 Presence 3134
53 0 4 350 2 127 Absence 2297
70 1 4 288 0 206 Absence 1333
58 1 4 242 1 150 Absence 1624
64 1 1 215 1 178 Presence 406
79 1 2 242 0 88 Absence 4636
49 0 4 300 0 149 Presence 8301
78 1 4 191 0 127 Absence 8708
41 1 4 186 0 192 Absence 3081
78 0 3 261 2 151 Absence 8396
27 0 4 168 2 207 Absence 2436
59 1 4 232 1 94 Absence 4714
69 0 3 262 0 154 Absence 5903
63 0 3 224 2 93 Absence 6544
51 0 2 258 1 104 Presence 9335
39 1 1 239 1 204 Absence 1159
49 0 4 275 0 189 Presence 8960
39 0 1 205 1 125 Absence 1052
39 1 2 286 0 72 Presence 6925
30 0 2 263 1 151 Absence 9923
73 1 2 224 1 162 Absence 2997
25 0 3 203 0 191 Absence 6910
38 0 2 347 1 134 Absence 1340
61 1 4 326 0 138 Absence 7585
56 1 4 227 1 83 Presence 7310
42 0 1 133 0 183 Absence 2631
74 0 2 245 1 123 Presence 5071
73 0 3 122 0 153 Absence 2621
44 0 2 276 1 197 Absence 2817
35 1 2 226 0 207 Absence 6190
79 1 3 130 1 123 Absence 7693
45 0 3 277 2 194 Presence 6217
39 0 3 222 0 202 Absence 8345
31 1 4 155 0 138 Absence 3495
39 0 4 256 0 204 Absence 5319
43 0 1 149 1 146 Presence 9812
58 1 2 245 1 111 Absence 2234
30 0 1 310 1 95 Presence 1539
40 0 4 145 2 95 Presence 8137
67 1 3 173 2 192 Presence 3568
64 1 4 184 2 207 Presence 8499
60 1 4 133 0 209 Presence 7733
63 0 4 316 2 175 Presence 1585
26 0 3 150 1 209 Presence 7566
45 1 4 316 1 144 Presence 4217
54 1 2 200 0 109 Presence 6693
36 1 4 161 1 102 Presence 3500
77 1 3 266 2 113 Absence 1572
47 1 2 193 1 90 Presence 7202
48 0 3 159 1 179 Presence 4106
73 1 4 228 1 106 Presence 7771
47 0 3 256 2 75 Presence 524
77 1 4 233 1 124 Presence 2872
78 1 1 176 2 162 Presence 506
32 0 1 188 0 110 Absence 8312
74 1 1 221 2 140 Absence 3111
69 1 3 170 2 97 Presence 6911
78 0 1 266 1 82 Presence 3538
59 0 1 160 2 88 Presence 1414
70 0 4 181 2 190 Absence 7685
76 0 3 268 2 210 Presence 7706
47 1 4 315 2 200 Absence 4258
36 0 2 283 1 129 Absence 5552
54 1 4 176 2 73 Absence 734
25 0 4 122 2 156 Presence 2232
49 1 3 294 2 73 Presence 6490
78 1 4 217 1 206 Absence 7510
25 0 4 294 0 111 Absence 9831
65 1 2 297 1 99 Presence 7709
68 1 4 325 2 89 Absence 5856
36 1 2 207 1 147 Presence 5661
41 0 2 168 2 201 Absence 119
59 0 2 147 2 190 Presence 7872
25 1 3 334 1 92 Absence 8949
79 1 1 281 1 127 Presence 342
47 1 4 134 1 169 Presence 1223
41 0 1 254 1 89 Presence 352
50 0 1 312 2 209 Presence 4262
79 1 4 145 2 200 Presence 5536
64 1 4 159 0 133 Absence 1338
73 1 4 305 1 158 Presence 7157
40 1 1 121 2 90 Presence 6258
27 1 3 187 0 82 Presence 10
61 0 4 246 0 165 Absence 6522
45 0 1 120 0 204 Presence 7714
56 1 3 158 0 179 Absence 6513
58 0 2 136 1 197 Presence 3172
52 0 3 334 0 100 Presence 8166
65 1 2 163 1 139 Presence 5957
68 1 4 236 2 182 Absence 9035
33 0 3 213 0 134 Absence 7293
36 0 2 335 2 203 Presence 4397
50 1 2 291 1 196 Absence 9077
33 1 2 336 2 98 Absence 1739
62 1 4 164 2 184 Presence 7259
67 1 2 348 0 88 Absence 636
27 0 1 169 0 186 Absence 7413
68 1 2 295 2 186 Presence 6359
64 0 1 285 0 78 Presence 2474
72 1 1 155 1 176 Absence 7671
32 1 4 346 2 152 Presence 4657
59 0 4 294 1 170 Presence 2301
52 1 3 258 2 123 Absence 4551
42 1 4 196 0 106 Presence 7505
44 1 1 182 2 193 Presence 8089
72 0 2 222 0 181 Presence 121
43 1 4 130 0 110 Absence 2031
52 1 1 275 1 180 Presence 1121
28 1 3 176 1 138 Absence 4607
62 1 4 209 0 167 Absence 5820
70 1 4 270 0 193 Presence 2120
50 0 2 270 0 136 Presence 3801
77 0 4 218 0 208 Presence 14
77 1 3 210 1 73 Presence 6200
72 1 2 280 1 104 Absence 6983
66 1 4 347 1 81 Presence 3990
52 0 1 191 0 192 Presence 354
43 1 1 147 2 147 Presence 4956
72 1 3 333 2 149 Presence 9734
25 0 1 186 0 108 Presence 9711
31 0 3 194 2 163 Presence 9049
55 1 1 284 2 105 Absence 9383
72 1 3 318 0 145 Absence 3627
70 1 4 126 2 203 Presence 4177
66 0 3 201 1 92 Absence 6012
33 0 3 260 1 148 Presence 6232
63 1 4 260 0 118 Presence 1830
66 1 4 242 0 140 Absence 253
31 1 2 136 0 93 Absence 6949
27 1 3 121 0 88 Presence 1961
53 1 4 278 2 110 Presence 373
68 1 3 249 0 97 Presence 6929
29 0 3 343 0 165 Presence 7976
56 1 1 329 2 145 Absence 8096
68 1 3 311 0 158 Presence 69
56 0 1 227 0 89 Absence 2529
26 1 2 253 1 184 Absence 3276
28 0 2 223 1 178 Presence 5290
76 1 3 187 1 162 Presence 1729
79 1 2 170 0 74 Absence 4499
76 0 2 265 2 151 Absence 2198
55 0 2 253 0 142 Presence 5277
42 0 2 149 2 139 Absence 879
75 0 1 312 0 184 Absence 6495
43 0 2 168 0 114 Absence 9682
49 0 4 297 1 178 Presence 1902
73 1 2 134 0 206 Presence 5676
50 0 4 147 1 178 Absence 6106
70 1 1 342 1 203 Absence 4725
60 1 3 292 0 106 Presence 9291
59 1 1 245 0 113 Presence 8206
56 1 4 240 2 160 Absence 5827
26 0 1 125 0 161 Absence 6183
61 0 3 326 2 165 Presence 6029
43 1 2 238 1 87 Presence 9302
59 0 4 318 0 166 Presence 383
53 0 1 173 2 141 Absence 8296
43 1 3 260 2 194 Absence 7769
67 1 4 215 2 165 Presence 2842
77 1 3 280 2 106 Presence 8447
33 0 3 268 2 83 Presence 4826
71 0 1 192 2 133 Absence 7190
76 1 4 308 2 190 Absence 6956
75 1 1 307 2 101 Absence 8478
78 1 3 287 2 149 Presence 4972
47 1 3 268 2 112 Absence 3152
76 0 2 294 1 96 Absence 3774
66 1 3 248 2 133 Presence 5714
28 0 2 308 0 178 Absence 4718
42 1 3 308 0 140 Absence 1321
48 1 2 240 2 97 Presence 8979
33 1 2 177 2 183 Absence 2111
76 1 2 186 0 157 Absence 6185
34 1 1 291 2 83 Absence 2263
51 0 1 239 1 109 Presence 9882
33 1 3 203 2 143 Absence 733
63 0 3 214 2 99 Absence 6064
58 1 3 193 1 98 Presence 5635
46 1 2 227 2 157 Absence 7740
63 0 2 260 0 94 Absence 284
27 0 2 124 1 180 Absence 1464
28 1 4 189 2 177 Presence 1136
79 0 2 146 1 153 Presence 6020
62 1 2 228 0 100 Presence 7004
71 1 4 309 2 163 Absence 5231
45 1 1 158 0 166 Presence 5752
63 0 4 195 1 147 Presence 7303
39 1 4 211 0 80 Presence 6485
39 1 3 223 1 190 Absence 95
74 0 3 309 1 175 Absence 8069
66 1 1 300 2 77 Absence 2199
56 0 3 183 0 107 Presence 1534
33 1 2 271 0 142 Presence 6759
43 1 4 285 2 158 Absence 9852
74 1 2 210 2 117 Absence 5613
40 0 3 257 0 180 Absence 6569
28 0 3 316 2 80 Presence 4032
55 1 1 152 2 127 Absence 7207
36 1 3 215 2 104 Absence 629
60 0 2 262 0 194 Presence 9479
30 1 3 286 1 129 Absence 7890
36 0 3 239 2 112 Presence 9529
45 0 1 172 2 203 Presence 1175
27 1 2 278 0 166 Absence 654
46 1 1 202 1 78 Presence 7651
77 1 3 258 1 197 Absence 323
51 1 4 162 0 166 Absence 8410
76 0 3 127 2 120 Presence 3257
26 1 2 315 1 95 Presence 647
43 1 1 126 2 136 Presence 1621
38 1 1 271 1 174 Presence 1496
66 0 2 210 1 110 Absence 6996
44 0 4 165 2 86 Absence 424
46 0 3 238 2 87 Presence 2526
34 0 3 189 0 188 Presence 7766
26 1 4 318 2 196 Absence 7158
71 0 3 288 1 188 Absence 3639
33 0 3 226 0 130 Presence 7340
51 1 4 279 1 125 Presence 923
71 1 3 286 2 140 Presence 7438
40 1 3 288 1 205 Presence 1633
32 1 1 290 1 123 Presence 6972
65 1 4 156 0 179 Presence 1588
58 0 2 322 0 192 Absence 9174
63 0 2 195 0 71 Presence 6388
39 0 3 188 1 138 Absence 9742
53 1 1 139 2 191 Absence 5514
60 1 1 339 1 91 Absence 1318
48 0 1 195 1 161 Absence 456
31 0 1 237 0 134 Presence 6433
74 1 2 270 1 120 Presence 5479
78 0 2 302 0 104 Absence 5423
67 1 1 292 0 191 Presence 4300
27 1 2 306 0 158 Presence 3735
55 0 2 321 2 71 Presence 9540
63 1 2 313 1 84 Absence 1224
44 0 4 328 1 182 Absence 5262
75 1 1 140 2 118 Presence 3478
47 0 4 231 1 190 Absence 4031
55 0 1 288 2 197 Absence 7845
50 0 2 308 0 208 Absence 255
25 0 3 340 0 162 Presence 4649
61 1 1 153 0 86 Absence 271
36 0 3 287 0 124 Presence 8118
77 1 1 342 0 182 Presence 5763
44 0 3 137 0 190 Presence 9339
46 1 3 316 0 96 Absence 6473
57 1 2 125 0 125 Absence 4084
38 1 1 203 1 131 Absence 8127
51 1 2 246 2 144 Presence 8618
32 1 3 217 0 111 Absence 3906
63 0 3 320 2 182 Absence 4467
30 1 1 261 2 77 Presence 1455
43 1 3 214 2 164 Presence 1765
32 1 3 289 0 117 Presence 1879
76 0 1 201 1 108 Presence 3479
78 1 2 283 0 151 Presence 8486
64 0 3 158 1 171 Presence 2715
58 1 2 177 2 144 Absence 3094
68 0 2 332 1 87 Presence 3311
75 1 2 326 2 164 Presence 1982
77 0 4 182 0 73 Presence 93
28 1 3 216 2 191 Absence 3605
66 0 4 342 1 103 Presence 899
37 1 4 184 2 76 Absence 4960
35 1 4 350 2 105 Presence 6993
29 1 4 314 1 139 Presence 4669
67 0 4 287 2 180 Absence 5439
62 1 1 200 0 150 Presence 1007
25 1 3 135 2 187 Absence 4610
50 0 1 250 0 82 Absence 6689
49 0 2 261 2 132 Absence 6105
59 0 3 322 0 160 Presence 8308
32 1 4 338 0 159 Absence 6298
51 1 2 298 1 97 Presence 5946
33 0 4 162 1 182 Presence 1283
44 1 2 201 0 165 Presence 2494
44 1 4 294 1 105 Presence 5967
26 0 1 174 1 85 Presence 4014
76 0 4 219 2 89 Absence 4411
39 0 1 246 2 110 Absence 490
59 0 3 229 2 77 Presence 6732
43 1 4 263 2 72 Absence 1971
28 1 1 316 0 172 Absence 4566
78 1 3 213 2 206 Absence 6526
54 0 3 330 1 178 Absence 8553
38 1 3 149 0 210 Presence 5897
63 1 1 174 2 166 Presence 2268
58 1 3 130 0 78 Presence 2815
77 0 3 267 0 97 Absence 4264
73 0 4 133 0 89 Absence 8409
76 0 1 171 0 203 Presence 8019
38 0 3 156 1 161 Presence 5650
69 0 1 310 0 102 Absence 5428
28 0 2 192 2 199 Presence 4496
74 0 3 158 2 200 Presence 1353
25 1 3 234 2 142 Absence 51
71 1 3 342 2 73 Absence 6480
61 0 2 269 0 93 Presence 3949
50 0 1 337 0 187 Presence 6028
67 1 2 165 1 177 Absence 2551
73 0 2 275 1 76 Presence 6320
41 0 1 168 0 182 Presence 1805
49 0 1 125 0 118 Presence 3157
45 1 1 195 2 124 Absence 3614
72 1 2 158 0 172 Absence 2644
67 1 1 168 0 107 Absence 7231
37 0 3 188 1 197 Absence 3520
42 1 2 259 2 119 Presence 3710
77 0 4 273 1 209 Presence 3220
66 1 3 215 1 123 Absence 16
57 0 2 191 1 118 Presence 4700
45 0 2 222 1 181 Absence 4451
61 1 3 262 1 82 Absence 9601
73 1 4 300 2 205 Presence 8051
38 1 3 222 0 84 Presence 2804
57 1 3 197 1 203 Absence 4970
62 0 4 183 2 200 Absence 9857
30 0 2 288 2 136 Absence 6104
31 0 4 193 2 110 Presence 9337
38 0 4 322 2 116 Presence 6531
51 0 1 270 1 150 Absence 1281
33 0 3 275 2 106 Absence 9756
64 0 3 266 2 175 Presence 3658
71 0 1 134 0 130 Absence 7188
58 1 1 313 2 100 Absence 4409
38 0 1 165 2 107 Absence 1894
48 0 3 285 0 171 Absence 9745
28 0 4 229 1 190 Absence 1531
73 1 1 248 0 70 Presence 3522
66 1 2 248 2 87 Absence 3218
27 0 2 233 2 91 Presence 6699
68 1 4 254 2 99 Presence 377
37 1 3 262 1 200 Presence 5740
72 0 4 227 1 152 Presence 4816
52 1 2 218 0 158 Presence 4074
71 0 2 204 1 114 Presence 1735
35 0 3 243 0 131 Absence 5991
62 0 1 294 0 162 Absence 3874
36 0 3 123 2 161 Presence 3023
42 0 3 194 0 195 Absence 9525
74 1 2 229 1 175 Presence 839
35 0 3 178 1 178 Absence 5501
65 0 2 138 0 70 Presence 7392
44 1 3 231 0 178 Absence 8867
59 0 4 196 1 154 Absence 5693
76 0 4 251 0 115 Absence 2161
48 1 4 275 1 195 Presence 1816
54 1 1 293 0 146 Presence 1878
72 0 2 140 2 87 Presence 4742
27 0 2 185 1 96 Absence 9572
47 1 4 215 0 98 Presence 7626
71 1 4 257 2 204 Presence 3320
65 1 3 175 1 166 Presence 4005
48 1 3 202 0 176 Absence 4308
29 0 1 137 0 174 Presence 4343
46 0 2 140 2 209 Absence 2411
47 1 1 223 0 96 Presence 1012
41 0 2 286 1 188 Absence 5875
53 1 2 264 0 145 Absence 5619
73 0 4 220 1 92 Absence 8283
53 1 4 197 1 182 Presence 3815
46 1 1 165 1 160 Presence 9744
54 0 4 200 2 115 Presence 4337
45 1 3 325 2 179 Presence 7744
73 0 4 160 2 114 Absence 5694
78 1 4 225 1 110 Absence 1123
41 1 1 260 2 86 Presence 8779
67 0 1 133 1 185 Presence 8986
27 0 3 205 0 178 Presence 9996
52 0 4 146 2 178 Absence 202
67 0 2 149 2 161 Presence 5639
77 0 2 134 1 138 Presence 621
37 0 1 211 1 85 Presence 8108
61 1 1 211 0 173 Presence 8718
43 0 4 317 0 168 Presence 161
27 0 2 147 1 148 Presence 1119
56 0 4 170 2 118 Absence 7533
27 1 3 327 0 71 Absence 9391
79 0 2 174 0 118 Absence 4989
49 1 1 285 0 158 Absence 7679
73 0 2 188 1 208 Presence 7030
27 0 1 328 1 78 Presence 4023
28 1 4 264 2 120 Presence 5561
44 0 2 145 1 172 Absence 9010
35 0 1 190 1 166 Absence 5518
36 0 3 203 2 83 Presence 3753
55 0 4 336 1 159 Absence 3105
31 1 2 193 2 105 Absence 8454
46 1 2 300 1 109 Presence 1828
52 0 1 349 1 166 Presence 4034
47 0 4 336 0 178 Absence 8246
42 1 3 345 2 107 Absence 9175
67 0 3 203 0 99 Presence 3916
51 0 4 159 2 187 Absence 3641
52 0 1 122 2 121 Absence 4528
79 1 3 300 0 98 Absence 1824
50 0 1 169 0 104 Absence 3689
54 1 1 222 0 173 Presence 33
60 1 3 284 2 178 Absence 2615
40 1 4 208 0 176 Absence 5884
64 0 1 199 2 163 Absence 7286
68 1 3 179 2 121 Presence 4243
55 1 2 293 1 204 Absence 7767
69 0 4 187 1 204 Presence 4590
54 1 3 139 2 174 Presence 3461
75 1 4 350 2 79 Presence 460
28 1 3 215 1 114 Presence 8031
52 1 1 290 0 182 Presence 4593
59 0 2 285 0 151 Absence 2659
77 0 2 291 2 184 Absence 3202
37 1 4 180 1 145 Presence 2886
70 1 3 167 1 194 Absence 8044
69 1 1 264 1 158 Absence 5618
61 1 3 246 0 196 Presence 4072
52 1 1 296 0 77 Absence 2404
78 1 2 191 2 123 Absence 6832
34 1 4 150 0 150 Presence 8005
50 0 4 286 1 173 Presence 374
42 0 2 157 0 96 Absence 6401
64 1 4 216 2 196 Presence 3669
75 1 3 125 2 154 Absence 2740
66 1 1 265 1 102 Absence 8859
37 1 3 297 1 154 Presence 7922
33 0 2 325 1 204 Absence 1731
61 0 1 211 0 126 Absence 3008
61 1 4 176 1 165 Absence 1770
52 1 3 183 0 156 Presence 1913
67 1 2 331 2 195 Absence 9676
27 0 3 316 0 72 Absence 1722
45 1 4 152 1 169 Presence 7051
47 1 4 239 1 173 Presence 9516
67 1 3 347 1 161 Absence 1856
43 1 4 155 0 94 Absence 2857
54 1 2 183 0 97 Presence 4395
30 0 2 230 0 179 Absence 9692
58 1 3 244 1 175 Absence 2665
55 0 4 143 0 95 Presence 4776
52 0 2 125 2 135 Presence 5354
74 0 2 202 0 117 Absence 1067
30 1 4 132 0 200 Absence 8757
60 0 4 153 1 126 Absence 7081
55 0 2 163 1 88 Absence 4866
61 1 1 284 2 172 Absence 1262
59 1 1 211 0 96 Absence 5524
58 1 1 198 2 184 Absence 6471
41 0 4 327 2 98 Absence 5418
79 0 3 322 0 143 Absence 1940
31 1 3 225 2 124 Absence 1675
64 0 2 277 2 210 Presence 8640
61 0 1 348 2 95 Absence 2342
34 0 3 224 1 198 Absence 3369
51 1 1 350 2 160 Absence 6733
31 1 4 288 0 70 Presence 1111
77 0 1 144 2 115 Absence 6810
49 0 4 195 2 155 Presence 717
48 0 4 160 1 191 Absence 818
36 0 1 251 0 208 Presence 7761
56 1 3 294 0 96 Absence 3672
72 1 3 270 2 176 Absence 4603
58 1 2 180 0 156 Absence 9644
25 0 1 146 2 79 Presence 4022
45 0 2 337 2 123 Absence 3129
47 0 2 124 2 161 Presence 5036
75 0 1 322 1 169 Presence 1741
59 1 1 230 2 114 Presence 6078
79 0 1 271 0 119 Presence 9919
62 0 1 178 1 117 Absence 4263
52 1 1 179 0 146 Presence 3140
51 0 4 218 2 126 Presence 455
64 1 1 159 1 110 Presence 1504
25 1 2 204 1 119 Presence 365
65 1 4 184 2 78 Absence 4498
27 0 3 148 0 209 Presence 8014
60 1 2 134 0 129 Absence 1015
36 1 3 159 2 185 Presence 9522
54 0 4 162 2 148 Absence 398
41 1 1 285 1 146 Absence 5621
66 0 1 308 1 205 Absence 6561
28 0 3 175 2 163 Absence 6355
41 0 1 161 0 121 Presence 1596
41 1 2 234 2 199 Absence 5665
64 1 1 143 1 118 Presence 5799
55 1 2 201 1 131 Absence 732
54 1 3 304 1 125 Presence 3594
55 1 2 229 0 98 Presence 663
50 0 4 301 2 93 Absence 865
70 0 1 283 1 101 Presence 1910
71 0 4 240 1 125 Absence 5742
70 0 3 121 2 120 Absence 938
78 1 3 131 1 143 Presence 6709
25 0 4 266 0 91 Absence 6839
41 0 1 228 1 129 Presence 6548
34 0 2 153 2 201 Absence 9510
73 1 2 179 1 110 Presence 3002
38 0 1 166 0 196 Absence 5171
72 1 3 250 1 114 Presence 9218
26 0 4 121 1 205 Absence 2323
35 0 2 214 0 197 Absence 4297
60 0 3 347 2 108 Presence 3203
35 0 3 195 0 158 Absence 4060
39 0 4 294 2 138 Presence 1831
70 1 2 180 1 205 Absence 633
61 1 1 221 1 76 Absence 1434
40 1 2 277 1 183 Absence 1542
51 1 2 339 2 83 Presence 4605
63 1 1 140 0 90 Absence 9845
77 1 2 157 2 176 Presence 4996
44 0 4 337 2 117 Absence 9300
52 1 2 156 1 203 Absence 3619
43 0 2 222 0 153 Absence 497
46 1 1 262 2 90 Presence 8833
58 1 4 283 1 156 Presence 9407
54 0 2 345 2 149 Presence 8526
65 0 1 132 2 156 Presence 4880
76 1 2 283 2 101 Absence 8373
39 1 2 308 2 96 Presence 3171
76 1 3 234 2 133 Presence 8820
50 1 1 159 0 181 Presence 3580
31 1 3 315 0 87 Absence 5652
56 0 1 339 1 183 Absence 2956
50 1 3 283 0 193 Presence 7163
25 0 1 235 1 115 Presence 5587
69 1 2 270 0 202 Absence 8372
78 1 3 221 1 200 Presence 6113
56 1 3 186 2 177 Presence 6895
33 0 3 341 0 143 Presence 4573
74 0 1 243 2 143 Absence 190
25 1 3 272 2 82 Presence 2460
61 0 1 343 1 72 Presence 8413
53 1 1 326 2 154 Presence 7251
72 0 3 239 2 171 Presence 7116
32 0 4 254 0 126 Absence 3974
51 0 2 178 0 88 Absence 8650
74 1 2 283 2 107 Presence 3188
70 1 2 323 0 192 Absence 4832
43 1 3 175 1 132 Presence 3499
48 1 1 147 2 172 Absence 658
34 0 1 295 2 125 Absence 444
49 0 2 296 0 158 Presence 5515
77 1 2 221 1 179 Presence 5885
52 1 4 158 2 163 Absence 2521
73 1 4 235 2 93 Absence 8123
47 1 3 132 0 112 Absence 3255
36 1 3 331 1 84 Presence 2022
54 0 3 195 2 79 Absence 1391
45 0 1 121 2 89 Presence 8009
26 1 1 264 0 81 Absence 1292
60 1 1 245 2 151 Presence 6905
49 1 3 186 2 136 Presence 9977
46 0 4 185 1 122 Absence 7927
76 1 4 232 2 195 Absence 1081
46 1 3 279 2 130 Absence 8468
68 0 1 301 0 137 Absence 3929
66 0 4 284 1 108 Absence 7047
73 0 3 239 2 96 Absence 9427
51 1 1 215 2 173 Presence 3886
64 1 3 153 0 154 Absence 7
78 0 4 313 1 120 Presence 1493
56 1 2 332 1 184 Presence 7895
72 0 3 226 0 148 Presence 9117
65 1 3 171 0 149 Presence 9496
48 1 2 317 0 196 Absence 950
64 0 4 285 1 113 Presence 1523
73 1 3 165 2 172 Absence 1054
69 1 2 226 0 181 Presence 9691
39 0 2 165 2 99 Presence 558
57 1 1 305 0 191 Presence 9280
32 0 4 308 2 95 Presence 9054
30 0 2 270 2 105 Presence 9732
65 1 3 211 0 157 Absence 7088
38 0 3 246 2 102 Absence 9897
71 1 3 148 1 127 Absence 5361
47 0 1 324 0 99 Presence 5193
75 0 2 276 0 77 Presence 3896
42 0 2 154 0 96 Presence 2606
49 1 4 249 1 190 Presence 8522
32 0 2 236 1 98 Presence 8860
32 1 2 287 2 101 Absence 8253
30 0 3 164 1 106 Absence 9768
38 1 1 249 0 123 Absence 3852
27 0 2 285 1 200 Presence 7583
62 0 2 339 2 132 Absence 8398
40 1 3 166 1 194 Absence 2745
77 1 2 145 0 131 Absence 4653
55 0 2 201 2 132 Presence 201
52 0 4 220 2 207 Absence 4857
75 0 4 195 1 88 Presence 9787
62 1 4 271 1 159 Absence 597
48 1 1 344 0 160 Presence 3633
78 1 3 321 1 192 Presence 8507
25 1 3 131 2 79 Absence 744
54 1 3 206 1 104 Absence 9781
33 1 4 162 2 72 Absence 3161
39 0 3 166 1 89 Absence 6586
75 1 2 246 2 186 Absence 4559
78 0 2 193 2 125 Absence 590
42 1 1 218 2 131 Presence 1095
63 0 1 201 0 76 Absence 6282
56 0 4 327 2 170 Presence 6088
51 0 2 142 1 101 Presence 7945
36 1 4 248 2 207 Absence 8807
53 1 4 339 0 132 Absence 3682
69 0 2 237 2 195 Presence 2869
30 0 1 235 0 150 Absence 2547
66 1 4 134 1 180 Absence 7347
79 0 3 172 0 104 Presence 7161
79 0 1 224 2 87 Absence 6989
26 1 3 222 2 156 Absence 1993
64 0 3 124 1 201 Absence 8466
40 0 1 295 0 208 Presence 5113
75 0 4 212 0 195 Absence 7849
61 1 4 200 0 138 Absence 9027
66 0 3 242 2 143 Presence 3728
63 0 4 184 0 137 Absence 7647
74 1 3 319 0 101 Presence 344
77 0 1 252 1 79 Absence 7423
63 0 2 215 2 98 Absence 3675
72 1 1 130 1 165 Presence 4027
62 0 4 312 0 194 Presence 6034
46 0 4 246 1 168 Absence 1599
32 1 2 292 0 194 Absence 8910
43 0 2 165 1 206 Absence 1454
50 1 1 324 0 98 Presence 4582
67 1 2 151 0 180 Absence 9182
42 0 4 161 1 86 Presence 2397
60 1 4 169 0 184 Absence 8054
78 0 1 188 1 99 Absence 6616
41 0 2 321 0 98 Absence 6506
29 0 2 296 1 187 Absence 4144
51 0 4 274 2 91 Presence 2607
34 0 3 123 1 190 Absence 4104
31 1 2 141 1 116 Absence 3472
38 1 1 271 2 126 Absence 1459
60 1 1 218 1 152 Absence 6909
31 1 2 307 2 208 Presence 8824
45 0 1 158 1 185 Presence 2861
66 0 3 152 2 138 Presence 3579
39 1 2 143 0 106 Absence 5273
30 1 1 128 1 93 Presence 4069
41 0 2 219 1 186 Presence 9083
70 0 4 225 1 125 Presence 184
42 0 4 332 2 106 Absence 7911
76 0 3 190 1 189 Absence 8613
50 0 4 314 1 145 Presence 9908
69 0 2 215 1 111 Absence 5179
76 1 1 287 2 95 Absence 6788
57 0 1 228 1 154 Absence 3994
76 1 2 190 2 105 Presence 2788
63 0 1 216 1 142 Presence 1503
53 1 2 162 1 135 Absence 7446
72 1 4 194 2 105 Presence 4188
56 0 2 285 1 110 Presence 1992
42 1 3 349 1 158 Presence 6482
36 0 2 337 0 143 Absence 3368
56 1 4 281 2 165 Absence 2362
67 1 1 237 0 200 Presence 9417
78 1 4 235 1 167 Presence 350
55 1 2 328 2 90 Presence 5275
39 1 2 206 2 142 Absence 7683
45 0 2 277 1 115 Absence 3889
60 1 2 159 1 83 Absence 2891
37 0 4 232 0 144 Presence 4547
52 1 2 152 0 197 Presence 4159
29 1 4 242 2 182 Absence 6926
61 1 4 334 1 166 Presence 4078
74 0 3 155 1 154 Presence 4683
73 1 2 260 2 161 Presence 9875
43 0 1 268 2 109 Absence 1491
73 0 2 343 1 158 Presence 4708
53 0 2 314 0 127 Absence 2676
25 1 4 217 1 125 Absence 4398
75 0 4 293 2 152 Presence 6859
54 1 1 275 1 106 Presence 5364
28 0 1 127 1 168 Presence 5725
62 0 2 217 2 84 Presence 3548
71 0 4 126 0 71 Absence 3828
29 1 3 204 1 89 Presence 6538
79 0 4 194 0 136 Presence 6297
68 1 4 175 2 105 Absence 6775
66 1 4 218 1 196 Presence 5294
62 0 3 274 0 88 Presence 4688
40 0 4 165 2 133 Presence 3581
43 1 3 148 0 207 Absence 9556
33 0 3 329 0 128 Absence 8976
25 0 1 248 1 87 Presence 8918
42 0 2 221 0 119 Presence 2566
46 1 1 294 2 76 Absence 8543
47 1 2 136 2 114 Presence 8814
39 0 1 290 1 90 Presence 8796
78 1 2 120 2 79 Presence 6306
25 1 2 322 0 120 Presence 7451
27 1 4 151 1 116 Absence 585
42 1 1 282 1 82 Absence 7975
41 0 1 286 1 93 Presence 6923
62 0 4 322 2 100 Presence 573
46 1 1 163 2 166 Presence 5444
36 0 2 179 2 165 Absence 5215
57 1 3 184 1 179 Presence 3485
76 1 2 288 0 119 Absence 4214
52 1 3 319 0 106 Presence 4406
60 1 2 330 2 124 Presence 6904
72 1 4 261 2 78 Absence 5452
73 1 1 334 1 179 Absence 7645
56 0 3 134 2 172 Absence 2487
75 0 4 321 2 196 Presence 6108
71 1 3 187 2 169 Presence 1053
25 0 4 155 1 136 Presence 8711
57 1 3 173 0 84 Absence 8685
54 0 2 196 1 189 Presence 3413
43 0 2 270 2 167 Presence 5768
33 1 1 226 0 179 Absence 3430
33 0 2 206 0 202 Presence 7131
70 0 1 287 0 160 Presence 1698
59 1 2 268 1 86 Absence 9554
60 0 4 232 0 193 Presence 4611
34 1 3 161 1 111 Absence 3723
62 1 2 278 0 101 Presence 4614
47 0 1 218 1 125 Presence 6059
77 0 3 334 1 181 Absence 1887
72 1 1 213 0 176 Presence 777
51 0 4 327 2 121 Presence 7027
57 1 3 158 1 147 Presence 728
78 1 3 187 0 157 Absence 7265
30 1 3 341 0 73 Presence 6646
